key,source,environment,kind,runtime,browser,thread,version,suite,op,id,path,impl,binding,strategy,ownership,variant,size,payload_kind,payload_bytes,payload_count,isolation,run_count,run1_ns,run2_ns,run3_ns,median_ns,min_run_ns,max_run_ns,spread,stability,divergent,official
2026-09-29T10-24-40-196Z/node/case/noop/ts,2026-09-29T10-24-40-196Z,node,runtime,node,,,v24.21.0,boundary,noop,noop/ts,ts,ts,none,,,,,,,,case,3,0.5470790537510859,0.5459728786330916,0.5459849068633666,0.5459849068633666,0.5459728786330916,0.5470790537510859,0.0020260177599947644,stable,false,true
2026-09-29T10-24-40-196Z/node/runtime/noop/ts,2026-09-29T10-24-40-196Z,node,runtime,node,,,v24.21.0,boundary,noop,noop/ts,ts,ts,none,,,,,,,,runtime,3,0.5469363617439889,0.5459902362593265,0.5459659558163175,0.5459902362593265,0.5459659558163175,0.5469363617439889,0.0017773320166305727,stable,false,true
2026-09-29T10-24-40-196Z/node/case/noop/napi,2026-09-29T10-24-40-196Z,node,runtime,node,,,v24.21.0,boundary,noop,noop/napi,napi,napi,node-api,,,,,,,,case,3,13.08415363521506,12.999910465880259,13.088019446346909,13.08415363521506,12.999910465880259,13.088019446346909,0.006734022155587593,stable,false,true
2026-09-29T10-24-40-196Z/node/runtime/noop/napi,2026-09-29T10-24-40-196Z,node,runtime,node,,,v24.21.0,boundary,noop,noop/napi,napi,napi,node-api,,,,,,,,runtime,3,13.147295969303327,13.084011144637962,13.084527184094632,13.084527184094632,13.084011144637962,13.147295969303327,0.004836615322431591,stable,false,true
2026-09-29T10-24-40-196Z/node/case/noop/wasm.inlineable,2026-09-29T10-24-40-196Z,node,runtime,node,,,v24.21.0,boundary,noop,noop/wasm.inlineable,wasm.inlineable,wasm,WebAssembly,inlineable,,,,,,,case,3,0.5469917964030783,0.5472954551536919,0.5459685973688034,0.5469917964030783,0.5459685973688034,0.5472954551536919,0.0024257361693789292,stable,false,true
2026-09-29T10-24-40-196Z/node/runtime/noop/wasm.inlineable,2026-09-29T10-24-40-196Z,node,runtime,node,,,v24.21.0,boundary,noop,noop/wasm.inlineable,wasm.inlineable,wasm,WebAssembly,inlineable,,,,,,,runtime,3,0.5471631375898887,0.546063581676123,0.5458958266491912,0.546063581676123,0.5458958266491912,0.5471631375898887,0.002320812050507862,stable,false,true
2026-09-29T10-24-40-196Z/node/case/noop/wasm.no-inline,2026-09-29T10-24-40-196Z,node,runtime,node,,,v24.21.0,boundary,noop,noop/wasm.no-inline,wasm.no-inline,wasm,WebAssembly,no-inline,,,,,,,case,3,5.803517048193874,5.788973498378498,5.802882971649868,5.802882971649868,5.788973498378498,5.803517048193874,0.0025062628156433567,stable,false,true
2026-09-29T10-24-40-196Z/node/runtime/noop/wasm.no-inline,2026-09-29T10-24-40-196Z,node,runtime,node,,,v24.21.0,boundary,noop,noop/wasm.no-inline,wasm.no-inline,wasm,WebAssembly,no-inline,,,,,,,runtime,3,5.79325322598744,5.789312988384862,5.8044858528520376,5.79325322598744,5.789312988384862,5.8044858528520376,0.0026190576995863395,stable,false,true
2026-09-29T10-24-40-196Z/node/case/add_i32/ts,2026-09-29T10-24-40-196Z,node,runtime,node,,,v24.21.0,boundary,add_i32,add_i32/ts,ts,ts,none,,,,,,,,case,3,0.5518008320179049,0.5504615179677016,0.55038961312835,0.5504615179677016,0.55038961312835,0.5518008320179049,0.0025637012642865066,stable,false,true
2026-09-29T10-24-40-196Z/node/runtime/add_i32/ts,2026-09-29T10-24-40-196Z,node,runtime,node,,,v24.21.0,boundary,add_i32,add_i32/ts,ts,ts,none,,,,,,,,runtime,3,0.5515741619666861,0.5506799627744947,0.5502229043370618,0.5506799627744947,0.5502229043370618,0.5515741619666861,0.002453798432788876,stable,false,true
2026-09-29T10-24-40-196Z/node/case/add_i32/napi,2026-09-29T10-24-40-196Z,node,runtime,node,,,v24.21.0,boundary,add_i32,add_i32/napi,napi,napi,node-api,,,,,,,,case,3,36.90797724456801,38.12540380154775,37.8033936406324,37.8033936406324,36.90797724456801,38.12540380154775,0.032204160519366865,stable,false,true
2026-09-29T10-24-40-196Z/node/runtime/add_i32/napi,2026-09-29T10-24-40-196Z,node,runtime,node,,,v24.21.0,boundary,add_i32,add_i32/napi,napi,napi,node-api,,,,,,,,runtime,3,37.04994127933255,37.3011975801704,37.08891428782111,37.08891428782111,37.04994127933255,37.3011975801704,0.006774431273129965,stable,false,true
2026-09-29T10-24-40-196Z/node/case/add_i32/wasm.inlineable,2026-09-29T10-24-40-196Z,node,runtime,node,,,v24.21.0,boundary,add_i32,add_i32/wasm.inlineable,wasm.inlineable,wasm,WebAssembly,inlineable,,,,,,,case,3,2.8694856791493626,3.0676915523566475,2.9998439098093206,2.9998439098093206,2.8694856791493626,3.0676915523566475,0.06607206213602076,unstable,false,true
2026-09-29T10-24-40-196Z/node/runtime/add_i32/wasm.inlineable,2026-09-29T10-24-40-196Z,node,runtime,node,,,v24.21.0,boundary,add_i32,add_i32/wasm.inlineable,wasm.inlineable,wasm,WebAssembly,inlineable,,,,,,,runtime,3,2.9700949920709387,3.050053170373352,3.064927375541211,3.050053170373352,2.9700949920709387,3.064927375541211,0.031092042719591,stable,false,true
2026-09-29T10-24-40-196Z/node/case/add_i32/wasm.no-inline,2026-09-29T10-24-40-196Z,node,runtime,node,,,v24.21.0,boundary,add_i32,add_i32/wasm.no-inline,wasm.no-inline,wasm,WebAssembly,no-inline,,,,,,,case,3,6.5345079141156965,6.456398486749534,6.501927725874605,6.501927725874605,6.456398486749534,6.5345079141156965,0.012013272164703364,stable,false,true
2026-09-29T10-24-40-196Z/node/runtime/add_i32/wasm.no-inline,2026-09-29T10-24-40-196Z,node,runtime,node,,,v24.21.0,boundary,add_i32,add_i32/wasm.no-inline,wasm.no-inline,wasm,WebAssembly,no-inline,,,,,,,runtime,3,6.513331424583505,6.5522843941749285,6.513950457634575,6.513950457634575,6.513331424583505,6.5522843941749285,0.005979930281135163,stable,false,true
2026-09-29T10-24-40-196Z/node/case/sum_i32/ts/1,2026-09-29T10-24-40-196Z,node,runtime,node,,,v24.21.0,boundary,sum_i32,sum_i32/ts/1,ts,ts,none,,,,1,int32array,4,,case,3,3.2758100829557995,3.276010801367981,3.276539725580224,3.276010801367981,3.2758100829557995,3.276539725580224,0.00022272289948490454,stable,false,true
2026-09-29T10-24-40-196Z/node/runtime/sum_i32/ts/1,2026-09-29T10-24-40-196Z,node,runtime,node,,,v24.21.0,boundary,sum_i32,sum_i32/ts/1,ts,ts,none,,,,1,int32array,4,,runtime,3,3.2835566335503175,3.280900089342551,3.2753044469029016,3.280900089342551,3.2753044469029016,3.2835566335503175,0.002515220342802186,stable,false,true
2026-09-29T10-24-40-196Z/node/case/sum_i32/napi/1,2026-09-29T10-24-40-196Z,node,runtime,node,,,v24.21.0,boundary,sum_i32,sum_i32/napi/1,napi,napi,node-api,,,,1,int32array,4,,case,3,76.9419715706899,78.8173838976492,78.72065167222893,78.72065167222893,76.9419715706899,78.8173838976492,0.02382363823368729,stable,false,true
2026-09-29T10-24-40-196Z/node/runtime/sum_i32/napi/1,2026-09-29T10-24-40-196Z,node,runtime,node,,,v24.21.0,boundary,sum_i32,sum_i32/napi/1,napi,napi,node-api,,,,1,int32array,4,,runtime,3,76.35153837575515,77.55177252759364,76.9378150520171,76.9378150520171,76.35153837575515,77.55177252759364,0.015600055070799932,stable,false,true
2026-09-29T10-24-40-196Z/node/case/sum_i32/wasm.copy/1,2026-09-29T10-24-40-196Z,node,runtime,node,,,v24.21.0,boundary,sum_i32,sum_i32/wasm.copy/1,wasm.copy,wasm,WebAssembly,copy,js-to-wasm-memory-copy,,1,int32array,4,,case,3,20.951737521494508,23.285347881309562,21.58405267879829,21.58405267879829,20.951737521494508,23.285347881309562,0.10811733989638224,unstable,false,true
2026-09-29T10-24-40-196Z/node/runtime/sum_i32/wasm.copy/1,2026-09-29T10-24-40-196Z,node,runtime,node,,,v24.21.0,boundary,sum_i32,sum_i32/wasm.copy/1,wasm.copy,wasm,WebAssembly,copy,js-to-wasm-memory-copy,,1,int32array,4,,runtime,3,21.674328585541648,22.59428886601326,21.170912570726898,21.674328585541648,21.170912570726898,22.59428886601326,0.06567106748745422,unstable,false,true
2026-09-29T10-24-40-196Z/node/case/sum_i32/wasm.resident/1,2026-09-29T10-24-40-196Z,node,runtime,node,,,v24.21.0,boundary,sum_i32,sum_i32/wasm.resident/1,wasm.resident,wasm,WebAssembly,resident,wasm-memory-resident,,1,int32array,4,,case,3,5.227227958188642,5.284205676095796,5.402984023142572,5.284205676095796,5.227227958188642,5.402984023142572,0.033260640430594735,stable,false,true
2026-09-29T10-24-40-196Z/node/runtime/sum_i32/wasm.resident/1,2026-09-29T10-24-40-196Z,node,runtime,node,,,v24.21.0,boundary,sum_i32,sum_i32/wasm.resident/1,wasm.resident,wasm,WebAssembly,resident,wasm-memory-resident,,1,int32array,4,,runtime,3,5.177467419068967,5.949934575879324,5.1794286276023715,5.1794286276023715,5.177467419068967,5.949934575879324,0.14914138457159165,unstable,false,true
2026-09-29T10-24-40-196Z/node/case/sum_i32/wasm.simd128.copy/1,2026-09-29T10-24-40-196Z,node,runtime,node,,,v24.21.0,boundary,sum_i32,sum_i32/wasm.simd128.copy/1,wasm.simd128.copy,wasm,WebAssembly+simd128,copy,js-to-wasm-memory-copy,,1,int32array,4,,case,3,21.250363330465625,22.034266285848073,21.37405278313254,21.37405278313254,21.250363330465625,22.034266285848073,0.036675447718603454,stable,false,true
2026-09-29T10-24-40-196Z/node/runtime/sum_i32/wasm.simd128.copy/1,2026-09-29T10-24-40-196Z,node,runtime,node,,,v24.21.0,boundary,sum_i32,sum_i32/wasm.simd128.copy/1,wasm.simd128.copy,wasm,WebAssembly+simd128,copy,js-to-wasm-memory-copy,,1,int32array,4,,runtime,3,21.2905286871495,22.493603787886656,21.100600659270764,21.2905286871495,21.100600659270764,22.493603787886656,0.06542830143324144,unstable,false,true
2026-09-29T10-24-40-196Z/node/case/sum_i32/wasm.simd128.resident/1,2026-09-29T10-24-40-196Z,node,runtime,node,,,v24.21.0,boundary,sum_i32,sum_i32/wasm.simd128.resident/1,wasm.simd128.resident,wasm,WebAssembly+simd128,resident,wasm-memory-resident,,1,int32array,4,,case,3,5.901141928827003,5.730035257246547,5.4009092438362,5.730035257246547,5.4009092438362,5.901141928827003,0.08730010593882104,unstable,false,true
2026-09-29T10-24-40-196Z/node/runtime/sum_i32/wasm.simd128.resident/1,2026-09-29T10-24-40-196Z,node,runtime,node,,,v24.21.0,boundary,sum_i32,sum_i32/wasm.simd128.resident/1,wasm.simd128.resident,wasm,WebAssembly+simd128,resident,wasm-memory-resident,,1,int32array,4,,runtime,3,5.274370037763319,5.403450020270727,5.207178262420344,5.274370037763319,5.207178262420344,5.403450020270727,0.03721236023356733,stable,false,true
2026-09-29T10-24-40-196Z/node/case/sum_i32/ts/10,2026-09-29T10-24-40-196Z,node,runtime,node,,,v24.21.0,boundary,sum_i32,sum_i32/ts/10,ts,ts,none,,,,10,int32array,40,,case,3,13.572770270363467,13.63993102381005,13.685181252181016,13.63993102381005,13.572770270363467,13.685181252181016,0.008241316002355333,stable,false,true
2026-09-29T10-24-40-196Z/node/runtime/sum_i32/ts/10,2026-09-29T10-24-40-196Z,node,runtime,node,,,v24.21.0,boundary,sum_i32,sum_i32/ts/10,ts,ts,none,,,,10,int32array,40,,runtime,3,13.716185735477708,13.678154196368087,13.627153939379024,13.678154196368087,13.627153939379024,13.716185735477708,0.006509050477170705,stable,false,true
2026-09-29T10-24-40-196Z/node/case/sum_i32/napi/10,2026-09-29T10-24-40-196Z,node,runtime,node,,,v24.21.0,boundary,sum_i32,sum_i32/napi/10,napi,napi,node-api,,,,10,int32array,40,,case,3,79.6865135114549,82.63179601433717,82.24920243044986,82.24920243044986,79.6865135114549,82.63179601433717,0.03580925304865787,stable,false,true
2026-09-29T10-24-40-196Z/node/runtime/sum_i32/napi/10,2026-09-29T10-24-40-196Z,node,runtime,node,,,v24.21.0,boundary,sum_i32,sum_i32/napi/10,napi,napi,node-api,,,,10,int32array,40,,runtime,3,78.94482001897074,81.52358968788471,77.67094062295557,78.94482001897074,77.67094062295557,81.52358968788471,0.048801796799376226,stable,false,true
2026-09-29T10-24-40-196Z/node/case/sum_i32/wasm.copy/10,2026-09-29T10-24-40-196Z,node,runtime,node,,,v24.21.0,boundary,sum_i32,sum_i32/wasm.copy/10,wasm.copy,wasm,WebAssembly,copy,js-to-wasm-memory-copy,,10,int32array,40,,case,3,22.532817176072676,22.20229445593411,21.547916913062714,22.20229445593411,21.547916913062714,22.532817176072676,0.04436029190427763,stable,false,true
2026-09-29T10-24-40-196Z/node/runtime/sum_i32/wasm.copy/10,2026-09-29T10-24-40-196Z,node,runtime,node,,,v24.21.0,boundary,sum_i32,sum_i32/wasm.copy/10,wasm.copy,wasm,WebAssembly,copy,js-to-wasm-memory-copy,,10,int32array,40,,runtime,3,21.658638177880242,21.84943749342866,21.96627536896791,21.84943749342866,21.658638177880242,21.96627536896791,0.014079867785163425,stable,false,true
2026-09-29T10-24-40-196Z/node/case/sum_i32/wasm.resident/10,2026-09-29T10-24-40-196Z,node,runtime,node,,,v24.21.0,boundary,sum_i32,sum_i32/wasm.resident/10,wasm.resident,wasm,WebAssembly,resident,wasm-memory-resident,,10,int32array,40,,case,3,7.286456368891719,7.311463913598494,7.291033996595999,7.291033996595999,7.286456368891719,7.311463913598494,0.003429903730863105,stable,false,true
2026-09-29T10-24-40-196Z/node/runtime/sum_i32/wasm.resident/10,2026-09-29T10-24-40-196Z,node,runtime,node,,,v24.21.0,boundary,sum_i32,sum_i32/wasm.resident/10,wasm.resident,wasm,WebAssembly,resident,wasm-memory-resident,,10,int32array,40,,runtime,3,7.304681316065414,7.301529739161454,7.3158492000124244,7.304681316065414,7.301529739161454,7.3158492000124244,0.0019603128776442317,stable,false,true
2026-09-29T10-24-40-196Z/node/case/sum_i32/wasm.simd128.copy/10,2026-09-29T10-24-40-196Z,node,runtime,node,,,v24.21.0,boundary,sum_i32,sum_i32/wasm.simd128.copy/10,wasm.simd128.copy,wasm,WebAssembly+simd128,copy,js-to-wasm-memory-copy,,10,int32array,40,,case,3,22.585294825925416,22.288534549485945,23.18639233780569,22.585294825925416,22.288534549485945,23.18639233780569,0.03975408757069235,stable,false,true
2026-09-29T10-24-40-196Z/node/runtime/sum_i32/wasm.simd128.copy/10,2026-09-29T10-24-40-196Z,node,runtime,node,,,v24.21.0,boundary,sum_i32,sum_i32/wasm.simd128.copy/10,wasm.simd128.copy,wasm,WebAssembly+simd128,copy,js-to-wasm-memory-copy,,10,int32array,40,,runtime,3,23.44862689338438,23.52834981749676,23.410033546991542,23.44862689338438,23.410033546991542,23.52834981749676,0.005045765410621941,stable,false,true
2026-09-29T10-24-40-196Z/node/case/sum_i32/wasm.simd128.resident/10,2026-09-29T10-24-40-196Z,node,runtime,node,,,v24.21.0,boundary,sum_i32,sum_i32/wasm.simd128.resident/10,wasm.simd128.resident,wasm,WebAssembly+simd128,resident,wasm-memory-resident,,10,int32array,40,,case,3,6.792682836572798,6.632500745373326,7.201845705205802,6.792682836572798,6.632500745373326,7.201845705205802,0.0838173919687578,unstable,false,true
2026-09-29T10-24-40-196Z/node/runtime/sum_i32/wasm.simd128.resident/10,2026-09-29T10-24-40-196Z,node,runtime,node,,,v24.21.0,boundary,sum_i32,sum_i32/wasm.simd128.resident/10,wasm.simd128.resident,wasm,WebAssembly+simd128,resident,wasm-memory-resident,,10,int32array,40,,runtime,3,6.494737288813372,6.454196197886652,6.51015437292588,6.494737288813372,6.454196197886652,6.51015437292588,0.008615925872107423,stable,false,true
2026-09-29T10-24-40-196Z/node/case/sum_i32/ts/100,2026-09-29T10-24-40-196Z,node,runtime,node,,,v24.21.0,boundary,sum_i32,sum_i32/ts/100,ts,ts,none,,,,100,int32array,400,,case,3,129.55014254184294,128.59628239172235,128.9194016845774,128.9194016845774,128.59628239172235,129.55014254184294,0.007398887503793779,stable,false,true
2026-09-29T10-24-40-196Z/node/runtime/sum_i32/ts/100,2026-09-29T10-24-40-196Z,node,runtime,node,,,v24.21.0,boundary,sum_i32,sum_i32/ts/100,ts,ts,none,,,,100,int32array,400,,runtime,3,128.7277272346809,128.84614044371023,128.80227439236,128.80227439236,128.7277272346809,128.84614044371023,0.0009193409789380012,stable,false,true
2026-09-29T10-24-40-196Z/node/case/sum_i32/napi/100,2026-09-29T10-24-40-196Z,node,runtime,node,,,v24.21.0,boundary,sum_i32,sum_i32/napi/100,napi,napi,node-api,,,,100,int32array,400,,case,3,91.268926644105,92.52514333015083,93.60734126984127,92.52514333015083,91.268926644105,93.60734126984127,0.025273288336255587,stable,false,true
2026-09-29T10-24-40-196Z/node/runtime/sum_i32/napi/100,2026-09-29T10-24-40-196Z,node,runtime,node,,,v24.21.0,boundary,sum_i32,sum_i32/napi/100,napi,napi,node-api,,,,100,int32array,400,,runtime,3,90.7103938814877,90.93453741245852,92.7895955071508,90.93453741245852,90.7103938814877,92.7895955071508,0.02286481775601182,stable,false,true
2026-09-29T10-24-40-196Z/node/case/sum_i32/wasm.copy/100,2026-09-29T10-24-40-196Z,node,runtime,node,,,v24.21.0,boundary,sum_i32,sum_i32/wasm.copy/100,wasm.copy,wasm,WebAssembly,copy,js-to-wasm-memory-copy,,100,int32array,400,,case,3,60.16653136575745,60.1461601297339,61.19618685211121,60.16653136575745,60.1461601297339,61.19618685211121,0.017452006930466196,stable,false,true
2026-09-29T10-24-40-196Z/node/runtime/sum_i32/wasm.copy/100,2026-09-29T10-24-40-196Z,node,runtime,node,,,v24.21.0,boundary,sum_i32,sum_i32/wasm.copy/100,wasm.copy,wasm,WebAssembly,copy,js-to-wasm-memory-copy,,100,int32array,400,,runtime,3,60.67369798625113,60.294807658093674,60.127348577098275,60.294807658093674,60.127348577098275,60.67369798625113,0.009061301136425698,stable,false,true
2026-09-29T10-24-40-196Z/node/case/sum_i32/wasm.resident/100,2026-09-29T10-24-40-196Z,node,runtime,node,,,v24.21.0,boundary,sum_i32,sum_i32/wasm.resident/100,wasm.resident,wasm,WebAssembly,resident,wasm-memory-resident,,100,int32array,400,,case,3,40.20482611609974,40.17438848482386,40.35730047071235,40.20482611609974,40.17438848482386,40.35730047071235,0.004549503220342229,stable,false,true
2026-09-29T10-24-40-196Z/node/runtime/sum_i32/wasm.resident/100,2026-09-29T10-24-40-196Z,node,runtime,node,,,v24.21.0,boundary,sum_i32,sum_i32/wasm.resident/100,wasm.resident,wasm,WebAssembly,resident,wasm-memory-resident,,100,int32array,400,,runtime,3,40.34436168003242,40.26734324577012,40.25254831943768,40.26734324577012,40.25254831943768,40.34436168003242,0.002280094816148227,stable,false,true
2026-09-29T10-24-40-196Z/node/case/sum_i32/wasm.simd128.copy/100,2026-09-29T10-24-40-196Z,node,runtime,node,,,v24.21.0,boundary,sum_i32,sum_i32/wasm.simd128.copy/100,wasm.simd128.copy,wasm,WebAssembly+simd128,copy,js-to-wasm-memory-copy,,100,int32array,400,,case,3,31.899378776926184,32.25594068948159,31.926090394307028,31.926090394307028,31.899378776926184,32.25594068948159,0.011168355039769843,stable,false,true
2026-09-29T10-24-40-196Z/node/runtime/sum_i32/wasm.simd128.copy/100,2026-09-29T10-24-40-196Z,node,runtime,node,,,v24.21.0,boundary,sum_i32,sum_i32/wasm.simd128.copy/100,wasm.simd128.copy,wasm,WebAssembly+simd128,copy,js-to-wasm-memory-copy,,100,int32array,400,,runtime,3,31.9468439122318,31.81036894006214,31.88170519683132,31.88170519683132,31.81036894006214,31.9468439122318,0.004280667276956767,stable,false,true
2026-09-29T10-24-40-196Z/node/case/sum_i32/wasm.simd128.resident/100,2026-09-29T10-24-40-196Z,node,runtime,node,,,v24.21.0,boundary,sum_i32,sum_i32/wasm.simd128.resident/100,wasm.simd128.resident,wasm,WebAssembly+simd128,resident,wasm-memory-resident,,100,int32array,400,,case,3,13.644790458995885,13.660307971485185,13.632711190031737,13.644790458995885,13.632711190031737,13.660307971485185,0.002022514126279914,stable,false,true
2026-09-29T10-24-40-196Z/node/runtime/sum_i32/wasm.simd128.resident/100,2026-09-29T10-24-40-196Z,node,runtime,node,,,v24.21.0,boundary,sum_i32,sum_i32/wasm.simd128.resident/100,wasm.simd128.resident,wasm,WebAssembly+simd128,resident,wasm-memory-resident,,100,int32array,400,,runtime,3,13.219761527872,13.199646867972804,13.198778838478134,13.199646867972804,13.198778838478134,13.219761527872,0.001589640208086037,stable,false,true
2026-09-29T10-24-40-196Z/node/case/sum_i32/ts/1000,2026-09-29T10-24-40-196Z,node,runtime,node,,,v24.21.0,boundary,sum_i32,sum_i32/ts/1000,ts,ts,none,,,,1000,int32array,4000,,case,3,1112.8660298229265,1121.0818604651163,1111.679003724395,1112.8660298229265,1111.679003724395,1121.0818604651163,0.008449226132113517,stable,false,true
2026-09-29T10-24-40-196Z/node/runtime/sum_i32/ts/1000,2026-09-29T10-24-40-196Z,node,runtime,node,,,v24.21.0,boundary,sum_i32,sum_i32/ts/1000,ts,ts,none,,,,1000,int32array,4000,,runtime,3,1114.995680044593,1113.038164331777,1113.235587089594,1113.235587089594,1113.038164331777,1114.995680044593,0.0017584020269543657,stable,false,true
2026-09-29T10-24-40-196Z/node/case/sum_i32/napi/1000,2026-09-29T10-24-40-196Z,node,runtime,node,,,v24.21.0,boundary,sum_i32,sum_i32/napi/1000,napi,napi,node-api,,,,1000,int32array,4000,,case,3,149.1691026902887,147.89070888531802,150.96421917078976,149.1691026902887,147.89070888531802,150.96421917078976,0.020604201741784928,stable,false,true
2026-09-29T10-24-40-196Z/node/runtime/sum_i32/napi/1000,2026-09-29T10-24-40-196Z,node,runtime,node,,,v24.21.0,boundary,sum_i32,sum_i32/napi/1000,napi,napi,node-api,,,,1000,int32array,4000,,runtime,3,147.752926220136,149.04331326976111,147.55521113801086,147.752926220136,147.55521113801086,149.04331326976111,0.010071557767547293,stable,false,true
2026-09-29T10-24-40-196Z/node/case/sum_i32/wasm.copy/1000,2026-09-29T10-24-40-196Z,node,runtime,node,,,v24.21.0,boundary,sum_i32,sum_i32/wasm.copy/1000,wasm.copy,wasm,WebAssembly,copy,js-to-wasm-memory-copy,,1000,int32array,4000,,case,3,515.2659374597864,515.5781431185096,514.9593005261529,515.2659374597864,514.9593005261529,515.5781431185096,0.0012010159169603774,stable,false,true
2026-09-29T10-24-40-196Z/node/runtime/sum_i32/wasm.copy/1000,2026-09-29T10-24-40-196Z,node,runtime,node,,,v24.21.0,boundary,sum_i32,sum_i32/wasm.copy/1000,wasm.copy,wasm,WebAssembly,copy,js-to-wasm-memory-copy,,1000,int32array,4000,,runtime,3,515.0443837311202,513.5913354347658,519.6377821011673,515.0443837311202,513.5913354347658,519.6377821011673,0.011739661391120131,stable,false,true
2026-09-29T10-24-40-196Z/node/case/sum_i32/wasm.resident/1000,2026-09-29T10-24-40-196Z,node,runtime,node,,,v24.21.0,boundary,sum_i32,sum_i32/wasm.resident/1000,wasm.resident,wasm,WebAssembly,resident,wasm-memory-resident,,1000,int32array,4000,,case,3,438.00510830483205,436.4973274865284,438.4508826879271,438.00510830483205,436.4973274865284,438.4508826879271,0.004460119675223379,stable,false,true
2026-09-29T10-24-40-196Z/node/runtime/sum_i32/wasm.resident/1000,2026-09-29T10-24-40-196Z,node,runtime,node,,,v24.21.0,boundary,sum_i32,sum_i32/wasm.resident/1000,wasm.resident,wasm,WebAssembly,resident,wasm-memory-resident,,1000,int32array,4000,,runtime,3,438.1470447162448,442.03605997133724,437.66714773025456,438.1470447162448,437.66714773025456,442.03605997133724,0.009971337919013242,stable,false,true
2026-09-29T10-24-40-196Z/node/case/sum_i32/wasm.simd128.copy/1000,2026-09-29T10-24-40-196Z,node,runtime,node,,,v24.21.0,boundary,sum_i32,sum_i32/wasm.simd128.copy/1000,wasm.simd128.copy,wasm,WebAssembly+simd128,copy,js-to-wasm-memory-copy,,1000,int32array,4000,,case,3,217.03273828843447,217.13024972855592,217.5507399462645,217.13024972855592,217.03273828843447,217.5507399462645,0.002385672463775166,stable,false,true
2026-09-29T10-24-40-196Z/node/runtime/sum_i32/wasm.simd128.copy/1000,2026-09-29T10-24-40-196Z,node,runtime,node,,,v24.21.0,boundary,sum_i32,sum_i32/wasm.simd128.copy/1000,wasm.simd128.copy,wasm,WebAssembly+simd128,copy,js-to-wasm-memory-copy,,1000,int32array,4000,,runtime,3,217.65604738086677,218.4934132259367,221.2360050045395,218.4934132259367,217.65604738086677,221.2360050045395,0.016384739342100038,stable,false,true
2026-09-29T10-24-40-196Z/node/case/sum_i32/wasm.simd128.resident/1000,2026-09-29T10-24-40-196Z,node,runtime,node,,,v24.21.0,boundary,sum_i32,sum_i32/wasm.simd128.resident/1000,wasm.simd128.resident,wasm,WebAssembly+simd128,resident,wasm-memory-resident,,1000,int32array,4000,,case,3,143.52684079887513,143.7079989126858,143.54973786268314,143.54973786268314,143.52684079887513,143.7079989126858,0.0012619884683033973,stable,false,true
2026-09-29T10-24-40-196Z/node/runtime/sum_i32/wasm.simd128.resident/1000,2026-09-29T10-24-40-196Z,node,runtime,node,,,v24.21.0,boundary,sum_i32,sum_i32/wasm.simd128.resident/1000,wasm.simd128.resident,wasm,WebAssembly+simd128,resident,wasm-memory-resident,,1000,int32array,4000,,runtime,3,143.0986058690487,142.86527804592032,142.9384529019709,142.9384529019709,142.86527804592032,143.0986058690487,0.0016323656678192567,stable,false,true
2026-09-29T10-24-40-196Z/node/case/sum_i32/ts/10000,2026-09-29T10-24-40-196Z,node,runtime,node,,,v24.21.0,boundary,sum_i32,sum_i32/ts/10000,ts,ts,none,,,,10000,int32array,40000,,case,3,92952.89767441861,93021.33255813953,95456.23543689321,93021.33255813953,92952.89767441861,95456.23543689321,0.026911437340569035,stable,true,true
2026-09-29T10-24-40-196Z/node/runtime/sum_i32/ts/10000,2026-09-29T10-24-40-196Z,node,runtime,node,,,v24.21.0,boundary,sum_i32,sum_i32/ts/10000,ts,ts,none,,,,10000,int32array,40000,,runtime,3,10977.553179824561,10958.92446633826,10960.126710454297,10960.126710454297,10958.92446633826,10977.553179824561,0.0016996804853115848,stable,true,true
2026-09-29T10-24-40-196Z/node/case/sum_i32/napi/10000,2026-09-29T10-24-40-196Z,node,runtime,node,,,v24.21.0,boundary,sum_i32,sum_i32/napi/10000,napi,napi,node-api,,,,10000,int32array,40000,,case,3,774.3701906141141,778.1186414271247,777.9452670234793,777.9452670234793,774.3701906141141,778.1186414271247,0.004818399149534792,stable,false,true
2026-09-29T10-24-40-196Z/node/runtime/sum_i32/napi/10000,2026-09-29T10-24-40-196Z,node,runtime,node,,,v24.21.0,boundary,sum_i32,sum_i32/napi/10000,napi,napi,node-api,,,,10000,int32array,40000,,runtime,3,779.8166035230247,776.6017133956386,774.1051579601024,776.6017133956386,774.1051579601024,779.8166035230247,0.00735440762543444,stable,false,true
2026-09-29T10-24-40-196Z/node/case/sum_i32/wasm.copy/10000,2026-09-29T10-24-40-196Z,node,runtime,node,,,v24.21.0,boundary,sum_i32,sum_i32/wasm.copy/10000,wasm.copy,wasm,WebAssembly,copy,js-to-wasm-memory-copy,,10000,int32array,40000,,case,3,5552.50390952248,5562.364714086471,5636.099463125177,5562.364714086471,5552.50390952248,5636.099463125177,0.015028779646720091,stable,false,true
2026-09-29T10-24-40-196Z/node/runtime/sum_i32/wasm.copy/10000,2026-09-29T10-24-40-196Z,node,runtime,node,,,v24.21.0,boundary,sum_i32,sum_i32/wasm.copy/10000,wasm.copy,wasm,WebAssembly,copy,js-to-wasm-memory-copy,,10000,int32array,40000,,runtime,3,5545.9333795013845,5568.132655902004,5604.233034212002,5568.132655902004,5545.9333795013845,5604.233034212002,0.010470234513687874,stable,false,true
2026-09-29T10-24-40-196Z/node/case/sum_i32/wasm.resident/10000,2026-09-29T10-24-40-196Z,node,runtime,node,,,v24.21.0,boundary,sum_i32,sum_i32/wasm.resident/10000,wasm.resident,wasm,WebAssembly,resident,wasm-memory-resident,,10000,int32array,40000,,case,3,4394.85254961065,4380.321491421029,4396.646826268394,4394.85254961065,4380.321491421029,4396.646826268394,0.0037146490497868465,stable,false,true
2026-09-29T10-24-40-196Z/node/runtime/sum_i32/wasm.resident/10000,2026-09-29T10-24-40-196Z,node,runtime,node,,,v24.21.0,boundary,sum_i32,sum_i32/wasm.resident/10000,wasm.resident,wasm,WebAssembly,resident,wasm-memory-resident,,10000,int32array,40000,,runtime,3,4390.470774956217,4391.371682386488,4381.875054704595,4390.470774956217,4381.875054704595,4391.371682386488,0.0021630089729928544,stable,false,true
2026-09-29T10-24-40-196Z/node/case/sum_i32/wasm.simd128.copy/10000,2026-09-29T10-24-40-196Z,node,runtime,node,,,v24.21.0,boundary,sum_i32,sum_i32/wasm.simd128.copy/10000,wasm.simd128.copy,wasm,WebAssembly+simd128,copy,js-to-wasm-memory-copy,,10000,int32array,40000,,case,3,2356.9595548641855,2445.846533432026,2406.4592308628453,2406.4592308628453,2356.9595548641855,2445.846533432026,0.03693683126971967,stable,false,true
2026-09-29T10-24-40-196Z/node/runtime/sum_i32/wasm.simd128.copy/10000,2026-09-29T10-24-40-196Z,node,runtime,node,,,v24.21.0,boundary,sum_i32,sum_i32/wasm.simd128.copy/10000,wasm.simd128.copy,wasm,WebAssembly+simd128,copy,js-to-wasm-memory-copy,,10000,int32array,40000,,runtime,3,2407.62811302682,2355.0314218841427,2490.7945649463973,2407.62811302682,2355.0314218841427,2490.7945649463973,0.05638875137222749,unstable,false,true
2026-09-29T10-24-40-196Z/node/case/sum_i32/wasm.simd128.resident/10000,2026-09-29T10-24-40-196Z,node,runtime,node,,,v24.21.0,boundary,sum_i32,sum_i32/wasm.simd128.resident/10000,wasm.simd128.resident,wasm,WebAssembly+simd128,resident,wasm-memory-resident,,10000,int32array,40000,,case,3,1243.9462060781857,1296.629518864204,1284.8903201122307,1284.8903201122307,1243.9462060781857,1296.629518864204,0.0410021866935823,stable,false,true
2026-09-29T10-24-40-196Z/node/runtime/sum_i32/wasm.simd128.resident/10000,2026-09-29T10-24-40-196Z,node,runtime,node,,,v24.21.0,boundary,sum_i32,sum_i32/wasm.simd128.resident/10000,wasm.simd128.resident,wasm,WebAssembly+simd128,resident,wasm-memory-resident,,10000,int32array,40000,,runtime,3,1293.6974925681789,1290.2546457607432,1279.6258837896903,1290.2546457607432,1279.6258837896903,1293.6974925681789,0.010906071002900232,stable,false,true
2026-09-29T10-24-40-196Z/node/case/sum_i32/ts/100000,2026-09-29T10-24-40-196Z,node,runtime,node,,,v24.21.0,boundary,sum_i32,sum_i32/ts/100000,ts,ts,none,,,,100000,int32array,400000,,case,3,930231,930089.7857142857,929914.9642857143,930089.7857142857,929914.9642857143,930231,0.0003397905440311588,stable,true,true
2026-09-29T10-24-40-196Z/node/runtime/sum_i32/ts/100000,2026-09-29T10-24-40-196Z,node,runtime,node,,,v24.21.0,boundary,sum_i32,sum_i32/ts/100000,ts,ts,none,,,,100000,int32array,400000,,runtime,3,109593.82967032967,109350.88797814207,109356.92349726777,109356.92349726777,109350.88797814207,109593.82967032967,0.0022215483429694886,stable,true,true
2026-09-29T10-24-40-196Z/node/case/sum_i32/napi/100000,2026-09-29T10-24-40-196Z,node,runtime,node,,,v24.21.0,boundary,sum_i32,sum_i32/napi/100000,napi,napi,node-api,,,,100000,int32array,400000,,case,3,7488.860861423221,7646.706209275584,7672.520376778162,7646.706209275584,7488.860861423221,7672.520376778162,0.024018121048270353,stable,false,true
2026-09-29T10-24-40-196Z/node/runtime/sum_i32/napi/100000,2026-09-29T10-24-40-196Z,node,runtime,node,,,v24.21.0,boundary,sum_i32,sum_i32/napi/100000,napi,napi,node-api,,,,100000,int32array,400000,,runtime,3,7518.378525761565,7496.200751879699,7512.081644144144,7512.081644144144,7496.200751879699,7518.378525761565,0.002952280730222579,stable,false,true
2026-09-29T10-24-40-196Z/node/case/sum_i32/wasm.copy/100000,2026-09-29T10-24-40-196Z,node,runtime,node,,,v24.21.0,boundary,sum_i32,sum_i32/wasm.copy/100000,wasm.copy,wasm,WebAssembly,copy,js-to-wasm-memory-copy,,100000,int32array,400000,,case,3,56129.521306818184,56317.36,56310.820512820515,56310.820512820515,56129.521306818184,56317.36,0.0033357477563135626,stable,false,true
2026-09-29T10-24-40-196Z/node/runtime/sum_i32/wasm.copy/100000,2026-09-29T10-24-40-196Z,node,runtime,node,,,v24.21.0,boundary,sum_i32,sum_i32/wasm.copy/100000,wasm.copy,wasm,WebAssembly,copy,js-to-wasm-memory-copy,,100000,int32array,400000,,runtime,3,56519.46742209632,56294.973239436615,57093.69088319088,56519.46742209632,56294.973239436615,57093.69088319088,0.014131726291568109,stable,false,true
2026-09-29T10-24-40-196Z/node/case/sum_i32/wasm.resident/100000,2026-09-29T10-24-40-196Z,node,runtime,node,,,v24.21.0,boundary,sum_i32,sum_i32/wasm.resident/100000,wasm.resident,wasm,WebAssembly,resident,wasm-memory-resident,,100000,int32array,400000,,case,3,43772.39555555556,43811.734375,43733.85888888889,43772.39555555556,43733.85888888889,43811.734375,0.0017791003924441241,stable,false,true
2026-09-29T10-24-40-196Z/node/runtime/sum_i32/wasm.resident/100000,2026-09-29T10-24-40-196Z,node,runtime,node,,,v24.21.0,boundary,sum_i32,sum_i32/wasm.resident/100000,wasm.resident,wasm,WebAssembly,resident,wasm-memory-resident,,100000,int32array,400000,,runtime,3,43876.16666666667,43807.506578947374,43813.673960612694,43813.673960612694,43807.506578947374,43876.16666666667,0.0015670926793544247,stable,false,true
2026-09-29T10-24-40-196Z/node/case/sum_i32/wasm.simd128.copy/100000,2026-09-29T10-24-40-196Z,node,runtime,node,,,v24.21.0,boundary,sum_i32,sum_i32/wasm.simd128.copy/100000,wasm.simd128.copy,wasm,WebAssembly+simd128,copy,js-to-wasm-memory-copy,,100000,int32array,400000,,case,3,25921.13363754889,26484.872679045093,24233.165647921764,25921.13363754889,24233.165647921764,26484.872679045093,0.08686761399437973,unstable,false,true
2026-09-29T10-24-40-196Z/node/runtime/sum_i32/wasm.simd128.copy/100000,2026-09-29T10-24-40-196Z,node,runtime,node,,,v24.21.0,boundary,sum_i32,sum_i32/wasm.simd128.copy/100000,wasm.simd128.copy,wasm,WebAssembly+simd128,copy,js-to-wasm-memory-copy,,100000,int32array,400000,,runtime,3,24661.88655980271,24104.203012048194,24657.227832512315,24657.227832512315,24104.203012048194,24661.88655980271,0.022617447165701726,stable,false,true
2026-09-29T10-24-40-196Z/node/case/sum_i32/wasm.simd128.resident/100000,2026-09-29T10-24-40-196Z,node,runtime,node,,,v24.21.0,boundary,sum_i32,sum_i32/wasm.simd128.resident/100000,wasm.simd128.resident,wasm,WebAssembly+simd128,resident,wasm-memory-resident,,100000,int32array,400000,,case,3,11695.61656626506,11695.392663860493,11774.83033033033,11695.61656626506,11695.392663860493,11774.83033033033,0.006792088815476936,stable,false,true
2026-09-29T10-24-40-196Z/node/runtime/sum_i32/wasm.simd128.resident/100000,2026-09-29T10-24-40-196Z,node,runtime,node,,,v24.21.0,boundary,sum_i32,sum_i32/wasm.simd128.resident/100000,wasm.simd128.resident,wasm,WebAssembly+simd128,resident,wasm-memory-resident,,100000,int32array,400000,,runtime,3,12129.543624161073,12005.11917725348,12022.745508982036,12022.745508982036,12005.11917725348,12129.543624161073,0.010349087636816155,stable,false,true
2026-09-29T10-24-40-196Z/node/case/sum_i32/ts/1000000,2026-09-29T10-24-40-196Z,node,runtime,node,,,v24.21.0,boundary,sum_i32,sum_i32/ts/1000000,ts,ts,none,,,,1000000,int32array,4000000,,case,3,7172993.166666666,7164688,7621247.166666666,7172993.166666666,7164688,7621247.166666666,0.0636497423123619,unstable,true,true
2026-09-29T10-24-40-196Z/node/runtime/sum_i32/ts/1000000,2026-09-29T10-24-40-196Z,node,runtime,node,,,v24.21.0,boundary,sum_i32,sum_i32/ts/1000000,ts,ts,none,,,,1000000,int32array,4000000,,runtime,3,1097034.9166666665,1095256.8333333335,1094802.388888889,1095256.8333333335,1094802.388888889,1097034.9166666665,0.0020383600538542044,stable,true,true
2026-09-29T10-24-40-196Z/node/case/sum_i32/napi/1000000,2026-09-29T10-24-40-196Z,node,runtime,node,,,v24.21.0,boundary,sum_i32,sum_i32/napi/1000000,napi,napi,node-api,,,,1000000,int32array,4000000,,case,3,127484.50322580646,121535.25914634147,127082.28205128205,127082.28205128205,121535.25914634147,127484.50322580646,0.04681411116826077,stable,false,true
2026-09-29T10-24-40-196Z/node/runtime/sum_i32/napi/1000000,2026-09-29T10-24-40-196Z,node,runtime,node,,,v24.21.0,boundary,sum_i32,sum_i32/napi/1000000,napi,napi,node-api,,,,1000000,int32array,4000000,,runtime,3,121142.84848484848,121843.57621951221,122093.68597560975,121843.57621951221,121142.84848484848,122093.68597560975,0.007803755604220403,stable,false,true
2026-09-29T10-24-40-196Z/node/case/sum_i32/wasm.copy/1000000,2026-09-29T10-24-40-196Z,node,runtime,node,,,v24.21.0,boundary,sum_i32,sum_i32/wasm.copy/1000000,wasm.copy,wasm,WebAssembly,copy,js-to-wasm-memory-copy,,1000000,int32array,4000000,,case,3,713836.5714285714,705052.5535714286,711143.8214285714,711143.8214285714,705052.5535714286,713836.5714285714,0.012351956935373595,stable,false,true
2026-09-29T10-24-40-196Z/node/runtime/sum_i32/wasm.copy/1000000,2026-09-29T10-24-40-196Z,node,runtime,node,,,v24.21.0,boundary,sum_i32,sum_i32/wasm.copy/1000000,wasm.copy,wasm,WebAssembly,copy,js-to-wasm-memory-copy,,1000000,int32array,4000000,,runtime,3,703092.9821428572,702522.517857143,700736.9285714286,702522.517857143,700736.9285714286,703092.9821428572,0.0033537054137638645,stable,false,true
2026-09-29T10-24-40-196Z/node/case/sum_i32/wasm.resident/1000000,2026-09-29T10-24-40-196Z,node,runtime,node,,,v24.21.0,boundary,sum_i32,sum_i32/wasm.resident/1000000,wasm.resident,wasm,WebAssembly,resident,wasm-memory-resident,,1000000,int32array,4000000,,case,3,446085.76666666666,446721.36363636365,437609.1,446085.76666666666,437609.1,446721.36363636365,0.02042715620463345,stable,false,true
2026-09-29T10-24-40-196Z/node/runtime/sum_i32/wasm.resident/1000000,2026-09-29T10-24-40-196Z,node,runtime,node,,,v24.21.0,boundary,sum_i32,sum_i32/wasm.resident/1000000,wasm.resident,wasm,WebAssembly,resident,wasm-memory-resident,,1000000,int32array,4000000,,runtime,3,439177.0888888889,438182.0326086957,438186.17391304346,438186.17391304346,438182.0326086957,439177.0888888889,0.0022708527549084095,stable,false,true
2026-09-29T10-24-40-196Z/node/case/sum_i32/wasm.simd128.copy/1000000,2026-09-29T10-24-40-196Z,node,runtime,node,,,v24.21.0,boundary,sum_i32,sum_i32/wasm.simd128.copy/1000000,wasm.simd128.copy,wasm,WebAssembly+simd128,copy,js-to-wasm-memory-copy,,1000000,int32array,4000000,,case,3,408861.64285714284,410743.7346938775,402586.82653061225,408861.64285714284,402586.82653061225,410743.7346938775,0.01995028955581267,stable,false,true
2026-09-29T10-24-40-196Z/node/runtime/sum_i32/wasm.simd128.copy/1000000,2026-09-29T10-24-40-196Z,node,runtime,node,,,v24.21.0,boundary,sum_i32,sum_i32/wasm.simd128.copy/1000000,wasm.simd128.copy,wasm,WebAssembly+simd128,copy,js-to-wasm-memory-copy,,1000000,int32array,4000000,,runtime,3,401596.2551020408,401352.72,401478.79000000004,401478.79000000004,401352.72,401596.2551020408,0.0006065951878575108,stable,false,true
2026-09-29T10-24-40-196Z/node/case/sum_i32/wasm.simd128.resident/1000000,2026-09-29T10-24-40-196Z,node,runtime,node,,,v24.21.0,boundary,sum_i32,sum_i32/wasm.simd128.resident/1000000,wasm.simd128.resident,wasm,WebAssembly+simd128,resident,wasm-memory-resident,,1000000,int32array,4000000,,case,3,134549.34797297296,141169.9716312057,141186.7340425532,141169.9716312057,134549.34797297296,141186.7340425532,0.04701698238574304,stable,true,true
2026-09-29T10-24-40-196Z/node/runtime/sum_i32/wasm.simd128.resident/1000000,2026-09-29T10-24-40-196Z,node,runtime,node,,,v24.21.0,boundary,sum_i32,sum_i32/wasm.simd128.resident/1000000,wasm.simd128.resident,wasm,WebAssembly+simd128,resident,wasm-memory-resident,,1000000,int32array,4000000,,runtime,3,127925.22115384616,128084.875,128299.91987179487,128084.875,127925.22115384616,128299.91987179487,0.002925393946386868,stable,true,true
2026-09-29T10-24-40-196Z/node/case/string_len/ts/ascii/16,2026-09-29T10-24-40-196Z,node,runtime,node,,,v24.21.0,payload,string_len,string_len/ts/ascii/16,ts,ts,none,,,ascii,16,string-ascii,16,,case,3,54.11906596549204,53.987637280527764,54.07743281317728,54.07743281317728,53.987637280527764,54.11906596549204,0.0024303795155795776,stable,false,true
2026-09-29T10-24-40-196Z/node/runtime/string_len/ts/ascii/16,2026-09-29T10-24-40-196Z,node,runtime,node,,,v24.21.0,payload,string_len,string_len/ts/ascii/16,ts,ts,none,,,ascii,16,string-ascii,16,,runtime,3,53.86883470933151,53.52565717090219,53.658712924891354,53.658712924891354,53.52565717090219,53.86883470933151,0.0063955603800948035,stable,false,true
2026-09-29T10-24-40-196Z/node/case/string_len/napi/ascii/16,2026-09-29T10-24-40-196Z,node,runtime,node,,,v24.21.0,payload,string_len,string_len/napi/ascii/16,napi,napi,node-api,,,ascii,16,string-ascii,16,,case,3,64.08995904533258,63.81772326849053,64.84729918024782,64.08995904533258,63.81772326849053,64.84729918024782,0.016064543137389697,stable,false,true
2026-09-29T10-24-40-196Z/node/runtime/string_len/napi/ascii/16,2026-09-29T10-24-40-196Z,node,runtime,node,,,v24.21.0,payload,string_len,string_len/napi/ascii/16,napi,napi,node-api,,,ascii,16,string-ascii,16,,runtime,3,63.83057341657624,64.2617309513491,64.28027833700827,64.2617309513491,63.83057341657624,64.28027833700827,0.006998020653575085,stable,false,true
2026-09-29T10-24-40-196Z/node/case/string_len/ts/ascii/64,2026-09-29T10-24-40-196Z,node,runtime,node,,,v24.21.0,payload,string_len,string_len/ts/ascii/64,ts,ts,none,,,ascii,64,string-ascii,64,,case,3,158.43301314058363,158.86455175400607,158.16741345810698,158.43301314058363,158.16741345810698,158.86455175400607,0.004400208530279589,stable,false,true
2026-09-29T10-24-40-196Z/node/runtime/string_len/ts/ascii/64,2026-09-29T10-24-40-196Z,node,runtime,node,,,v24.21.0,payload,string_len,string_len/ts/ascii/64,ts,ts,none,,,ascii,64,string-ascii,64,,runtime,3,158.20269021095046,158.31223420233033,158.1081503835428,158.20269021095046,158.1081503835428,158.31223420233033,0.0012900148443455326,stable,false,true
2026-09-29T10-24-40-196Z/node/case/string_len/napi/ascii/64,2026-09-29T10-24-40-196Z,node,runtime,node,,,v24.21.0,payload,string_len,string_len/napi/ascii/64,napi,napi,node-api,,,ascii,64,string-ascii,64,,case,3,69.38258643512137,69.1937819598567,68.83586047296484,69.1937819598567,68.83586047296484,69.38258643512137,0.00790137417945613,stable,false,true
2026-09-29T10-24-40-196Z/node/runtime/string_len/napi/ascii/64,2026-09-29T10-24-40-196Z,node,runtime,node,,,v24.21.0,payload,string_len,string_len/napi/ascii/64,napi,napi,node-api,,,ascii,64,string-ascii,64,,runtime,3,68.89027305466283,68.9921700881795,69.19563697530181,68.9921700881795,68.89027305466283,69.19563697530181,0.004426066323884195,stable,false,true
2026-09-29T10-24-40-196Z/node/case/string_len/ts/ascii/1024,2026-09-29T10-24-40-196Z,node,runtime,node,,,v24.21.0,payload,string_len,string_len/ts/ascii/1024,ts,ts,none,,,ascii,1024,string-ascii,1024,,case,3,2254.5820440429134,2260.838260278627,2261.7560561467058,2260.838260278627,2254.5820440429134,2261.7560561467058,0.0031731646751715285,stable,false,true
2026-09-29T10-24-40-196Z/node/runtime/string_len/ts/ascii/1024,2026-09-29T10-24-40-196Z,node,runtime,node,,,v24.21.0,payload,string_len,string_len/ts/ascii/1024,ts,ts,none,,,ascii,1024,string-ascii,1024,,runtime,3,2254.4153698691925,2254.4612783226244,2254.375507213706,2254.4153698691925,2254.375507213706,2254.4612783226244,0.00003804583222095232,stable,false,true
2026-09-29T10-24-40-196Z/node/case/string_len/napi/ascii/1024,2026-09-29T10-24-40-196Z,node,runtime,node,,,v24.21.0,payload,string_len,string_len/napi/ascii/1024,napi,napi,node-api,,,ascii,1024,string-ascii,1024,,case,3,342.94750546373444,337.7205725236149,345.62987753268965,342.94750546373444,337.7205725236149,345.62987753268965,0.023062727919189112,stable,false,true
2026-09-29T10-24-40-196Z/node/runtime/string_len/napi/ascii/1024,2026-09-29T10-24-40-196Z,node,runtime,node,,,v24.21.0,payload,string_len,string_len/napi/ascii/1024,napi,napi,node-api,,,ascii,1024,string-ascii,1024,,runtime,3,337.6668318994489,347.8091425798849,348.4647213835709,347.8091425798849,337.6668318994489,348.4647213835709,0.03104544464825842,stable,false,true
2026-09-29T10-24-40-196Z/node/case/string_len/ts/ascii/65536,2026-09-29T10-24-40-196Z,node,runtime,node,,,v24.21.0,payload,string_len,string_len/ts/ascii/65536,ts,ts,none,,,ascii,65536,string-ascii,65536,,case,3,143155.51219512196,143171.82317073172,143554.14814814815,143171.82317073172,143155.51219512196,143554.14814814815,0.002784318479697028,stable,false,true
2026-09-29T10-24-40-196Z/node/runtime/string_len/ts/ascii/65536,2026-09-29T10-24-40-196Z,node,runtime,node,,,v24.21.0,payload,string_len,string_len/ts/ascii/65536,ts,ts,none,,,ascii,65536,string-ascii,65536,,runtime,3,143131.89285714287,143156.56785714286,143130.86071428572,143131.89285714287,143130.86071428572,143156.56785714286,0.0001796045755001228,stable,false,true
2026-09-29T10-24-40-196Z/node/case/string_len/napi/ascii/65536,2026-09-29T10-24-40-196Z,node,runtime,node,,,v24.21.0,payload,string_len,string_len/napi/ascii/65536,napi,napi,node-api,,,ascii,65536,string-ascii,65536,,case,3,20360.725050916495,20354.991853360487,20338.65306122449,20354.991853360487,20338.65306122449,20360.725050916495,0.001084352666462084,stable,false,true
2026-09-29T10-24-40-196Z/node/runtime/string_len/napi/ascii/65536,2026-09-29T10-24-40-196Z,node,runtime,node,,,v24.21.0,payload,string_len,string_len/napi/ascii/65536,napi,napi,node-api,,,ascii,65536,string-ascii,65536,,runtime,3,20328.66056910569,20259.465587044535,20369.508646998984,20328.66056910569,20259.465587044535,20369.508646998984,0.005413197764819087,stable,false,true
2026-09-29T10-24-40-196Z/node/case/string_len/ts/ascii/1048576,2026-09-29T10-24-40-196Z,node,runtime,node,,,v24.21.0,payload,string_len,string_len/ts/ascii/1048576,ts,ts,none,,,ascii,1048576,string-ascii,1048576,,case,3,3915083.3,3909652.9000000004,3910074.3,3910074.3,3909652.9000000004,3915083.3,0.0013888227136756562,stable,true,true
2026-09-29T10-24-40-196Z/node/runtime/string_len/ts/ascii/1048576,2026-09-29T10-24-40-196Z,node,runtime,node,,,v24.21.0,payload,string_len,string_len/ts/ascii/1048576,ts,ts,none,,,ascii,1048576,string-ascii,1048576,,runtime,3,2293737.777777778,2293269.111111111,2293053.388888889,2293269.111111111,2293053.388888889,2293737.777777778,0.00029843374489852147,stable,true,true
2026-09-29T10-24-40-196Z/node/case/string_len/napi/ascii/1048576,2026-09-29T10-24-40-196Z,node,runtime,node,,,v24.21.0,payload,string_len,string_len/napi/ascii/1048576,napi,napi,node-api,,,ascii,1048576,string-ascii,1048576,,case,3,345259.5964912281,355742.9464285714,356909.5,355742.9464285714,345259.5964912281,356909.5,0.032748094166671154,stable,false,true
2026-09-29T10-24-40-196Z/node/runtime/string_len/napi/ascii/1048576,2026-09-29T10-24-40-196Z,node,runtime,node,,,v24.21.0,payload,string_len,string_len/napi/ascii/1048576,napi,napi,node-api,,,ascii,1048576,string-ascii,1048576,,runtime,3,344573.73275862064,342127.7068965517,344697.5172413793,344573.73275862064,342127.7068965517,344697.5172413793,0.007457940349236624,stable,false,true
2026-09-29T10-24-40-196Z/node/case/string_len/ts/ascii/16777216,2026-09-29T10-24-40-196Z,node,runtime,node,,,v24.21.0,payload,string_len,string_len/ts/ascii/16777216,ts,ts,none,,,ascii,16777216,string-ascii,16777216,,case,3,62699441,62516915.5,62634621.5,62634621.5,62516915.5,62699441,0.0029141311247486345,stable,true,true
2026-09-29T10-24-40-196Z/node/runtime/string_len/ts/ascii/16777216,2026-09-29T10-24-40-196Z,node,runtime,node,,,v24.21.0,payload,string_len,string_len/ts/ascii/16777216,ts,ts,none,,,ascii,16777216,string-ascii,16777216,,runtime,3,36699370,36688813,36692310.5,36692310.5,36688813,36699370,0.00028771695911599787,stable,true,true
2026-09-29T10-24-40-196Z/node/case/string_len/napi/ascii/16777216,2026-09-29T10-24-40-196Z,node,runtime,node,,,v24.21.0,payload,string_len,string_len/napi/ascii/16777216,napi,napi,node-api,,,ascii,16777216,string-ascii,16777216,,case,3,5768621.166666666,5767901.333333334,5775406.166666667,5768621.166666666,5767901.333333334,5775406.166666667,0.001300975244604181,stable,false,true
2026-09-29T10-24-40-196Z/node/runtime/string_len/napi/ascii/16777216,2026-09-29T10-24-40-196Z,node,runtime,node,,,v24.21.0,payload,string_len,string_len/napi/ascii/16777216,napi,napi,node-api,,,ascii,16777216,string-ascii,16777216,,runtime,3,5567736.5,5564936.75,5575763.375,5567736.5,5564936.75,5575763.375,0.001944528984085364,stable,false,true
2026-09-29T10-24-40-196Z/node/case/string_len/ts/utf8/16,2026-09-29T10-24-40-196Z,node,runtime,node,,,v24.21.0,payload,string_len,string_len/ts/utf8/16,ts,ts,none,,,utf8,16,string-utf8,16,,case,3,31.212617402091084,31.59423044532909,31.694875500204745,31.59423044532909,31.212617402091084,31.694875500204745,0.015264119154545142,stable,false,true
2026-09-29T10-24-40-196Z/node/runtime/string_len/ts/utf8/16,2026-09-29T10-24-40-196Z,node,runtime,node,,,v24.21.0,payload,string_len,string_len/ts/utf8/16,ts,ts,none,,,utf8,16,string-utf8,16,,runtime,3,31.90111883472789,31.93173572731631,31.28672859594107,31.90111883472789,31.28672859594107,31.93173572731631,0.02021895014770065,stable,false,true
2026-09-29T10-24-40-196Z/node/case/string_len/napi/utf8/16,2026-09-29T10-24-40-196Z,node,runtime,node,,,v24.21.0,payload,string_len,string_len/napi/utf8/16,napi,napi,node-api,,,utf8,16,string-utf8,16,,case,3,89.73363353689282,91.4689461419927,91.77785457183134,91.4689461419927,89.73363353689282,91.77785457183134,0.022348798375408742,stable,false,true
2026-09-29T10-24-40-196Z/node/runtime/string_len/napi/utf8/16,2026-09-29T10-24-40-196Z,node,runtime,node,,,v24.21.0,payload,string_len,string_len/napi/utf8/16,napi,napi,node-api,,,utf8,16,string-utf8,16,,runtime,3,92.09215136650315,91.90466470029679,91.42438412357006,91.90466470029679,91.42438412357006,92.09215136650315,0.007265868877392518,stable,false,true
2026-09-29T10-24-40-196Z/node/case/string_len/ts/utf8/64,2026-09-29T10-24-40-196Z,node,runtime,node,,,v24.21.0,payload,string_len,string_len/ts/utf8/64,ts,ts,none,,,utf8,64,string-utf8,64,,case,3,122.94049611604652,127.5650851735816,123.82737476487478,123.82737476487478,122.94049611604652,127.5650851735816,0.03734706535058433,stable,false,true
2026-09-29T10-24-40-196Z/node/runtime/string_len/ts/utf8/64,2026-09-29T10-24-40-196Z,node,runtime,node,,,v24.21.0,payload,string_len,string_len/ts/utf8/64,ts,ts,none,,,utf8,64,string-utf8,64,,runtime,3,125.17319852270367,123.80132535902831,125.18168852683633,125.17319852270367,123.80132535902831,125.18168852683633,0.011027625594768565,stable,false,true
2026-09-29T10-24-40-196Z/node/case/string_len/napi/utf8/64,2026-09-29T10-24-40-196Z,node,runtime,node,,,v24.21.0,payload,string_len,string_len/napi/utf8/64,napi,napi,node-api,,,utf8,64,string-utf8,64,,case,3,223.33095613097925,227.81577374238663,224.92064402244185,224.92064402244185,223.33095613097925,227.81577374238663,0.019939555263588427,stable,false,true
2026-09-29T10-24-40-196Z/node/runtime/string_len/napi/utf8/64,2026-09-29T10-24-40-196Z,node,runtime,node,,,v24.21.0,payload,string_len,string_len/napi/utf8/64,napi,napi,node-api,,,utf8,64,string-utf8,64,,runtime,3,226.2798779096303,225.11128072647566,216.86143923078595,225.11128072647566,216.86143923078595,226.2798779096303,0.04183903466965011,stable,false,true
2026-09-29T10-24-40-196Z/node/case/string_len/ts/utf8/1024,2026-09-29T10-24-40-196Z,node,runtime,node,,,v24.21.0,payload,string_len,string_len/ts/utf8/1024,ts,ts,none,,,utf8,1024,string-utf8,1024,,case,3,2028.8144073074527,2036.8427894789884,2031.8257897462454,2031.8257897462454,2028.8144073074527,2036.8427894789884,0.003951314237692756,stable,false,true
2026-09-29T10-24-40-196Z/node/runtime/string_len/ts/utf8/1024,2026-09-29T10-24-40-196Z,node,runtime,node,,,v24.21.0,payload,string_len,string_len/ts/utf8/1024,ts,ts,none,,,utf8,1024,string-utf8,1024,,runtime,3,2059.690956575174,2057.117746047935,2090.85749410921,2059.690956575174,2057.117746047935,2090.85749410921,0.016380975968053647,stable,false,true
2026-09-29T10-24-40-196Z/node/case/string_len/napi/utf8/1024,2026-09-29T10-24-40-196Z,node,runtime,node,,,v24.21.0,payload,string_len,string_len/napi/utf8/1024,napi,napi,node-api,,,utf8,1024,string-utf8,1024,,case,3,2851.2902653611463,2831.7062445667925,2875.4730707977415,2851.2902653611463,2831.7062445667925,2875.4730707977415,0.015349831885813072,stable,false,true
2026-09-29T10-24-40-196Z/node/runtime/string_len/napi/utf8/1024,2026-09-29T10-24-40-196Z,node,runtime,node,,,v24.21.0,payload,string_len,string_len/napi/utf8/1024,napi,napi,node-api,,,utf8,1024,string-utf8,1024,,runtime,3,2824.230421686747,2863.195975627037,2814.529083094556,2824.230421686747,2814.529083094556,2863.195975627037,0.01723191286333332,stable,false,true
2026-09-29T10-24-40-196Z/node/case/string_len/ts/utf8/65536,2026-09-29T10-24-40-196Z,node,runtime,node,,,v24.21.0,payload,string_len,string_len/ts/utf8/65536,ts,ts,none,,,utf8,65536,string-utf8,65536,,case,3,120812.93046357617,119972.82214765101,124806.08588957056,120812.93046357617,119972.82214765101,124806.08588957056,0.04000617916785597,stable,false,true
2026-09-29T10-24-40-196Z/node/runtime/string_len/ts/utf8/65536,2026-09-29T10-24-40-196Z,node,runtime,node,,,v24.21.0,payload,string_len,string_len/ts/utf8/65536,ts,ts,none,,,utf8,65536,string-utf8,65536,,runtime,3,122191.93636363637,123063.07668711655,123695.30434782608,123063.07668711655,122191.93636363637,123695.30434782608,0.01221623922187456,stable,false,true
2026-09-29T10-24-40-196Z/node/case/string_len/napi/utf8/65536,2026-09-29T10-24-40-196Z,node,runtime,node,,,v24.21.0,payload,string_len,string_len/napi/utf8/65536,napi,napi,node-api,,,utf8,65536,string-utf8,65536,,case,3,183415.7110091743,180523.0663716814,183070.62844036697,183070.62844036697,180523.0663716814,183415.7110091743,0.015800703051801326,stable,false,true
2026-09-29T10-24-40-196Z/node/runtime/string_len/napi/utf8/65536,2026-09-29T10-24-40-196Z,node,runtime,node,,,v24.21.0,payload,string_len,string_len/napi/utf8/65536,napi,napi,node-api,,,utf8,65536,string-utf8,65536,,runtime,3,184059.80454545456,183315.5871559633,182607.43055555556,183315.5871559633,182607.43055555556,184059.80454545456,0.007922806851461767,stable,false,true
2026-09-29T10-24-40-196Z/node/case/string_len/ts/utf8/1048576,2026-09-29T10-24-40-196Z,node,runtime,node,,,v24.21.0,payload,string_len,string_len/ts/utf8/1048576,ts,ts,none,,,utf8,1048576,string-utf8,1048576,,case,3,2294435.777777778,2269611.666666667,2322228.111111111,2294435.777777778,2269611.666666667,2322228.111111111,0.022932193157920704,stable,true,true
2026-09-29T10-24-40-196Z/node/runtime/string_len/ts/utf8/1048576,2026-09-29T10-24-40-196Z,node,runtime,node,,,v24.21.0,payload,string_len,string_len/ts/utf8/1048576,ts,ts,none,,,utf8,1048576,string-utf8,1048576,,runtime,3,2056541.4,2057282,2055742.6,2056541.4,2055742.6,2057282,0.0007485382983293732,stable,true,true
2026-09-29T10-24-40-196Z/node/case/string_len/napi/utf8/1048576,2026-09-29T10-24-40-196Z,node,runtime,node,,,v24.21.0,payload,string_len,string_len/napi/utf8/1048576,napi,napi,node-api,,,utf8,1048576,string-utf8,1048576,,case,3,2973574.9285714286,2966705.6428571427,2975436.5,2973574.9285714286,2966705.6428571427,2975436.5,0.002936148357644303,stable,false,true
2026-09-29T10-24-40-196Z/node/runtime/string_len/napi/utf8/1048576,2026-09-29T10-24-40-196Z,node,runtime,node,,,v24.21.0,payload,string_len,string_len/napi/utf8/1048576,napi,napi,node-api,,,utf8,1048576,string-utf8,1048576,,runtime,3,2899244.2142857146,2907695.2142857146,2891776.5714285714,2899244.2142857146,2891776.5714285714,2907695.2142857146,0.005490618133755613,stable,false,true
2026-09-29T10-24-40-196Z/node/case/string_len/ts/utf8/16777216,2026-09-29T10-24-40-196Z,node,runtime,node,,,v24.21.0,payload,string_len,string_len/ts/utf8/16777216,ts,ts,none,,,utf8,16777216,string-utf8,16777216,,case,3,36592090,36526378.5,36669978.5,36592090,36526378.5,36669978.5,0.003924345398144791,stable,true,true
2026-09-29T10-24-40-196Z/node/runtime/string_len/ts/utf8/16777216,2026-09-29T10-24-40-196Z,node,runtime,node,,,v24.21.0,payload,string_len,string_len/ts/utf8/16777216,ts,ts,none,,,utf8,16777216,string-utf8,16777216,,runtime,3,32543020.5,33090338.5,33378284,33090338.5,32543020.5,33378284,0.02524191464526723,stable,true,true
2026-09-29T10-24-40-196Z/node/case/string_len/napi/utf8/16777216,2026-09-29T10-24-40-196Z,node,runtime,node,,,v24.21.0,payload,string_len,string_len/napi/utf8/16777216,napi,napi,node-api,,,utf8,16777216,string-utf8,16777216,,case,3,47283992,47187978,47272224.5,47272224.5,47187978,47283992,0.002031086986397266,stable,false,true
2026-09-29T10-24-40-196Z/node/runtime/string_len/napi/utf8/16777216,2026-09-29T10-24-40-196Z,node,runtime,node,,,v24.21.0,payload,string_len,string_len/napi/utf8/16777216,napi,napi,node-api,,,utf8,16777216,string-utf8,16777216,,runtime,3,47328003,47496910,47384945.5,47384945.5,47328003,47496910,0.0035645709458503017,stable,false,true
2026-09-29T10-24-40-196Z/node/case/bytes_len/ts/16,2026-09-29T10-24-40-196Z,node,runtime,node,,,v24.21.0,payload,bytes_len,bytes_len/ts/16,ts,ts,none,,,,16,uint8array,16,,case,3,1.3108507951228971,1.3153578019476067,1.3104653250702032,1.3108507951228971,1.3104653250702032,1.3153578019476067,0.003732291192564577,stable,false,true
2026-09-29T10-24-40-196Z/node/runtime/bytes_len/ts/16,2026-09-29T10-24-40-196Z,node,runtime,node,,,v24.21.0,payload,bytes_len,bytes_len/ts/16,ts,ts,none,,,,16,uint8array,16,,runtime,3,1.312865304490165,1.3211897780997628,1.3128981386392264,1.3128981386392264,1.312865304490165,1.3211897780997628,0.006340532722687679,stable,false,true
2026-09-29T10-24-40-196Z/node/case/bytes_len/napi/16,2026-09-29T10-24-40-196Z,node,runtime,node,,,v24.21.0,payload,bytes_len,bytes_len/napi/16,napi,napi,node-api,,,,16,uint8array,16,,case,3,47.01347518753259,48.50331403892871,47.91795997846636,47.91795997846636,47.01347518753259,48.50331403892871,0.03109144988780047,stable,false,true
2026-09-29T10-24-40-196Z/node/runtime/bytes_len/napi/16,2026-09-29T10-24-40-196Z,node,runtime,node,,,v24.21.0,payload,bytes_len,bytes_len/napi/16,napi,napi,node-api,,,,16,uint8array,16,,runtime,3,47.486096966743816,47.537812096011734,47.27532303020902,47.486096966743816,47.27532303020902,47.537812096011734,0.005527703529446557,stable,false,true
2026-09-29T10-24-40-196Z/node/case/bytes_len/ts/64,2026-09-29T10-24-40-196Z,node,runtime,node,,,v24.21.0,payload,bytes_len,bytes_len/ts/64,ts,ts,none,,,,64,uint8array,64,,case,3,1.3109218784644412,1.3141655771767793,1.669935538768315,1.3141655771767793,1.3109218784644412,1.669935538768315,0.2731875393321004,unstable,false,true
2026-09-29T10-24-40-196Z/node/runtime/bytes_len/ts/64,2026-09-29T10-24-40-196Z,node,runtime,node,,,v24.21.0,payload,bytes_len,bytes_len/ts/64,ts,ts,none,,,,64,uint8array,64,,runtime,3,1.3122369126794537,1.3165009856139145,1.3127678088870507,1.3127678088870507,1.3122369126794537,1.3165009856139145,0.0032481547045823513,stable,false,true
2026-09-29T10-24-40-196Z/node/case/bytes_len/napi/64,2026-09-29T10-24-40-196Z,node,runtime,node,,,v24.21.0,payload,bytes_len,bytes_len/napi/64,napi,napi,node-api,,,,64,uint8array,64,,case,3,47.476974112765085,49.22824257959722,48.753728966711805,48.753728966711805,47.476974112765085,49.22824257959722,0.03592070809656165,stable,false,true
2026-09-29T10-24-40-196Z/node/runtime/bytes_len/napi/64,2026-09-29T10-24-40-196Z,node,runtime,node,,,v24.21.0,payload,bytes_len,bytes_len/napi/64,napi,napi,node-api,,,,64,uint8array,64,,runtime,3,47.54280055218774,48.57080806034534,48.12260137813281,48.12260137813281,47.54280055218774,48.57080806034534,0.021362259701628115,stable,false,true
2026-09-29T10-24-40-196Z/node/case/bytes_len/ts/1024,2026-09-29T10-24-40-196Z,node,runtime,node,,,v24.21.0,payload,bytes_len,bytes_len/ts/1024,ts,ts,none,,,,1024,uint8array,1024,,case,3,1.3111636012345649,1.3165260447487723,1.3123041221097806,1.3123041221097806,1.3111636012345649,1.3165260447487723,0.004086281086724236,stable,false,true
2026-09-29T10-24-40-196Z/node/runtime/bytes_len/ts/1024,2026-09-29T10-24-40-196Z,node,runtime,node,,,v24.21.0,payload,bytes_len,bytes_len/ts/1024,ts,ts,none,,,,1024,uint8array,1024,,runtime,3,1.3122515868681335,1.3122798238275521,1.3123998128594363,1.3122798238275521,1.3122515868681335,1.3123998128594363,0.00011295303685344014,stable,false,true
2026-09-29T10-24-40-196Z/node/case/bytes_len/napi/1024,2026-09-29T10-24-40-196Z,node,runtime,node,,,v24.21.0,payload,bytes_len,bytes_len/napi/1024,napi,napi,node-api,,,,1024,uint8array,1024,,case,3,47.02000674545937,49.06157960290131,47.98330165625849,47.98330165625849,47.02000674545937,49.06157960290131,0.04254756940377524,stable,false,true
2026-09-29T10-24-40-196Z/node/runtime/bytes_len/napi/1024,2026-09-29T10-24-40-196Z,node,runtime,node,,,v24.21.0,payload,bytes_len,bytes_len/napi/1024,napi,napi,node-api,,,,1024,uint8array,1024,,runtime,3,47.70745873661344,47.6365971886798,46.90569769346082,47.6365971886798,46.90569769346082,47.70745873661344,0.01683077907468891,stable,false,true
2026-09-29T10-24-40-196Z/node/case/bytes_len/ts/65536,2026-09-29T10-24-40-196Z,node,runtime,node,,,v24.21.0,payload,bytes_len,bytes_len/ts/65536,ts,ts,none,,,,65536,uint8array,65536,,case,3,7.1670019388543835,7.169359256134543,7.610412701945869,7.169359256134543,7.1670019388543835,7.610412701945869,0.061848032334559856,unstable,true,true
2026-09-29T10-24-40-196Z/node/runtime/bytes_len/ts/65536,2026-09-29T10-24-40-196Z,node,runtime,node,,,v24.21.0,payload,bytes_len,bytes_len/ts/65536,ts,ts,none,,,,65536,uint8array,65536,,runtime,3,1.3130201913068036,1.3121464641151552,1.3128625253042001,1.3128625253042001,1.3121464641151552,1.3130201913068036,0.0006655130867155382,stable,true,true
2026-09-29T10-24-40-196Z/node/case/bytes_len/napi/65536,2026-09-29T10-24-40-196Z,node,runtime,node,,,v24.21.0,payload,bytes_len,bytes_len/napi/65536,napi,napi,node-api,,,,65536,uint8array,65536,,case,3,48.569305603911445,47.66724489993419,47.01920977255969,47.66724489993419,47.01920977255969,48.569305603911445,0.032519098483787014,stable,false,true
2026-09-29T10-24-40-196Z/node/runtime/bytes_len/napi/65536,2026-09-29T10-24-40-196Z,node,runtime,node,,,v24.21.0,payload,bytes_len,bytes_len/napi/65536,napi,napi,node-api,,,,65536,uint8array,65536,,runtime,3,46.92995968369044,48.23048067218716,46.6964344743884,46.92995968369044,46.6964344743884,48.23048067218716,0.03268799308881343,stable,false,true
2026-09-29T10-24-40-196Z/node/case/bytes_len/ts/1048576,2026-09-29T10-24-40-196Z,node,runtime,node,,,v24.21.0,payload,bytes_len,bytes_len/ts/1048576,ts,ts,none,,,,1048576,uint8array,1048576,,case,3,7.1674095272496885,7.167717224532209,7.600611183374836,7.167717224532209,7.1674095272496885,7.600611183374836,0.06043788315790036,unstable,true,true
2026-09-29T10-24-40-196Z/node/runtime/bytes_len/ts/1048576,2026-09-29T10-24-40-196Z,node,runtime,node,,,v24.21.0,payload,bytes_len,bytes_len/ts/1048576,ts,ts,none,,,,1048576,uint8array,1048576,,runtime,3,1.3118692809155177,1.3124864038768613,1.3120626393523773,1.3120626393523773,1.3118692809155177,1.3124864038768613,0.000470345654875325,stable,true,true
2026-09-29T10-24-40-196Z/node/case/bytes_len/napi/1048576,2026-09-29T10-24-40-196Z,node,runtime,node,,,v24.21.0,payload,bytes_len,bytes_len/napi/1048576,napi,napi,node-api,,,,1048576,uint8array,1048576,,case,3,47.93400876096973,50.64230819106396,50.10363003341133,50.10363003341133,47.93400876096973,50.64230819106396,0.05405395633586258,unstable,false,true
2026-09-29T10-24-40-196Z/node/runtime/bytes_len/napi/1048576,2026-09-29T10-24-40-196Z,node,runtime,node,,,v24.21.0,payload,bytes_len,bytes_len/napi/1048576,napi,napi,node-api,,,,1048576,uint8array,1048576,,runtime,3,47.03877373709271,48.00948412215598,46.84433137794804,47.03877373709271,46.84433137794804,48.00948412215598,0.024770049294230555,stable,false,true
2026-09-29T10-24-40-196Z/node/case/bytes_len/ts/16777216,2026-09-29T10-24-40-196Z,node,runtime,node,,,v24.21.0,payload,bytes_len,bytes_len/ts/16777216,ts,ts,none,,,,16777216,uint8array,16777216,,case,3,7.162138692003562,7.165064564439309,7.610029362443204,7.165064564439309,7.162138692003562,7.610029362443204,0.06251034675424333,unstable,true,true
2026-09-29T10-24-40-196Z/node/runtime/bytes_len/ts/16777216,2026-09-29T10-24-40-196Z,node,runtime,node,,,v24.21.0,payload,bytes_len,bytes_len/ts/16777216,ts,ts,none,,,,16777216,uint8array,16777216,,runtime,3,1.3128228295815423,1.3126085962093095,1.3127288877535999,1.3127288877535999,1.3126085962093095,1.3128228295815423,0.00016319696643486985,stable,true,true
2026-09-29T10-24-40-196Z/node/case/bytes_len/napi/16777216,2026-09-29T10-24-40-196Z,node,runtime,node,,,v24.21.0,payload,bytes_len,bytes_len/napi/16777216,napi,napi,node-api,,,,16777216,uint8array,16777216,,case,3,48.69516285918367,49.16553632494066,48.02575764331684,48.69516285918367,48.02575764331684,49.16553632494066,0.023406404552333622,stable,false,true
2026-09-29T10-24-40-196Z/node/runtime/bytes_len/napi/16777216,2026-09-29T10-24-40-196Z,node,runtime,node,,,v24.21.0,payload,bytes_len,bytes_len/napi/16777216,napi,napi,node-api,,,,16777216,uint8array,16777216,,runtime,3,48.1849021580737,48.339711242112955,48.220688926605355,48.220688926605355,48.1849021580737,48.339711242112955,0.0032104287077873526,stable,false,true
2026-09-29T10-24-40-196Z/node/case/checksum_bytes/ts/16,2026-09-29T10-24-40-196Z,node,runtime,node,,,v24.21.0,payload,checksum_bytes,checksum_bytes/ts/16,ts,ts,none,,,,16,uint8array,16,,case,3,21.706600573070958,22.83221217480285,22.606938305635484,22.606938305635484,21.706600573070958,22.83221217480285,0.0497905371578468,stable,false,true
2026-09-29T10-24-40-196Z/node/runtime/checksum_bytes/ts/16,2026-09-29T10-24-40-196Z,node,runtime,node,,,v24.21.0,payload,checksum_bytes,checksum_bytes/ts/16,ts,ts,none,,,,16,uint8array,16,,runtime,3,21.986717430888923,22.506704932308466,22.317834199536016,22.317834199536016,21.986717430888923,22.506704932308466,0.023299191882622427,stable,false,true
2026-09-29T10-24-40-196Z/node/case/checksum_bytes/napi/16,2026-09-29T10-24-40-196Z,node,runtime,node,,,v24.21.0,payload,checksum_bytes,checksum_bytes/napi/16,napi,napi,node-api,,,,16,uint8array,16,,case,3,58.7394169280888,58.99967279469685,59.61870610436249,58.99967279469685,58.7394169280888,59.61870610436249,0.014903289028964269,stable,false,true
2026-09-29T10-24-40-196Z/node/runtime/checksum_bytes/napi/16,2026-09-29T10-24-40-196Z,node,runtime,node,,,v24.21.0,payload,checksum_bytes,checksum_bytes/napi/16,napi,napi,node-api,,,,16,uint8array,16,,runtime,3,58.66738466982175,58.668572217455456,58.90486647042449,58.668572217455456,58.66738466982175,58.90486647042449,0.004047853759292265,stable,false,true
2026-09-29T10-24-40-196Z/node/case/checksum_bytes/ts/64,2026-09-29T10-24-40-196Z,node,runtime,node,,,v24.21.0,payload,checksum_bytes,checksum_bytes/ts/64,ts,ts,none,,,,64,uint8array,64,,case,3,97.9188264956428,97.68232132026374,98.48888916250093,97.9188264956428,97.68232132026374,98.48888916250093,0.008237106908885154,stable,false,true
2026-09-29T10-24-40-196Z/node/runtime/checksum_bytes/ts/64,2026-09-29T10-24-40-196Z,node,runtime,node,,,v24.21.0,payload,checksum_bytes,checksum_bytes/ts/64,ts,ts,none,,,,64,uint8array,64,,runtime,3,97.81629154684352,97.76943330418683,97.78406678861033,97.78406678861033,97.76943330418683,97.81629154684352,0.0004792012052227361,stable,false,true
2026-09-29T10-24-40-196Z/node/case/checksum_bytes/napi/64,2026-09-29T10-24-40-196Z,node,runtime,node,,,v24.21.0,payload,checksum_bytes,checksum_bytes/napi/64,napi,napi,node-api,,,,64,uint8array,64,,case,3,141.66095694388503,141.6040500517239,142.69934593853537,141.66095694388503,141.6040500517239,142.69934593853537,0.007731811999867691,stable,false,true
2026-09-29T10-24-40-196Z/node/runtime/checksum_bytes/napi/64,2026-09-29T10-24-40-196Z,node,runtime,node,,,v24.21.0,payload,checksum_bytes,checksum_bytes/napi/64,napi,napi,node-api,,,,64,uint8array,64,,runtime,3,141.30188152275363,141.52132790235555,141.5399934727701,141.52132790235555,141.30188152275363,141.5399934727701,0.0016825163637579964,stable,false,true
2026-09-29T10-24-40-196Z/node/case/checksum_bytes/ts/1024,2026-09-29T10-24-40-196Z,node,runtime,node,,,v24.21.0,payload,checksum_bytes,checksum_bytes/ts/1024,ts,ts,none,,,,1024,uint8array,1024,,case,3,1770.275641025641,1770.6516902011126,1770.4510265183917,1770.4510265183917,1770.275641025641,1770.6516902011126,0.0002124030373271673,stable,false,true
2026-09-29T10-24-40-196Z/node/runtime/checksum_bytes/ts/1024,2026-09-29T10-24-40-196Z,node,runtime,node,,,v24.21.0,payload,checksum_bytes,checksum_bytes/ts/1024,ts,ts,none,,,,1024,uint8array,1024,,runtime,3,1770.1760669381974,1770.2654479461758,1770.0832300884956,1770.1760669381974,1770.0832300884956,1770.2654479461758,0.00010293770268587935,stable,false,true
2026-09-29T10-24-40-196Z/node/case/checksum_bytes/napi/1024,2026-09-29T10-24-40-196Z,node,runtime,node,,,v24.21.0,payload,checksum_bytes,checksum_bytes/napi/1024,napi,napi,node-api,,,,1024,uint8array,1024,,case,3,1821.17982336338,1820.8466860888566,1819.8880997905853,1820.8466860888566,1819.8880997905853,1821.17982336338,0.0007094082015049702,stable,false,true
2026-09-29T10-24-40-196Z/node/runtime/checksum_bytes/napi/1024,2026-09-29T10-24-40-196Z,node,runtime,node,,,v24.21.0,payload,checksum_bytes,checksum_bytes/napi/1024,napi,napi,node-api,,,,1024,uint8array,1024,,runtime,3,1820.3480713245997,1819.6661663027658,1819.405366075489,1819.6661663027658,1819.405366075489,1820.3480713245997,0.0005180649432121752,stable,false,true
2026-09-29T10-24-40-196Z/node/case/checksum_bytes/ts/65536,2026-09-29T10-24-40-196Z,node,runtime,node,,,v24.21.0,payload,checksum_bytes,checksum_bytes/ts/65536,ts,ts,none,,,,65536,uint8array,65536,,case,3,545768.448275862,546397.4542682928,546344.9248554914,546344.9248554914,545768.448275862,546397.4542682928,0.0011512983168958703,stable,false,true
2026-09-29T10-24-40-196Z/node/runtime/checksum_bytes/ts/65536,2026-09-29T10-24-40-196Z,node,runtime,node,,,v24.21.0,payload,checksum_bytes,checksum_bytes/ts/65536,ts,ts,none,,,,65536,uint8array,65536,,runtime,3,537666.9324324324,538322.4189189189,537517.527027027,537666.9324324324,537517.527027027,538322.4189189189,0.0014970083584098803,stable,false,true
2026-09-29T10-24-40-196Z/node/case/checksum_bytes/napi/65536,2026-09-29T10-24-40-196Z,node,runtime,node,,,v24.21.0,payload,checksum_bytes,checksum_bytes/napi/65536,napi,napi,node-api,,,,65536,uint8array,65536,,case,3,114623.57183908045,114577.99425287356,114597.14942528735,114597.14942528735,114577.99425287356,114623.57183908045,0.0003977200692641424,stable,false,true
2026-09-29T10-24-40-196Z/node/runtime/checksum_bytes/napi/65536,2026-09-29T10-24-40-196Z,node,runtime,node,,,v24.21.0,payload,checksum_bytes,checksum_bytes/napi/65536,napi,napi,node-api,,,,65536,uint8array,65536,,runtime,3,114571.93965517242,114736.86494252874,114559.95428571428,114571.93965517242,114559.95428571428,114736.86494252874,0.0015441010892100814,stable,false,true
2026-09-29T10-24-40-196Z/node/case/checksum_bytes/ts/1048576,2026-09-29T10-24-40-196Z,node,runtime,node,,,v24.21.0,payload,checksum_bytes,checksum_bytes/ts/1048576,ts,ts,none,,,,1048576,uint8array,1048576,,case,3,1835607.2272727273,1832230.4545454546,1837174.4545454546,1835607.2272727273,1832230.4545454546,1837174.4545454546,0.0026933866496840937,stable,true,true
2026-09-29T10-24-40-196Z/node/runtime/checksum_bytes/ts/1048576,2026-09-29T10-24-40-196Z,node,runtime,node,,,v24.21.0,payload,checksum_bytes,checksum_bytes/ts/1048576,ts,ts,none,,,,1048576,uint8array,1048576,,runtime,3,6464167,6477281.833333333,6467113.333333334,6467113.333333334,6464167,6477281.833333333,0.0020279269370053338,stable,true,true
2026-09-29T10-24-40-196Z/node/case/checksum_bytes/napi/1048576,2026-09-29T10-24-40-196Z,node,runtime,node,,,v24.21.0,payload,checksum_bytes,checksum_bytes/napi/1048576,napi,napi,node-api,,,,1048576,uint8array,1048576,,case,3,1834661.4545454546,1836151.5,1833122.9545454546,1834661.4545454546,1833122.9545454546,1836151.5,0.0016507380405480572,stable,false,true
2026-09-29T10-24-40-196Z/node/runtime/checksum_bytes/napi/1048576,2026-09-29T10-24-40-196Z,node,runtime,node,,,v24.21.0,payload,checksum_bytes,checksum_bytes/napi/1048576,napi,napi,node-api,,,,1048576,uint8array,1048576,,runtime,3,1832459.6818181819,1835423.7272727273,1832281.6818181819,1832459.6818181819,1832281.6818181819,1835423.7272727273,0.0017146600745004377,stable,false,true
2026-09-29T10-24-40-196Z/node/case/checksum_bytes/ts/16777216,2026-09-29T10-24-40-196Z,node,runtime,node,,,v24.21.0,payload,checksum_bytes,checksum_bytes/ts/16777216,ts,ts,none,,,,16777216,uint8array,16777216,,case,3,29410251,29369723.5,29359411.5,29369723.5,29359411.5,29410251,0.0017310173178852024,stable,false,true
2026-09-29T10-24-40-196Z/node/runtime/checksum_bytes/ts/16777216,2026-09-29T10-24-40-196Z,node,runtime,node,,,v24.21.0,payload,checksum_bytes,checksum_bytes/ts/16777216,ts,ts,none,,,,16777216,uint8array,16777216,,runtime,3,29346448,29413090.5,29339625,29346448,29339625,29413090.5,0.0025033864404986933,stable,false,true
2026-09-29T10-24-40-196Z/node/case/checksum_bytes/napi/16777216,2026-09-29T10-24-40-196Z,node,runtime,node,,,v24.21.0,payload,checksum_bytes,checksum_bytes/napi/16777216,napi,napi,node-api,,,,16777216,uint8array,16777216,,case,3,29400690.5,29450531.5,29355754.5,29400690.5,29355754.5,29450531.5,0.0032236317715055025,stable,false,true
2026-09-29T10-24-40-196Z/node/runtime/checksum_bytes/napi/16777216,2026-09-29T10-24-40-196Z,node,runtime,node,,,v24.21.0,payload,checksum_bytes,checksum_bytes/napi/16777216,napi,napi,node-api,,,,16777216,uint8array,16777216,,runtime,3,29344400.5,29423844,29341805.5,29344400.5,29341805.5,29423844,0.0027957122518144474,stable,false,true
2026-09-29T10-24-40-196Z/node/case/return_f64/ts,2026-09-29T10-24-40-196Z,node,runtime,node,,,v24.21.0,return,return_f64,return_f64/ts,ts,ts,none,,value,,,,,,case,3,0.8746064888021583,0.8734733326458632,0.8748279600358377,0.8746064888021583,0.8734733326458632,0.8748279600358377,0.0015488421448024722,stable,false,true
2026-09-29T10-24-40-196Z/node/runtime/return_f64/ts,2026-09-29T10-24-40-196Z,node,runtime,node,,,v24.21.0,return,return_f64,return_f64/ts,ts,ts,none,,value,,,,,,runtime,3,0.8733461364940607,0.8744529253595243,0.8733753033570295,0.8733753033570295,0.8733461364940607,0.8744529253595243,0.0012672545939980892,stable,false,true
2026-09-29T10-24-40-196Z/node/case/return_f64/napi,2026-09-29T10-24-40-196Z,node,runtime,node,,,v24.21.0,return,return_f64,return_f64/napi,napi,napi,node-api,,value,,,,,,case,3,29.162691396055028,29.833503373807346,29.11143456729163,29.162691396055028,29.11143456729163,29.833503373807346,0.024760019461488814,stable,false,true
2026-09-29T10-24-40-196Z/node/runtime/return_f64/napi,2026-09-29T10-24-40-196Z,node,runtime,node,,,v24.21.0,return,return_f64,return_f64/napi,napi,napi,node-api,,value,,,,,,runtime,3,28.641497446899223,28.615292654591617,28.564408990990703,28.615292654591617,28.564408990990703,28.641497446899223,0.0026939600736933236,stable,false,true
2026-09-29T10-24-40-196Z/node/case/return_string/napi/ascii/16,2026-09-29T10-24-40-196Z,node,runtime,node,,,v24.21.0,return,return_string,return_string/napi/ascii/16,napi,napi,node-api,,native-buffer+engine-copy,ascii,16,string-ascii,16,,case,3,71.10157452494892,70.74100356136714,69.33200313261399,70.74100356136714,69.33200313261399,71.10157452494892,0.025014790619980933,stable,false,true
2026-09-29T10-24-40-196Z/node/runtime/return_string/napi/ascii/16,2026-09-29T10-24-40-196Z,node,runtime,node,,,v24.21.0,return,return_string,return_string/napi/ascii/16,napi,napi,node-api,,native-buffer+engine-copy,ascii,16,string-ascii,16,,runtime,3,67.39357059521825,67.38321828976328,65.9989813153519,67.38321828976328,65.9989813153519,67.39357059521825,0.02069638873390254,stable,false,true
2026-09-29T10-24-40-196Z/node/case/return_string/napi/ascii/64,2026-09-29T10-24-40-196Z,node,runtime,node,,,v24.21.0,return,return_string,return_string/napi/ascii/64,napi,napi,node-api,,native-buffer+engine-copy,ascii,64,string-ascii,64,,case,3,111.44778469627785,111.7858664871511,111.0083015981333,111.44778469627785,111.0083015981333,111.7858664871511,0.0069769434281430395,stable,true,true
2026-09-29T10-24-40-196Z/node/runtime/return_string/napi/ascii/64,2026-09-29T10-24-40-196Z,node,runtime,node,,,v24.21.0,return,return_string,return_string/napi/ascii/64,napi,napi,node-api,,native-buffer+engine-copy,ascii,64,string-ascii,64,,runtime,3,105.91812508834292,103.46910723589446,103.54293248220503,103.54293248220503,103.46910723589446,105.91812508834292,0.023652197148939676,stable,true,true
2026-09-29T10-24-40-196Z/node/case/return_string/napi/ascii/1024,2026-09-29T10-24-40-196Z,node,runtime,node,,,v24.21.0,return,return_string,return_string/napi/ascii/1024,napi,napi,node-api,,native-buffer+engine-copy,ascii,1024,string-ascii,1024,,case,3,894.5536754818468,892.0589768947227,894.2274893234435,894.2274893234435,892.0589768947227,894.5536754818468,0.002789780695526921,stable,false,true
2026-09-29T10-24-40-196Z/node/runtime/return_string/napi/ascii/1024,2026-09-29T10-24-40-196Z,node,runtime,node,,,v24.21.0,return,return_string,return_string/napi/ascii/1024,napi,napi,node-api,,native-buffer+engine-copy,ascii,1024,string-ascii,1024,,runtime,3,862.6026741427647,852.6532264939051,858.9095503211992,858.9095503211992,852.6532264939051,862.6026741427647,0.011583813039613916,stable,false,true
2026-09-29T10-24-40-196Z/node/case/return_string/napi/ascii/65536,2026-09-29T10-24-40-196Z,node,runtime,node,,,v24.21.0,return,return_string,return_string/napi/ascii/65536,napi,napi,node-api,,native-buffer+engine-copy,ascii,65536,string-ascii,65536,,case,3,53486.01347708895,53545.51347708895,53439.66442048518,53486.01347708895,53439.66442048518,53545.51347708895,0.001979004411108592,stable,false,true
2026-09-29T10-24-40-196Z/node/runtime/return_string/napi/ascii/65536,2026-09-29T10-24-40-196Z,node,runtime,node,,,v24.21.0,return,return_string,return_string/napi/ascii/65536,napi,napi,node-api,,native-buffer+engine-copy,ascii,65536,string-ascii,65536,,runtime,3,51276.891304347824,51978.43134715026,51062.608695652176,51276.891304347824,51062.608695652176,51978.43134715026,0.01786033880373773,stable,false,true
2026-09-29T10-24-40-196Z/node/case/return_string/napi/utf8/16,2026-09-29T10-24-40-196Z,node,runtime,node,,,v24.21.0,return,return_string,return_string/napi/utf8/16,napi,napi,node-api,,native-buffer+engine-copy,utf8,16,string-utf8,16,,case,3,136.63985598769924,136.82341594013866,137.17886455707756,136.82341594013866,136.63985598769924,137.17886455707756,0.0039394468094126915,stable,false,true
2026-09-29T10-24-40-196Z/node/runtime/return_string/napi/utf8/16,2026-09-29T10-24-40-196Z,node,runtime,node,,,v24.21.0,return,return_string,return_string/napi/utf8/16,napi,napi,node-api,,native-buffer+engine-copy,utf8,16,string-utf8,16,,runtime,3,133.69655033421787,131.52878761465428,133.25080337916182,133.25080337916182,131.52878761465428,133.69655033421787,0.016268290055972745,stable,false,true
2026-09-29T10-24-40-196Z/node/case/return_string/napi/utf8/64,2026-09-29T10-24-40-196Z,node,runtime,node,,,v24.21.0,return,return_string,return_string/napi/utf8/64,napi,napi,node-api,,native-buffer+engine-copy,utf8,64,string-utf8,64,,case,3,401.9682943405552,404.04049948350246,401.3248273100411,401.9682943405552,401.3248273100411,404.04049948350246,0.006755936255909283,stable,false,true
2026-09-29T10-24-40-196Z/node/runtime/return_string/napi/utf8/64,2026-09-29T10-24-40-196Z,node,runtime,node,,,v24.21.0,return,return_string,return_string/napi/utf8/64,napi,napi,node-api,,native-buffer+engine-copy,utf8,64,string-utf8,64,,runtime,3,402.0498647234236,395.1575721667508,387.65344542022956,395.1575721667508,387.65344542022956,402.0498647234236,0.036432097768631246,stable,false,true
2026-09-29T10-24-40-196Z/node/case/return_string/napi/utf8/1024,2026-09-29T10-24-40-196Z,node,runtime,node,,,v24.21.0,return,return_string,return_string/napi/utf8/1024,napi,napi,node-api,,native-buffer+engine-copy,utf8,1024,string-utf8,1024,,case,3,6010.293555032372,6016.872162485066,5983.53078078078,6010.293555032372,5983.53078078078,6016.872162485066,0.005547379907320686,stable,false,true
2026-09-29T10-24-40-196Z/node/runtime/return_string/napi/utf8/1024,2026-09-29T10-24-40-196Z,node,runtime,node,,,v24.21.0,return,return_string,return_string/napi/utf8/1024,napi,napi,node-api,,native-buffer+engine-copy,utf8,1024,string-utf8,1024,,runtime,3,5857.433855526545,5845.714974389877,5817.895583503949,5845.714974389877,5817.895583503949,5857.433855526545,0.00676363322464637,stable,false,true
2026-09-29T10-24-40-196Z/node/case/return_string/napi/utf8/65536,2026-09-29T10-24-40-196Z,node,runtime,node,,,v24.21.0,return,return_string,return_string/napi/utf8/65536,napi,napi,node-api,,native-buffer+engine-copy,utf8,65536,string-utf8,65536,,case,3,389516.45192307694,389789.8365384615,384508.7403846154,389516.45192307694,384508.7403846154,389789.8365384615,0.013558082406462914,stable,false,true
2026-09-29T10-24-40-196Z/node/runtime/return_string/napi/utf8/65536,2026-09-29T10-24-40-196Z,node,runtime,node,,,v24.21.0,return,return_string,return_string/napi/utf8/65536,napi,napi,node-api,,native-buffer+engine-copy,utf8,65536,string-utf8,65536,,runtime,3,379237.7403846154,379167.8173076923,378875.7358490566,379167.8173076923,378875.7358490566,379237.7403846154,0.0009547343393465947,stable,false,true
2026-09-29T10-24-40-196Z/node/case/return_bytes/ts/16,2026-09-29T10-24-40-196Z,node,runtime,node,,,v24.21.0,return,return_bytes,return_bytes/ts/16,ts,ts,none,,js-alloc+js-fill,,16,uint8array,16,,case,3,53.36170068749502,54.56829803074557,53.70595617871301,53.70595617871301,53.36170068749502,54.56829803074557,0.02246673235339942,stable,true,true
2026-09-29T10-24-40-196Z/node/runtime/return_bytes/ts/16,2026-09-29T10-24-40-196Z,node,runtime,node,,,v24.21.0,return,return_bytes,return_bytes/ts/16,ts,ts,none,,js-alloc+js-fill,,16,uint8array,16,,runtime,3,47.45411716509627,41.08038642112824,43.92687254976904,43.92687254976904,41.08038642112824,47.45411716509627,0.14509866908340927,unstable,true,true
2026-09-29T10-24-40-196Z/node/case/return_bytes/napi/16,2026-09-29T10-24-40-196Z,node,runtime,node,,,v24.21.0,return,return_bytes,return_bytes/napi/16,napi,napi,node-api,,js-alloc+native-fill,,16,uint8array,16,,case,3,2086.233993902439,1995.7630102701303,1908.6422831481918,1995.7630102701303,1908.6422831481918,2086.233993902439,0.08898436830443607,unstable,false,true
2026-09-29T10-24-40-196Z/node/runtime/return_bytes/napi/16,2026-09-29T10-24-40-196Z,node,runtime,node,,,v24.21.0,return,return_bytes,return_bytes/napi/16,napi,napi,node-api,,js-alloc+native-fill,,16,uint8array,16,,runtime,3,1910.071037744598,3000.687040788928,2459.130013070097,2459.130013070097,1910.071037744598,3000.687040788928,0.44349668266736003,unstable,false,true
2026-09-29T10-24-40-196Z/node/case/return_bytes/ts/64,2026-09-29T10-24-40-196Z,node,runtime,node,,,v24.21.0,return,return_bytes,return_bytes/ts/64,ts,ts,none,,js-alloc+js-fill,,64,uint8array,64,,case,3,132.14987209064049,132.18496762809457,132.66763686809685,132.18496762809457,132.14987209064049,132.66763686809685,0.003916971700693735,stable,true,true
2026-09-29T10-24-40-196Z/node/runtime/return_bytes/ts/64,2026-09-29T10-24-40-196Z,node,runtime,node,,,v24.21.0,return,return_bytes,return_bytes/ts/64,ts,ts,none,,js-alloc+js-fill,,64,uint8array,64,,runtime,3,124.64519222304665,125.82149013598928,126.08705968242381,125.82149013598928,124.64519222304665,126.08705968242381,0.011459627904730563,stable,true,true
2026-09-29T10-24-40-196Z/node/case/return_bytes/napi/64,2026-09-29T10-24-40-196Z,node,runtime,node,,,v24.21.0,return,return_bytes,return_bytes/napi/64,napi,napi,node-api,,js-alloc+native-fill,,64,uint8array,64,,case,3,2189.018622801818,1978.7315133475954,1908.213914057594,1978.7315133475954,1908.213914057594,2189.018622801818,0.14191147553371794,unstable,false,true
2026-09-29T10-24-40-196Z/node/runtime/return_bytes/napi/64,2026-09-29T10-24-40-196Z,node,runtime,node,,,v24.21.0,return,return_bytes,return_bytes/napi/64,napi,napi,node-api,,js-alloc+native-fill,,64,uint8array,64,,runtime,3,1908.3992388016004,2218.8499702667787,1933.9260891463107,1933.9260891463107,1908.3992388016004,2218.8499702667787,0.16052874678484735,unstable,false,true
2026-09-29T10-24-40-196Z/node/case/return_bytes/ts/1024,2026-09-29T10-24-40-196Z,node,runtime,node,,,v24.21.0,return,return_bytes,return_bytes/ts/1024,ts,ts,none,,js-alloc+js-fill,,1024,uint8array,1024,,case,3,2554.7427618412275,2749.8908931698775,2714.676656705924,2714.676656705924,2554.7427618412275,2749.8908931698775,0.07188632607370962,unstable,false,true
2026-09-29T10-24-40-196Z/node/runtime/return_bytes/ts/1024,2026-09-29T10-24-40-196Z,node,runtime,node,,,v24.21.0,return,return_bytes,return_bytes/ts/1024,ts,ts,none,,js-alloc+js-fill,,1024,uint8array,1024,,runtime,3,2763.808994264932,3221.774776890559,1786.5053100109324,2763.808994264932,1786.5053100109324,3221.774776890559,0.5193084868954028,unstable,false,true
2026-09-29T10-24-40-196Z/node/case/return_bytes/napi/1024,2026-09-29T10-24-40-196Z,node,runtime,node,,,v24.21.0,return,return_bytes,return_bytes/napi/1024,napi,napi,node-api,,js-alloc+native-fill,,1024,uint8array,1024,,case,3,2380.293799295184,2298.024471830986,2340.4736731785024,2340.4736731785024,2298.024471830986,2380.293799295184,0.035150716885642745,stable,false,true
2026-09-29T10-24-40-196Z/node/runtime/return_bytes/napi/1024,2026-09-29T10-24-40-196Z,node,runtime,node,,,v24.21.0,return,return_bytes,return_bytes/napi/1024,napi,napi,node-api,,js-alloc+native-fill,,1024,uint8array,1024,,runtime,3,645.7742624223603,2355.647724565166,575.6563088512241,645.7742624223603,575.6563088512241,2355.647724565166,2.75636785064339,unstable,false,true
2026-09-29T10-24-40-196Z/node/case/return_bytes/ts/65536,2026-09-29T10-24-40-196Z,node,runtime,node,,,v24.21.0,return,return_bytes,return_bytes/ts/65536,ts,ts,none,,js-alloc+js-fill,,65536,uint8array,65536,,case,3,134537.59523809524,134854.34210526315,134814.11538461538,134814.11538461538,134537.59523809524,134854.34210526315,0.002349508182168106,stable,true,true
2026-09-29T10-24-40-196Z/node/runtime/return_bytes/ts/65536,2026-09-29T10-24-40-196Z,node,runtime,node,,,v24.21.0,return,return_bytes,return_bytes/ts/65536,ts,ts,none,,js-alloc+js-fill,,65536,uint8array,65536,,runtime,3,91530.01111111112,91471.7475,91378.47101449275,91471.7475,91378.47101449275,91530.01111111112,0.0016566874555268127,stable,true,true
2026-09-29T10-24-40-196Z/node/case/return_bytes/napi/65536,2026-09-29T10-24-40-196Z,node,runtime,node,,,v24.21.0,return,return_bytes,return_bytes/napi/65536,napi,napi,node-api,,js-alloc+native-fill,,65536,uint8array,65536,,case,3,10100.50501002004,9552.014705882353,11995.401803607214,10100.50501002004,9552.014705882353,11995.401803607214,0.2419074190152808,unstable,false,true
2026-09-29T10-24-40-196Z/node/runtime/return_bytes/napi/65536,2026-09-29T10-24-40-196Z,node,runtime,node,,,v24.21.0,return,return_bytes,return_bytes/napi/65536,napi,napi,node-api,,js-alloc+native-fill,,65536,uint8array,65536,,runtime,3,12075.34461746784,11428.230875831487,11943.765392093326,11943.765392093326,11428.230875831487,12075.34461746784,0.05418004460006696,unstable,false,true
2026-09-29T10-24-40-196Z/node/case/return_bytes/ts/1048576,2026-09-29T10-24-40-196Z,node,runtime,node,,,v24.21.0,return,return_bytes,return_bytes/ts/1048576,ts,ts,none,,js-alloc+js-fill,,1048576,uint8array,1048576,,case,3,1459182.6818181816,1457382.2272727273,1463098.2272727273,1459182.6818181816,1457382.2272727273,1463098.2272727273,0.003917261403402696,stable,false,true
2026-09-29T10-24-40-196Z/node/runtime/return_bytes/ts/1048576,2026-09-29T10-24-40-196Z,node,runtime,node,,,v24.21.0,return,return_bytes,return_bytes/ts/1048576,ts,ts,none,,js-alloc+js-fill,,1048576,uint8array,1048576,,runtime,3,1459364.4285714286,1458173.8214285714,1461617.8571428573,1459364.4285714286,1458173.8214285714,1461617.8571428573,0.0023599559142724064,stable,false,true
2026-09-29T10-24-40-196Z/node/case/return_bytes/napi/1048576,2026-09-29T10-24-40-196Z,node,runtime,node,,,v24.21.0,return,return_bytes,return_bytes/napi/1048576,napi,napi,node-api,,js-alloc+native-fill,,1048576,uint8array,1048576,,case,3,181587.11702127662,190342.80681818182,194071.93975903615,190342.80681818182,181587.11702127662,194071.93975903615,0.0655912505781488,unstable,false,true
2026-09-29T10-24-40-196Z/node/runtime/return_bytes/napi/1048576,2026-09-29T10-24-40-196Z,node,runtime,node,,,v24.21.0,return,return_bytes,return_bytes/napi/1048576,napi,napi,node-api,,js-alloc+native-fill,,1048576,uint8array,1048576,,runtime,3,199911.92083333334,179546.62844036697,190051.32539682538,190051.32539682538,179546.62844036697,199911.92083333334,0.10715680277653328,unstable,false,true
2026-09-29T10-24-40-196Z/node/case/return_bytes/ts/16777216,2026-09-29T10-24-40-196Z,node,runtime,node,,,v24.21.0,return,return_bytes,return_bytes/ts/16777216,ts,ts,none,,js-alloc+js-fill,,16777216,uint8array,16777216,,case,3,29523053,29544063,29741085.5,29544063,29523053,29741085.5,0.007379909120827423,stable,true,true
2026-09-29T10-24-40-196Z/node/runtime/return_bytes/ts/16777216,2026-09-29T10-24-40-196Z,node,runtime,node,,,v24.21.0,return,return_bytes,return_bytes/ts/16777216,ts,ts,none,,js-alloc+js-fill,,16777216,uint8array,16777216,,runtime,3,31136430.5,31137307,31151586,31137307,31136430.5,31151586,0.0004867312385107678,stable,true,true
2026-09-29T10-24-40-196Z/node/case/return_bytes/napi/16777216,2026-09-29T10-24-40-196Z,node,runtime,node,,,v24.21.0,return,return_bytes,return_bytes/napi/16777216,napi,napi,node-api,,js-alloc+native-fill,,16777216,uint8array,16777216,,case,3,2378016.7857142854,2309975.5833333335,2306425.6428571427,2309975.5833333335,2306425.6428571427,2378016.7857142854,0.030992164321423477,stable,true,true
2026-09-29T10-24-40-196Z/node/runtime/return_bytes/napi/16777216,2026-09-29T10-24-40-196Z,node,runtime,node,,,v24.21.0,return,return_bytes,return_bytes/napi/16777216,napi,napi,node-api,,js-alloc+native-fill,,16777216,uint8array,16777216,,runtime,3,2460861.6875,2406171.2142857146,2542116.6428571427,2460861.6875,2406171.2142857146,2542116.6428571427,0.055243018842532236,unstable,true,true
2026-09-29T10-24-40-196Z/node/case/return_rows/ts/1,2026-09-29T10-24-40-196Z,node,runtime,node,,,v24.21.0,return,return_rows,return_rows/ts/1,ts,ts,none,,js-objects,,1,rows,,1,case,3,24.114046311060044,26.416413921543352,27.19145050493802,26.416413921543352,24.114046311060044,27.19145050493802,0.11649591057354934,unstable,true,true
2026-09-29T10-24-40-196Z/node/runtime/return_rows/ts/1,2026-09-29T10-24-40-196Z,node,runtime,node,,,v24.21.0,return,return_rows,return_rows/ts/1,ts,ts,none,,js-objects,,1,rows,,1,runtime,3,28.118576077199283,31.45740637853838,31.779046100158695,31.45740637853838,28.118576077199283,31.779046100158695,0.11636274074574518,unstable,true,true
2026-09-29T10-24-40-196Z/node/case/return_rows/napi.objects/1,2026-09-29T10-24-40-196Z,node,runtime,node,,,v24.21.0,return,return_rows,return_rows/napi.objects/1,napi.objects,napi,node-api,objects,native-objects,,1,rows,,1,case,3,1078.609935602576,1079.5041164442532,1076.3009935553168,1078.609935602576,1076.3009935553168,1079.5041164442532,0.0029696767878806176,stable,false,true
2026-09-29T10-24-40-196Z/node/runtime/return_rows/napi.objects/1,2026-09-29T10-24-40-196Z,node,runtime,node,,,v24.21.0,return,return_rows,return_rows/napi.objects/1,napi.objects,napi,node-api,objects,native-objects,,1,rows,,1,runtime,3,1092.9469552417818,1089.4727134229283,1096.7629224652087,1092.9469552417818,1089.4727134229283,1096.7629224652087,0.006670231347748827,stable,false,true
2026-09-29T10-24-40-196Z/node/case/return_rows/napi.packed/1,2026-09-29T10-24-40-196Z,node,runtime,node,,,v24.21.0,return,return_rows,return_rows/napi.packed/1,napi.packed,napi,node-api,packed,js-alloc+native-fill+js-decode,,1,rows,,1,case,3,2247.202017257463,1998.4913253443033,2270.7085315743943,2247.202017257463,1998.4913253443033,2270.7085315743943,0.12113606348676706,unstable,false,true
2026-09-29T10-24-40-196Z/node/runtime/return_rows/napi.packed/1,2026-09-29T10-24-40-196Z,node,runtime,node,,,v24.21.0,return,return_rows,return_rows/napi.packed/1,napi.packed,napi,node-api,packed,js-alloc+native-fill+js-decode,,1,rows,,1,runtime,3,1920.393469502483,2103.1451917732074,2187.6918394950408,2103.1451917732074,1920.393469502483,2187.6918394950408,0.12709458721068742,unstable,false,true
2026-09-29T10-24-40-196Z/node/case/return_rows/ts/10,2026-09-29T10-24-40-196Z,node,runtime,node,,,v24.21.0,return,return_rows,return_rows/ts/10,ts,ts,none,,js-objects,,10,rows,,10,case,3,204.41621515071873,255.04049867966688,198.04790631653654,204.41621515071873,198.04790631653654,255.04049867966688,0.27880661189773503,unstable,false,true
2026-09-29T10-24-40-196Z/node/runtime/return_rows/ts/10,2026-09-29T10-24-40-196Z,node,runtime,node,,,v24.21.0,return,return_rows,return_rows/ts/10,ts,ts,none,,js-objects,,10,rows,,10,runtime,3,194.36177055856356,210.76448396259912,258.00578073188063,210.76448396259912,194.36177055856356,258.00578073188063,0.3019674329220046,unstable,false,true
2026-09-29T10-24-40-196Z/node/case/return_rows/napi.objects/10,2026-09-29T10-24-40-196Z,node,runtime,node,,,v24.21.0,return,return_rows,return_rows/napi.objects/10,napi.objects,napi,node-api,objects,native-objects,,10,rows,,10,case,3,9593.821057834899,9675.672768304914,9637.902054108217,9637.902054108217,9593.821057834899,9675.672768304914,0.008492689592661418,stable,false,true
2026-09-29T10-24-40-196Z/node/runtime/return_rows/napi.objects/10,2026-09-29T10-24-40-196Z,node,runtime,node,,,v24.21.0,return,return_rows,return_rows/napi.objects/10,napi.objects,napi,node-api,objects,native-objects,,10,rows,,10,runtime,3,9600.29271235521,9583.129682997118,9632.401544401546,9600.29271235521,9583.129682997118,9632.401544401546,0.0051323290737809385,stable,false,true
2026-09-29T10-24-40-196Z/node/case/return_rows/napi.packed/10,2026-09-29T10-24-40-196Z,node,runtime,node,,,v24.21.0,return,return_rows,return_rows/napi.packed/10,napi.packed,napi,node-api,packed,js-alloc+native-fill+js-decode,,10,rows,,10,case,3,3052.77011405672,2943.7601169410677,3011.6035877862596,3011.6035877862596,2943.7601169410677,3052.77011405672,0.036196661990226406,stable,false,true
2026-09-29T10-24-40-196Z/node/runtime/return_rows/napi.packed/10,2026-09-29T10-24-40-196Z,node,runtime,node,,,v24.21.0,return,return_rows,return_rows/napi.packed/10,napi.packed,napi,node-api,packed,js-alloc+native-fill+js-decode,,10,rows,,10,runtime,3,3015.538167355056,3053.9151119402986,3072.781744799752,3053.9151119402986,3015.538167355056,3072.781744799752,0.018744325020981417,stable,false,true
2026-09-29T10-24-40-196Z/node/case/return_rows/ts/100,2026-09-29T10-24-40-196Z,node,runtime,node,,,v24.21.0,return,return_rows,return_rows/ts/100,ts,ts,none,,js-objects,,100,rows,,100,case,3,2379.7497354497355,2381.9669347631816,2384.8649766812096,2381.9669347631816,2379.7497354497355,2384.8649766812096,0.0021474862462701086,stable,true,true
2026-09-29T10-24-40-196Z/node/runtime/return_rows/ts/100,2026-09-29T10-24-40-196Z,node,runtime,node,,,v24.21.0,return,return_rows,return_rows/ts/100,ts,ts,none,,js-objects,,100,rows,,100,runtime,3,1757.445636274988,1780.2646655567526,1771.6017239690468,1771.6017239690468,1757.445636274988,1780.2646655567526,0.012880451047790543,stable,true,true
2026-09-29T10-24-40-196Z/node/case/return_rows/napi.objects/100,2026-09-29T10-24-40-196Z,node,runtime,node,,,v24.21.0,return,return_rows,return_rows/napi.objects/100,napi.objects,napi,node-api,objects,native-objects,,100,rows,,100,case,3,94646.1,94724.52644230769,96224.4781553398,94724.52644230769,94646.1,96224.4781553398,0.016662824451290522,stable,false,true
2026-09-29T10-24-40-196Z/node/runtime/return_rows/napi.objects/100,2026-09-29T10-24-40-196Z,node,runtime,node,,,v24.21.0,return,return_rows,return_rows/napi.objects/100,napi.objects,napi,node-api,objects,native-objects,,100,rows,,100,runtime,3,94062.25235849057,94046.25,94470.77122641509,94062.25235849057,94046.25,94470.77122641509,0.004513194355554584,stable,false,true
2026-09-29T10-24-40-196Z/node/case/return_rows/napi.packed/100,2026-09-29T10-24-40-196Z,node,runtime,node,,,v24.21.0,return,return_rows,return_rows/napi.packed/100,napi.packed,napi,node-api,packed,js-alloc+native-fill+js-decode,,100,rows,,100,case,3,22770.97976878613,22212.991124260356,22471.36146272855,22471.36146272855,22212.991124260356,22770.97976878613,0.024831100930456023,stable,false,true
2026-09-29T10-24-40-196Z/node/runtime/return_rows/napi.packed/100,2026-09-29T10-24-40-196Z,node,runtime,node,,,v24.21.0,return,return_rows,return_rows/napi.packed/100,napi.packed,napi,node-api,packed,js-alloc+native-fill+js-decode,,100,rows,,100,runtime,3,22100.70682068207,22168.07326621924,22285.80888888889,22168.07326621924,22100.70682068207,22285.80888888889,0.008349939391840902,stable,false,true
2026-09-29T10-24-40-196Z/node/case/return_rows/ts/1000,2026-09-29T10-24-40-196Z,node,runtime,node,,,v24.21.0,return,return_rows,return_rows/ts/1000,ts,ts,none,,js-objects,,1000,rows,,1000,case,3,19517.90670553936,19252.679300291544,26395.749335106382,19517.90670553936,19252.679300291544,26395.749335106382,0.36597521151115914,unstable,false,true
2026-09-29T10-24-40-196Z/node/runtime/return_rows/ts/1000,2026-09-29T10-24-40-196Z,node,runtime,node,,,v24.21.0,return,return_rows,return_rows/ts/1000,ts,ts,none,,js-objects,,1000,rows,,1000,runtime,3,17333.007819287574,17306.91455972101,23862.42124105012,17333.007819287574,17306.91455972101,23862.42124105012,0.3782094111810396,unstable,false,true
2026-09-29T10-24-40-196Z/node/case/return_rows/napi.objects/1000,2026-09-29T10-24-40-196Z,node,runtime,node,,,v24.21.0,return,return_rows,return_rows/napi.objects/1000,napi.objects,napi,node-api,objects,native-objects,,1000,rows,,1000,case,3,953104.4285714286,952260.5714285714,958260.4523809524,953104.4285714286,952260.5714285714,958260.4523809524,0.006295092932653825,stable,false,true
2026-09-29T10-24-40-196Z/node/runtime/return_rows/napi.objects/1000,2026-09-29T10-24-40-196Z,node,runtime,node,,,v24.21.0,return,return_rows,return_rows/napi.objects/1000,napi.objects,napi,node-api,objects,native-objects,,1000,rows,,1000,runtime,3,941595.4523809524,942901.119047619,954340.1904761905,942901.119047619,941595.4523809524,954340.1904761905,0.013516516035224328,stable,false,true
2026-09-29T10-24-40-196Z/node/case/return_rows/napi.packed/1000,2026-09-29T10-24-40-196Z,node,runtime,node,,,v24.21.0,return,return_rows,return_rows/napi.packed/1000,napi.packed,napi,node-api,packed,js-alloc+native-fill+js-decode,,1000,rows,,1000,case,3,215337.7967032967,218506.26785714287,213313.63736263735,215337.7967032967,213313.63736263735,218506.26785714287,0.024113883275494755,stable,false,true
2026-09-29T10-24-40-196Z/node/runtime/return_rows/napi.packed/1000,2026-09-29T10-24-40-196Z,node,runtime,node,,,v24.21.0,return,return_rows,return_rows/napi.packed/1000,napi.packed,napi,node-api,packed,js-alloc+native-fill+js-decode,,1000,rows,,1000,runtime,3,211482.4736842105,212857.54255319148,213125.3989361702,212857.54255319148,211482.4736842105,213125.3989361702,0.007718426287615118,stable,false,true
2026-09-29T10-24-40-196Z/node/case/return_rows/ts/10000,2026-09-29T10-24-40-196Z,node,runtime,node,,,v24.21.0,return,return_rows,return_rows/ts/10000,ts,ts,none,,js-objects,,10000,rows,,10000,case,3,305798.05319148937,309365.9431818182,313897.31395348837,309365.9431818182,305798.05319148937,313897.31395348837,0.026180195139446766,stable,true,true
2026-09-29T10-24-40-196Z/node/runtime/return_rows/ts/10000,2026-09-29T10-24-40-196Z,node,runtime,node,,,v24.21.0,return,return_rows,return_rows/ts/10000,ts,ts,none,,js-objects,,10000,rows,,10000,runtime,3,184397.43119266053,184998.6605504587,181835.39449541282,184397.43119266053,181835.39449541282,184998.6605504587,0.017154610205718464,stable,true,true
2026-09-29T10-24-40-196Z/node/case/return_rows/napi.objects/10000,2026-09-29T10-24-40-196Z,node,runtime,node,,,v24.21.0,return,return_rows,return_rows/napi.objects/10000,napi.objects,napi,node-api,objects,native-objects,,10000,rows,,10000,case,3,9674810.25,9690439.5,9614412.5,9674810.25,9614412.5,9690439.5,0.00785824197430642,stable,false,true
2026-09-29T10-24-40-196Z/node/runtime/return_rows/napi.objects/10000,2026-09-29T10-24-40-196Z,node,runtime,node,,,v24.21.0,return,return_rows,return_rows/napi.objects/10000,napi.objects,napi,node-api,objects,native-objects,,10000,rows,,10000,runtime,3,9403128.5,9387109,9533083,9403128.5,9387109,9533083,0.015523982257607136,stable,false,true
2026-09-29T10-24-40-196Z/node/case/return_rows/napi.packed/10000,2026-09-29T10-24-40-196Z,node,runtime,node,,,v24.21.0,return,return_rows,return_rows/napi.packed/10000,napi.packed,napi,node-api,packed,js-alloc+native-fill+js-decode,,10000,rows,,10000,case,3,2102518.7142857146,2098802.6500000004,2079112.6875,2098802.6500000004,2079112.6875,2102518.7142857146,0.011152085588282705,stable,false,true
2026-09-29T10-24-40-196Z/node/runtime/return_rows/napi.packed/10000,2026-09-29T10-24-40-196Z,node,runtime,node,,,v24.21.0,return,return_rows,return_rows/napi.packed/10000,napi.packed,napi,node-api,packed,js-alloc+native-fill+js-decode,,10000,rows,,10000,runtime,3,2051815.65,2083199.6,2086957.4444444445,2083199.6,2051815.65,2086957.4444444445,0.016869144197437725,stable,false,true
2026-09-29T10-24-40-196Z/bun/case/noop/ts,2026-09-29T10-24-40-196Z,bun,runtime,bun,,,1.4.2,boundary,noop,noop/ts,ts,ts,none,,,,,,,,case,3,0.2547719697828067,0.25464680606132845,0.26675475408198107,0.2547719697828067,0.25464680606132845,0.26675475408198107,0.0475246473580852,stable,true,true
2026-09-29T10-24-40-196Z/bun/runtime/noop/ts,2026-09-29T10-24-40-196Z,bun,runtime,bun,,,1.4.2,boundary,noop,noop/ts,ts,ts,none,,,,,,,,runtime,3,0.26947724058787936,0.26846504313867386,0.268512238344647,0.268512238344647,0.26846504313867386,0.26947724058787936,0.0037696510797630748,stable,true,true
2026-09-29T10-24-40-196Z/bun/case/noop/napi,2026-09-29T10-24-40-196Z,bun,runtime,bun,,,1.4.2,boundary,noop,noop/napi,napi,napi,node-api,,,,,,,,case,3,66.27158374286282,77.75361231490503,71.63368327715025,71.63368327715025,66.27158374286282,77.75361231490503,0.160288122106165,unstable,true,true
2026-09-29T10-24-40-196Z/bun/runtime/noop/napi,2026-09-29T10-24-40-196Z,bun,runtime,bun,,,1.4.2,boundary,noop,noop/napi,napi,napi,node-api,,,,,,,,runtime,3,55.02684406118345,54.99549723910819,56.53039235120999,55.02684406118345,54.99549723910819,56.53039235120999,0.027893569734713033,stable,true,true
2026-09-29T10-24-40-196Z/bun/case/noop/ffi,2026-09-29T10-24-40-196Z,bun,runtime,bun,,,1.4.2,boundary,noop,noop/ffi,ffi,ffi,bun:ffi,,,,,,,,case,3,2.187834485866029,2.1874371562689063,2.1878664822960334,2.187834485866029,2.1874371562689063,2.1878664822960334,0.0001962333210764535,stable,false,true
2026-09-29T10-24-40-196Z/bun/runtime/noop/ffi,2026-09-29T10-24-40-196Z,bun,runtime,bun,,,1.4.2,boundary,noop,noop/ffi,ffi,ffi,bun:ffi,,,,,,,,runtime,3,2.2277410189654576,2.1867046799439156,3.062131853164666,2.2277410189654576,2.1867046799439156,3.062131853164666,0.3929663124070367,unstable,false,true
2026-09-29T10-24-40-196Z/bun/case/noop/wasm.inlineable,2026-09-29T10-24-40-196Z,bun,runtime,bun,,,1.4.2,boundary,noop,noop/wasm.inlineable,wasm.inlineable,wasm,WebAssembly,inlineable,,,,,,,case,3,2.689254943577027,2.68001401975076,2.627365762913901,2.68001401975076,2.627365762913901,2.689254943577027,0.023092857054860392,stable,false,true
2026-09-29T10-24-40-196Z/bun/runtime/noop/wasm.inlineable,2026-09-29T10-24-40-196Z,bun,runtime,bun,,,1.4.2,boundary,noop,noop/wasm.inlineable,wasm.inlineable,wasm,WebAssembly,inlineable,,,,,,,runtime,3,2.240232678909204,2.7547566105643,2.692890334828313,2.692890334828313,2.240232678909204,2.7547566105643,0.19106753995903053,unstable,false,true
2026-09-29T10-24-40-196Z/bun/case/add_i32/ts,2026-09-29T10-24-40-196Z,bun,runtime,bun,,,1.4.2,boundary,add_i32,add_i32/ts,ts,ts,none,,,,,,,,case,3,0.44901657408943696,0.4493859237789555,0.4494312300134371,0.4493859237789555,0.44901657408943696,0.4494312300134371,0.0009227167609373133,stable,false,true
2026-09-29T10-24-40-196Z/bun/runtime/add_i32/ts,2026-09-29T10-24-40-196Z,bun,runtime,bun,,,1.4.2,boundary,add_i32,add_i32/ts,ts,ts,none,,,,,,,,runtime,3,0.4488417562764002,0.4480799762124157,0.44805205659155234,0.4480799762124157,0.44805205659155234,0.4488417562764002,0.0017624078887058202,stable,false,true
2026-09-29T10-24-40-196Z/bun/case/add_i32/napi,2026-09-29T10-24-40-196Z,bun,runtime,bun,,,1.4.2,boundary,add_i32,add_i32/napi,napi,napi,node-api,,,,,,,,case,3,88.67097976500443,94.33440962707019,93.93333653446012,93.93333653446012,88.67097976500443,94.33440962707019,0.060292012090809574,unstable,true,true
2026-09-29T10-24-40-196Z/bun/runtime/add_i32/napi,2026-09-29T10-24-40-196Z,bun,runtime,bun,,,1.4.2,boundary,add_i32,add_i32/napi,napi,napi,node-api,,,,,,,,runtime,3,78.05441564792176,77.99639087118787,78.01945516184026,78.01945516184026,77.99639087118787,78.05441564792176,0.0007437218910786209,stable,true,true
2026-09-29T10-24-40-196Z/bun/case/add_i32/ffi,2026-09-29T10-24-40-196Z,bun,runtime,bun,,,1.4.2,boundary,add_i32,add_i32/ffi,ffi,ffi,bun:ffi,,,,,,,,case,3,2.1910564503768932,2.187525059798997,2.1872354500173845,2.187525059798997,2.1872354500173845,2.1910564503768932,0.0017467230111913854,stable,false,true
2026-09-29T10-24-40-196Z/bun/runtime/add_i32/ffi,2026-09-29T10-24-40-196Z,bun,runtime,bun,,,1.4.2,boundary,add_i32,add_i32/ffi,ffi,ffi,bun:ffi,,,,,,,,runtime,3,2.191187532211476,2.1873434111340426,3.0613280621431835,2.191187532211476,2.1873434111340426,3.0613280621431835,0.3988634647473847,unstable,false,true
2026-09-29T10-24-40-196Z/bun/case/add_i32/wasm.inlineable,2026-09-29T10-24-40-196Z,bun,runtime,bun,,,1.4.2,boundary,add_i32,add_i32/wasm.inlineable,wasm.inlineable,wasm,WebAssembly,inlineable,,,,,,,case,3,2.18754633377499,2.1937050298993213,2.1942318288706764,2.1937050298993213,2.18754633377499,2.1942318288706764,0.0030475816048947586,stable,false,true
2026-09-29T10-24-40-196Z/bun/runtime/add_i32/wasm.inlineable,2026-09-29T10-24-40-196Z,bun,runtime,bun,,,1.4.2,boundary,add_i32,add_i32/wasm.inlineable,wasm.inlineable,wasm,WebAssembly,inlineable,,,,,,,runtime,3,2.1878877404637276,2.1874922005765245,2.200557772200894,2.1878877404637276,2.1874922005765245,2.200557772200894,0.005971774228964985,stable,false,true
2026-09-29T10-24-40-196Z/bun/case/sum_i32/ts/1,2026-09-29T10-24-40-196Z,bun,runtime,bun,,,1.4.2,boundary,sum_i32,sum_i32/ts/1,ts,ts,none,,,,1,int32array,4,,case,3,0.8771219372735544,0.876944401484418,0.8768427336797147,0.876944401484418,0.8768427336797147,0.8771219372735544,0.0003183823208941101,stable,false,true
2026-09-29T10-24-40-196Z/bun/runtime/sum_i32/ts/1,2026-09-29T10-24-40-196Z,bun,runtime,bun,,,1.4.2,boundary,sum_i32,sum_i32/ts/1,ts,ts,none,,,,1,int32array,4,,runtime,3,0.8766072203020068,0.874769336524508,0.8748050709287689,0.8748050709287689,0.874769336524508,0.8766072203020068,0.002100906634603262,stable,false,true
2026-09-29T10-24-40-196Z/bun/case/sum_i32/napi/1,2026-09-29T10-24-40-196Z,bun,runtime,bun,,,1.4.2,boundary,sum_i32,sum_i32/napi/1,napi,napi,node-api,,,,1,int32array,4,,case,3,120.25949528422126,133.94576373783536,134.61918587169328,133.94576373783536,120.25949528422126,134.61918587169328,0.10720526119495234,unstable,true,true
2026-09-29T10-24-40-196Z/bun/runtime/sum_i32/napi/1,2026-09-29T10-24-40-196Z,bun,runtime,bun,,,1.4.2,boundary,sum_i32,sum_i32/napi/1,napi,napi,node-api,,,,1,int32array,4,,runtime,3,108.69626543628715,107.75650973702761,108.14553637592084,108.14553637592084,107.75650973702761,108.69626543628715,0.008689731733290261,stable,true,true
2026-09-29T10-24-40-196Z/bun/case/sum_i32/ffi/1,2026-09-29T10-24-40-196Z,bun,runtime,bun,,,1.4.2,boundary,sum_i32,sum_i32/ffi/1,ffi,ffi,bun:ffi,,,,1,int32array,4,,case,3,5.231472830828974,5.473136969050257,5.469796781099648,5.469796781099648,5.231472830828974,5.473136969050257,0.044181556992451784,stable,false,true
2026-09-29T10-24-40-196Z/bun/runtime/sum_i32/ffi/1,2026-09-29T10-24-40-196Z,bun,runtime,bun,,,1.4.2,boundary,sum_i32,sum_i32/ffi/1,ffi,ffi,bun:ffi,,,,1,int32array,4,,runtime,3,5.263407272530394,5.248675993909624,6.124124197611302,5.263407272530394,5.248675993909624,6.124124197611302,0.1663272778207041,unstable,false,true
2026-09-29T10-24-40-196Z/bun/case/sum_i32/wasm.copy/1,2026-09-29T10-24-40-196Z,bun,runtime,bun,,,1.4.2,boundary,sum_i32,sum_i32/wasm.copy/1,wasm.copy,wasm,WebAssembly,copy,js-to-wasm-memory-copy,,1,int32array,4,,case,3,25.99073796886104,24.095098045324544,23.97862430087067,24.095098045324544,23.97862430087067,25.99073796886104,0.08350717910362701,unstable,false,true
2026-09-29T10-24-40-196Z/bun/runtime/sum_i32/wasm.copy/1,2026-09-29T10-24-40-196Z,bun,runtime,bun,,,1.4.2,boundary,sum_i32,sum_i32/wasm.copy/1,wasm.copy,wasm,WebAssembly,copy,js-to-wasm-memory-copy,,1,int32array,4,,runtime,3,23.94601338939711,25.71119005373331,25.77003599884681,25.71119005373331,23.94601338939711,25.77003599884681,0.07094275316069437,unstable,false,true
2026-09-29T10-24-40-196Z/bun/case/sum_i32/wasm.resident/1,2026-09-29T10-24-40-196Z,bun,runtime,bun,,,1.4.2,boundary,sum_i32,sum_i32/wasm.resident/1,wasm.resident,wasm,WebAssembly,resident,wasm-memory-resident,,1,int32array,4,,case,3,5.250215138431814,3.782392321097918,3.817025015702098,3.817025015702098,3.782392321097918,5.250215138431814,0.38454629228147913,unstable,false,true
2026-09-29T10-24-40-196Z/bun/runtime/sum_i32/wasm.resident/1,2026-09-29T10-24-40-196Z,bun,runtime,bun,,,1.4.2,boundary,sum_i32,sum_i32/wasm.resident/1,wasm.resident,wasm,WebAssembly,resident,wasm-memory-resident,,1,int32array,4,,runtime,3,3.8362278888209493,5.249960142292018,5.251277798734264,5.249960142292018,3.8362278888209493,5.251277798734264,0.2695353624714443,unstable,false,true
2026-09-29T10-24-40-196Z/bun/case/sum_i32/wasm.simd128.copy/1,2026-09-29T10-24-40-196Z,bun,runtime,bun,,,1.4.2,boundary,sum_i32,sum_i32/wasm.simd128.copy/1,wasm.simd128.copy,wasm,WebAssembly+simd128,copy,js-to-wasm-memory-copy,,1,int32array,4,,case,3,24.406893760899123,24.703692586115388,24.74395183187886,24.703692586115388,24.406893760899123,24.74395183187886,0.013644036000074692,stable,false,true
2026-09-29T10-24-40-196Z/bun/runtime/sum_i32/wasm.simd128.copy/1,2026-09-29T10-24-40-196Z,bun,runtime,bun,,,1.4.2,boundary,sum_i32,sum_i32/wasm.simd128.copy/1,wasm.simd128.copy,wasm,WebAssembly+simd128,copy,js-to-wasm-memory-copy,,1,int32array,4,,runtime,3,24.53714508800929,24.828832040385432,24.283980493055353,24.53714508800929,24.283980493055353,24.828832040385432,0.02220517282576347,stable,false,true
2026-09-29T10-24-40-196Z/bun/case/sum_i32/wasm.simd128.resident/1,2026-09-29T10-24-40-196Z,bun,runtime,bun,,,1.4.2,boundary,sum_i32,sum_i32/wasm.simd128.resident/1,wasm.simd128.resident,wasm,WebAssembly+simd128,resident,wasm-memory-resident,,1,int32array,4,,case,3,3.832247797873757,3.8733537166499303,3.7611402570502044,3.832247797873757,3.7611402570502044,3.8733537166499303,0.029281368407853284,stable,false,true
2026-09-29T10-24-40-196Z/bun/runtime/sum_i32/wasm.simd128.resident/1,2026-09-29T10-24-40-196Z,bun,runtime,bun,,,1.4.2,boundary,sum_i32,sum_i32/wasm.simd128.resident/1,wasm.simd128.resident,wasm,WebAssembly+simd128,resident,wasm-memory-resident,,1,int32array,4,,runtime,3,4.193907872082086,3.7909923259167595,4.152179803050268,4.152179803050268,3.7909923259167595,4.193907872082086,0.09703711430543957,unstable,false,true
2026-09-29T10-24-40-196Z/bun/case/sum_i32/ts/10,2026-09-29T10-24-40-196Z,bun,runtime,bun,,,1.4.2,boundary,sum_i32,sum_i32/ts/10,ts,ts,none,,,,10,int32array,40,,case,3,3.449961002120859,3.448804023540347,3.438199162359374,3.448804023540347,3.438199162359374,3.449961002120859,0.003410411168974197,stable,false,true
2026-09-29T10-24-40-196Z/bun/runtime/sum_i32/ts/10,2026-09-29T10-24-40-196Z,bun,runtime,bun,,,1.4.2,boundary,sum_i32,sum_i32/ts/10,ts,ts,none,,,,10,int32array,40,,runtime,3,3.4504117872151188,3.4497960099420597,3.451307611702328,3.4504117872151188,3.4497960099420597,3.451307611702328,0.0004380931475683768,stable,false,true
2026-09-29T10-24-40-196Z/bun/case/sum_i32/napi/10,2026-09-29T10-24-40-196Z,bun,runtime,bun,,,1.4.2,boundary,sum_i32,sum_i32/napi/10,napi,napi,node-api,,,,10,int32array,40,,case,3,122.12033635598081,119.20396981437577,118.69416741575763,119.20396981437577,118.69416741575763,122.12033635598081,0.028742070801487593,stable,true,true
2026-09-29T10-24-40-196Z/bun/runtime/sum_i32/napi/10,2026-09-29T10-24-40-196Z,bun,runtime,bun,,,1.4.2,boundary,sum_i32,sum_i32/napi/10,napi,napi,node-api,,,,10,int32array,40,,runtime,3,109.52089134963272,108.35980848567428,108.83240888130365,108.83240888130365,108.35980848567428,109.52089134963272,0.010668539600412207,stable,true,true
2026-09-29T10-24-40-196Z/bun/case/sum_i32/ffi/10,2026-09-29T10-24-40-196Z,bun,runtime,bun,,,1.4.2,boundary,sum_i32,sum_i32/ffi/10,ffi,ffi,bun:ffi,,,,10,int32array,40,,case,3,8.745829671884541,9.08157755596881,8.543542299425702,8.745829671884541,8.543542299425702,9.08157755596881,0.061519064140106015,unstable,false,true
2026-09-29T10-24-40-196Z/bun/runtime/sum_i32/ffi/10,2026-09-29T10-24-40-196Z,bun,runtime,bun,,,1.4.2,boundary,sum_i32,sum_i32/ffi/10,ffi,ffi,bun:ffi,,,,10,int32array,40,,runtime,3,8.755148953468296,8.712659889245748,8.828493504876477,8.755148953468296,8.712659889245748,8.828493504876477,0.013230342081712062,stable,false,true
2026-09-29T10-24-40-196Z/bun/case/sum_i32/wasm.copy/10,2026-09-29T10-24-40-196Z,bun,runtime,bun,,,1.4.2,boundary,sum_i32,sum_i32/wasm.copy/10,wasm.copy,wasm,WebAssembly,copy,js-to-wasm-memory-copy,,10,int32array,40,,case,3,25.960585314112144,28.379058635936197,25.995501001375256,25.995501001375256,25.960585314112144,28.379058635936197,0.09303430319331435,unstable,false,true
2026-09-29T10-24-40-196Z/bun/runtime/sum_i32/wasm.copy/10,2026-09-29T10-24-40-196Z,bun,runtime,bun,,,1.4.2,boundary,sum_i32,sum_i32/wasm.copy/10,wasm.copy,wasm,WebAssembly,copy,js-to-wasm-memory-copy,,10,int32array,40,,runtime,3,25.6121842467875,28.756984822413223,28.629339404966693,28.629339404966693,25.6121842467875,28.756984822413223,0.10984537684024084,unstable,false,true
2026-09-29T10-24-40-196Z/bun/case/sum_i32/wasm.resident/10,2026-09-29T10-24-40-196Z,bun,runtime,bun,,,1.4.2,boundary,sum_i32,sum_i32/wasm.resident/10,wasm.resident,wasm,WebAssembly,resident,wasm-memory-resident,,10,int32array,40,,case,3,6.78231995412262,6.786764074075458,6.772943581635371,6.78231995412262,6.772943581635371,6.786764074075458,0.0020377234535634246,stable,true,true
2026-09-29T10-24-40-196Z/bun/runtime/sum_i32/wasm.resident/10,2026-09-29T10-24-40-196Z,bun,runtime,bun,,,1.4.2,boundary,sum_i32,sum_i32/wasm.resident/10,wasm.resident,wasm,WebAssembly,resident,wasm-memory-resident,,10,int32array,40,,runtime,3,6.792604197190586,9.633996918416003,9.629038913718997,9.629038913718997,6.792604197190586,9.633996918416003,0.2950858072841657,unstable,true,true
2026-09-29T10-24-40-196Z/bun/case/sum_i32/wasm.simd128.copy/10,2026-09-29T10-24-40-196Z,bun,runtime,bun,,,1.4.2,boundary,sum_i32,sum_i32/wasm.simd128.copy/10,wasm.simd128.copy,wasm,WebAssembly+simd128,copy,js-to-wasm-memory-copy,,10,int32array,40,,case,3,27.66920012232743,27.7006449127533,27.655820701342943,27.66920012232743,27.655820701342943,27.7006449127533,0.0016200038747844878,stable,true,true
2026-09-29T10-24-40-196Z/bun/runtime/sum_i32/wasm.simd128.copy/10,2026-09-29T10-24-40-196Z,bun,runtime,bun,,,1.4.2,boundary,sum_i32,sum_i32/wasm.simd128.copy/10,wasm.simd128.copy,wasm,WebAssembly+simd128,copy,js-to-wasm-memory-copy,,10,int32array,40,,runtime,3,29.489123429407528,29.428313043932857,28.999530128546073,29.428313043932857,28.999530128546073,29.489123429407528,0.01663681163546655,stable,true,true
2026-09-29T10-24-40-196Z/bun/case/sum_i32/wasm.simd128.resident/10,2026-09-29T10-24-40-196Z,bun,runtime,bun,,,1.4.2,boundary,sum_i32,sum_i32/wasm.simd128.resident/10,wasm.simd128.resident,wasm,WebAssembly+simd128,resident,wasm-memory-resident,,10,int32array,40,,case,3,6.551692356264681,6.568406130947107,5.721853177263352,6.551692356264681,5.721853177263352,6.568406130947107,0.12921134077278326,unstable,false,true
2026-09-29T10-24-40-196Z/bun/runtime/sum_i32/wasm.simd128.resident/10,2026-09-29T10-24-40-196Z,bun,runtime,bun,,,1.4.2,boundary,sum_i32,sum_i32/wasm.simd128.resident/10,wasm.simd128.resident,wasm,WebAssembly+simd128,resident,wasm-memory-resident,,10,int32array,40,,runtime,3,6.12449388698031,6.87385148747945,6.037890026646527,6.12449388698031,6.037890026646527,6.87385148747945,0.13649478246848165,unstable,false,true
2026-09-29T10-24-40-196Z/bun/case/sum_i32/ts/100,2026-09-29T10-24-40-196Z,bun,runtime,bun,,,1.4.2,boundary,sum_i32,sum_i32/ts/100,ts,ts,none,,,,100,int32array,400,,case,3,46.50673073457865,46.74227270072993,46.77234696102415,46.74227270072993,46.50673073457865,46.77234696102415,0.0056825697831621915,stable,true,true
2026-09-29T10-24-40-196Z/bun/runtime/sum_i32/ts/100,2026-09-29T10-24-40-196Z,bun,runtime,bun,,,1.4.2,boundary,sum_i32,sum_i32/ts/100,ts,ts,none,,,,100,int32array,400,,runtime,3,37.104139351416805,37.02373973720586,37.03559245213209,37.03559245213209,37.02373973720586,37.104139351416805,0.002170874256024447,stable,true,true
2026-09-29T10-24-40-196Z/bun/case/sum_i32/napi/100,2026-09-29T10-24-40-196Z,bun,runtime,bun,,,1.4.2,boundary,sum_i32,sum_i32/napi/100,napi,napi,node-api,,,,100,int32array,400,,case,3,123.49585144211774,139.4195531998592,121.86689360531022,123.49585144211774,121.86689360531022,139.4195531998592,0.1421315727579389,unstable,true,true
2026-09-29T10-24-40-196Z/bun/runtime/sum_i32/napi/100,2026-09-29T10-24-40-196Z,bun,runtime,bun,,,1.4.2,boundary,sum_i32,sum_i32/napi/100,napi,napi,node-api,,,,100,int32array,400,,runtime,3,114.04542262366967,113.26682493630264,113.72977323148,113.72977323148,113.26682493630264,114.04542262366967,0.00684603218000185,stable,true,true
2026-09-29T10-24-40-196Z/bun/case/sum_i32/ffi/100,2026-09-29T10-24-40-196Z,bun,runtime,bun,,,1.4.2,boundary,sum_i32,sum_i32/ffi/100,ffi,ffi,bun:ffi,,,,100,int32array,400,,case,3,19.160488296292883,19.283106970136977,18.80579805400682,19.160488296292883,18.80579805400682,19.283106970136977,0.024911103973404684,stable,false,true
2026-09-29T10-24-40-196Z/bun/runtime/sum_i32/ffi/100,2026-09-29T10-24-40-196Z,bun,runtime,bun,,,1.4.2,boundary,sum_i32,sum_i32/ffi/100,ffi,ffi,bun:ffi,,,,100,int32array,400,,runtime,3,18.842077930163978,18.861584743338895,18.841051154062534,18.842077930163978,18.841051154062534,18.861584743338895,0.0010897730787690623,stable,false,true
2026-09-29T10-24-40-196Z/bun/case/sum_i32/wasm.copy/100,2026-09-29T10-24-40-196Z,bun,runtime,bun,,,1.4.2,boundary,sum_i32,sum_i32/wasm.copy/100,wasm.copy,wasm,WebAssembly,copy,js-to-wasm-memory-copy,,100,int32array,400,,case,3,55.67791708987573,55.16670804061266,55.29149398802025,55.29149398802025,55.16670804061266,55.67791708987573,0.009245708740910978,stable,false,true
2026-09-29T10-24-40-196Z/bun/runtime/sum_i32/wasm.copy/100,2026-09-29T10-24-40-196Z,bun,runtime,bun,,,1.4.2,boundary,sum_i32,sum_i32/wasm.copy/100,wasm.copy,wasm,WebAssembly,copy,js-to-wasm-memory-copy,,100,int32array,400,,runtime,3,55.12861462470748,55.00774722288886,55.06724722349337,55.06724722349337,55.00774722288886,55.12861462470748,0.002194905464006122,stable,false,true
2026-09-29T10-24-40-196Z/bun/case/sum_i32/wasm.resident/100,2026-09-29T10-24-40-196Z,bun,runtime,bun,,,1.4.2,boundary,sum_i32,sum_i32/wasm.resident/100,wasm.resident,wasm,WebAssembly,resident,wasm-memory-resident,,100,int32array,400,,case,3,31.047663742125238,30.74179967508219,33.12776820173042,31.047663742125238,30.74179967508219,33.12776820173042,0.07684856891215822,unstable,false,true
2026-09-29T10-24-40-196Z/bun/runtime/sum_i32/wasm.resident/100,2026-09-29T10-24-40-196Z,bun,runtime,bun,,,1.4.2,boundary,sum_i32,sum_i32/wasm.resident/100,wasm.resident,wasm,WebAssembly,resident,wasm-memory-resident,,100,int32array,400,,runtime,3,30.748579663398587,31.122621281797823,30.542866608899537,30.748579663398587,30.542866608899537,31.122621281797823,0.018854681394874114,stable,false,true
2026-09-29T10-24-40-196Z/bun/case/sum_i32/wasm.simd128.copy/100,2026-09-29T10-24-40-196Z,bun,runtime,bun,,,1.4.2,boundary,sum_i32,sum_i32/wasm.simd128.copy/100,wasm.simd128.copy,wasm,WebAssembly+simd128,copy,js-to-wasm-memory-copy,,100,int32array,400,,case,3,47.91899855180167,48.44913586479691,47.6719822949297,47.91899855180167,47.6719822949297,48.44913586479691,0.016218067851044227,stable,true,true
2026-09-29T10-24-40-196Z/bun/runtime/sum_i32/wasm.simd128.copy/100,2026-09-29T10-24-40-196Z,bun,runtime,bun,,,1.4.2,boundary,sum_i32,sum_i32/wasm.simd128.copy/100,wasm.simd128.copy,wasm,WebAssembly+simd128,copy,js-to-wasm-memory-copy,,100,int32array,400,,runtime,3,37.9986445428491,47.25569088528063,37.27561900517262,37.9986445428491,37.27561900517262,47.25569088528063,0.2626428389795325,unstable,true,true
2026-09-29T10-24-40-196Z/bun/case/sum_i32/wasm.simd128.resident/100,2026-09-29T10-24-40-196Z,bun,runtime,bun,,,1.4.2,boundary,sum_i32,sum_i32/wasm.simd128.resident/100,wasm.simd128.resident,wasm,WebAssembly+simd128,resident,wasm-memory-resident,,100,int32array,400,,case,3,23.705867696965548,25.104928307025183,25.771484369957896,25.104928307025183,23.705867696965548,25.771484369957896,0.08227932968899661,unstable,false,true
2026-09-29T10-24-40-196Z/bun/runtime/sum_i32/wasm.simd128.resident/100,2026-09-29T10-24-40-196Z,bun,runtime,bun,,,1.4.2,boundary,sum_i32,sum_i32/wasm.simd128.resident/100,wasm.simd128.resident,wasm,WebAssembly+simd128,resident,wasm-memory-resident,,100,int32array,400,,runtime,3,15.705332175995867,25.403062329010787,15.690369216488993,15.705332175995867,15.690369216488993,25.403062329010787,0.6184328356560798,unstable,false,true
2026-09-29T10-24-40-196Z/bun/case/sum_i32/ts/1000,2026-09-29T10-24-40-196Z,bun,runtime,bun,,,1.4.2,boundary,sum_i32,sum_i32/ts/1000,ts,ts,none,,,,1000,int32array,4000,,case,3,433.45893824485375,432.88034520796833,432.5584509630142,432.88034520796833,432.5584509630142,433.45893824485375,0.0020802221487024072,stable,false,true
2026-09-29T10-24-40-196Z/bun/runtime/sum_i32/ts/1000,2026-09-29T10-24-40-196Z,bun,runtime,bun,,,1.4.2,boundary,sum_i32,sum_i32/ts/1000,ts,ts,none,,,,1000,int32array,4000,,runtime,3,433.76060435028,432.75398164978793,432.60308732662145,432.75398164978793,432.60308732662145,433.76060435028,0.00267476920546347,stable,false,true
2026-09-29T10-24-40-196Z/bun/case/sum_i32/napi/1000,2026-09-29T10-24-40-196Z,bun,runtime,bun,,,1.4.2,boundary,sum_i32,sum_i32/napi/1000,napi,napi,node-api,,,,1000,int32array,4000,,case,3,198.40057259133067,180.7637782890834,197.65360538247768,197.65360538247768,180.7637782890834,198.40057259133067,0.08923082515048723,unstable,true,true
2026-09-29T10-24-40-196Z/bun/runtime/sum_i32/napi/1000,2026-09-29T10-24-40-196Z,bun,runtime,bun,,,1.4.2,boundary,sum_i32,sum_i32/napi/1000,napi,napi,node-api,,,,1000,int32array,4000,,runtime,3,172.68879252258944,171.89772538674538,172.05894155252713,172.05894155252713,171.89772538674538,172.68879252258944,0.004597651994752961,stable,true,true
2026-09-29T10-24-40-196Z/bun/case/sum_i32/ffi/1000,2026-09-29T10-24-40-196Z,bun,runtime,bun,,,1.4.2,boundary,sum_i32,sum_i32/ffi/1000,ffi,ffi,bun:ffi,,,,1000,int32array,4000,,case,3,77.89415206721958,77.77188735891559,78.01776607897867,77.89415206721958,77.77188735891559,78.01776607897867,0.0031565748331260036,stable,false,true
2026-09-29T10-24-40-196Z/bun/runtime/sum_i32/ffi/1000,2026-09-29T10-24-40-196Z,bun,runtime,bun,,,1.4.2,boundary,sum_i32,sum_i32/ffi/1000,ffi,ffi,bun:ffi,,,,1000,int32array,4000,,runtime,3,78.19173028440176,78.26939460082215,79.17015504954352,78.26939460082215,78.19173028440176,79.17015504954352,0.012500732503832216,stable,false,true
2026-09-29T10-24-40-196Z/bun/case/sum_i32/wasm.copy/1000,2026-09-29T10-24-40-196Z,bun,runtime,bun,,,1.4.2,boundary,sum_i32,sum_i32/wasm.copy/1000,wasm.copy,wasm,WebAssembly,copy,js-to-wasm-memory-copy,,1000,int32array,4000,,case,3,391.3901310336662,388.09211221315803,392.1643463298268,391.3901310336662,388.09211221315803,392.1643463298268,0.010404539598159887,stable,false,true
2026-09-29T10-24-40-196Z/bun/runtime/sum_i32/wasm.copy/1000,2026-09-29T10-24-40-196Z,bun,runtime,bun,,,1.4.2,boundary,sum_i32,sum_i32/wasm.copy/1000,wasm.copy,wasm,WebAssembly,copy,js-to-wasm-memory-copy,,1000,int32array,4000,,runtime,3,390.34903784289645,394.5237753436511,397.9795093795094,394.5237753436511,390.34903784289645,397.9795093795094,0.019340967549969362,stable,false,true
2026-09-29T10-24-40-196Z/bun/case/sum_i32/wasm.resident/1000,2026-09-29T10-24-40-196Z,bun,runtime,bun,,,1.4.2,boundary,sum_i32,sum_i32/wasm.resident/1000,wasm.resident,wasm,WebAssembly,resident,wasm-memory-resident,,1000,int32array,4000,,case,3,321.2945459421936,321.2615877162244,309.77540408470117,321.2615877162244,309.77540408470117,321.2945459421936,0.03585595756834615,stable,false,true
2026-09-29T10-24-40-196Z/bun/runtime/sum_i32/wasm.resident/1000,2026-09-29T10-24-40-196Z,bun,runtime,bun,,,1.4.2,boundary,sum_i32,sum_i32/wasm.resident/1000,wasm.resident,wasm,WebAssembly,resident,wasm-memory-resident,,1000,int32array,4000,,runtime,3,311.3465038738463,318.79713420352687,318.24901482899963,318.24901482899963,311.3465038738463,318.79713420352687,0.023411322525802348,stable,false,true
2026-09-29T10-24-40-196Z/bun/case/sum_i32/wasm.simd128.copy/1000,2026-09-29T10-24-40-196Z,bun,runtime,bun,,,1.4.2,boundary,sum_i32,sum_i32/wasm.simd128.copy/1000,wasm.simd128.copy,wasm,WebAssembly+simd128,copy,js-to-wasm-memory-copy,,1000,int32array,4000,,case,3,268.8246677357106,261.7053455787119,264.2268893633386,264.2268893633386,261.7053455787119,268.8246677357106,0.02694397293989601,stable,false,true
2026-09-29T10-24-40-196Z/bun/runtime/sum_i32/wasm.simd128.copy/1000,2026-09-29T10-24-40-196Z,bun,runtime,bun,,,1.4.2,boundary,sum_i32,sum_i32/wasm.simd128.copy/1000,wasm.simd128.copy,wasm,WebAssembly+simd128,copy,js-to-wasm-memory-copy,,1000,int32array,4000,,runtime,3,264.2435695884801,265.5582284710953,265.44708837332274,265.44708837332274,264.2435695884801,265.5582284710953,0.004952621219812502,stable,false,true
2026-09-29T10-24-40-196Z/bun/case/sum_i32/wasm.simd128.resident/1000,2026-09-29T10-24-40-196Z,bun,runtime,bun,,,1.4.2,boundary,sum_i32,sum_i32/wasm.simd128.resident/1000,wasm.simd128.resident,wasm,WebAssembly+simd128,resident,wasm-memory-resident,,1000,int32array,4000,,case,3,210.8751976254348,187.33433797060147,187.07286045433472,187.33433797060147,187.07286045433472,210.8751976254348,0.12705805795644043,unstable,false,true
2026-09-29T10-24-40-196Z/bun/runtime/sum_i32/wasm.simd128.resident/1000,2026-09-29T10-24-40-196Z,bun,runtime,bun,,,1.4.2,boundary,sum_i32,sum_i32/wasm.simd128.resident/1000,wasm.simd128.resident,wasm,WebAssembly+simd128,resident,wasm-memory-resident,,1000,int32array,4000,,runtime,3,179.80776775912028,183.59469970888728,181.7250723422668,181.7250723422668,179.80776775912028,183.59469970888728,0.020838797315950803,stable,false,true
2026-09-29T10-24-40-196Z/bun/case/sum_i32/ts/10000,2026-09-29T10-24-40-196Z,bun,runtime,bun,,,1.4.2,boundary,sum_i32,sum_i32/ts/10000,ts,ts,none,,,,10000,int32array,40000,,case,3,4378.604440069991,4370.759720401922,4380.9640271989465,4378.604440069991,4370.759720401922,4380.9640271989465,0.00233049295424852,stable,false,true
2026-09-29T10-24-40-196Z/bun/runtime/sum_i32/ts/10000,2026-09-29T10-24-40-196Z,bun,runtime,bun,,,1.4.2,boundary,sum_i32,sum_i32/ts/10000,ts,ts,none,,,,10000,int32array,40000,,runtime,3,4377.57836716874,4369.4730408207815,4371.180497925311,4371.180497925311,4369.4730408207815,4377.57836716874,0.0018542648494625034,stable,false,true
2026-09-29T10-24-40-196Z/bun/case/sum_i32/napi/10000,2026-09-29T10-24-40-196Z,bun,runtime,bun,,,1.4.2,boundary,sum_i32,sum_i32/napi/10000,napi,napi,node-api,,,,10000,int32array,40000,,case,3,821.3254681333445,824.3688180700937,825.1705429616857,824.3688180700937,821.3254681333445,825.1705429616857,0.004664265246401145,stable,false,true
2026-09-29T10-24-40-196Z/bun/runtime/sum_i32/napi/10000,2026-09-29T10-24-40-196Z,bun,runtime,bun,,,1.4.2,boundary,sum_i32,sum_i32/napi/10000,napi,napi,node-api,,,,10000,int32array,40000,,runtime,3,795.1971615112067,795.2090608965435,794.4211384052787,795.1971615112067,794.4211384052787,795.2090608965435,0.000990851740173987,stable,false,true
2026-09-29T10-24-40-196Z/bun/case/sum_i32/ffi/10000,2026-09-29T10-24-40-196Z,bun,runtime,bun,,,1.4.2,boundary,sum_i32,sum_i32/ffi/10000,ffi,ffi,bun:ffi,,,,10000,int32array,40000,,case,3,700.4524721509647,701.2441310410562,700.9967903498871,700.9967903498871,700.4524721509647,701.2441310410562,0.0011293331167698882,stable,false,true
2026-09-29T10-24-40-196Z/bun/runtime/sum_i32/ffi/10000,2026-09-29T10-24-40-196Z,bun,runtime,bun,,,1.4.2,boundary,sum_i32,sum_i32/ffi/10000,ffi,ffi,bun:ffi,,,,10000,int32array,40000,,runtime,3,700.4422072687764,700.0542476791031,700.5347387589297,700.4422072687764,700.0542476791031,700.5347387589297,0.0006859824762704949,stable,false,true
2026-09-29T10-24-40-196Z/bun/case/sum_i32/wasm.copy/10000,2026-09-29T10-24-40-196Z,bun,runtime,bun,,,1.4.2,boundary,sum_i32,sum_i32/wasm.copy/10000,wasm.copy,wasm,WebAssembly,copy,js-to-wasm-memory-copy,,10000,int32array,40000,,case,3,4454.319803746655,4272.348071087993,4483.361217156973,4454.319803746655,4272.348071087993,4483.361217156973,0.047372697822794574,stable,false,true
2026-09-29T10-24-40-196Z/bun/runtime/sum_i32/wasm.copy/10000,2026-09-29T10-24-40-196Z,bun,runtime,bun,,,1.4.2,boundary,sum_i32,sum_i32/wasm.copy/10000,wasm.copy,wasm,WebAssembly,copy,js-to-wasm-memory-copy,,10000,int32array,40000,,runtime,3,4224.445299325464,4224.681618569636,4308.896646812265,4224.681618569636,4224.445299325464,4308.896646812265,0.019989990989047527,stable,false,true
2026-09-29T10-24-40-196Z/bun/case/sum_i32/wasm.resident/10000,2026-09-29T10-24-40-196Z,bun,runtime,bun,,,1.4.2,boundary,sum_i32,sum_i32/wasm.resident/10000,wasm.resident,wasm,WebAssembly,resident,wasm-memory-resident,,10000,int32array,40000,,case,3,3089.3241800742576,2942.6039371235493,3051.682428309945,3051.682428309945,2942.6039371235493,3089.3241800742576,0.048078476839401536,stable,false,true
2026-09-29T10-24-40-196Z/bun/runtime/sum_i32/wasm.resident/10000,2026-09-29T10-24-40-196Z,bun,runtime,bun,,,1.4.2,boundary,sum_i32,sum_i32/wasm.resident/10000,wasm.resident,wasm,WebAssembly,resident,wasm-memory-resident,,10000,int32array,40000,,runtime,3,2975.360011813349,3002.8769012824337,3036.5210058726097,3002.8769012824337,2975.360011813349,3036.5210058726097,0.02036746628979056,stable,false,true
2026-09-29T10-24-40-196Z/bun/case/sum_i32/wasm.simd128.copy/10000,2026-09-29T10-24-40-196Z,bun,runtime,bun,,,1.4.2,boundary,sum_i32,sum_i32/wasm.simd128.copy/10000,wasm.simd128.copy,wasm,WebAssembly+simd128,copy,js-to-wasm-memory-copy,,10000,int32array,40000,,case,3,2914.7234804208065,2946.9122607110303,2908.729459064328,2914.7234804208065,2908.729459064328,2946.9122607110303,0.013099973943734088,stable,false,true
2026-09-29T10-24-40-196Z/bun/runtime/sum_i32/wasm.simd128.copy/10000,2026-09-29T10-24-40-196Z,bun,runtime,bun,,,1.4.2,boundary,sum_i32,sum_i32/wasm.simd128.copy/10000,wasm.simd128.copy,wasm,WebAssembly+simd128,copy,js-to-wasm-memory-copy,,10000,int32array,40000,,runtime,3,2927.2402369460287,2917.0090460526317,2926.9638677589232,2926.9638677589232,2917.0090460526317,2927.2402369460287,0.003495496137173277,stable,false,true
2026-09-29T10-24-40-196Z/bun/case/sum_i32/wasm.simd128.resident/10000,2026-09-29T10-24-40-196Z,bun,runtime,bun,,,1.4.2,boundary,sum_i32,sum_i32/wasm.simd128.resident/10000,wasm.simd128.resident,wasm,WebAssembly+simd128,resident,wasm-memory-resident,,10000,int32array,40000,,case,3,1767.736839819319,1718.5546794208894,1786.8556002448195,1767.736839819319,1718.5546794208894,1786.8556002448195,0.038637493593735986,stable,true,true
2026-09-29T10-24-40-196Z/bun/runtime/sum_i32/wasm.simd128.resident/10000,2026-09-29T10-24-40-196Z,bun,runtime,bun,,,1.4.2,boundary,sum_i32,sum_i32/wasm.simd128.resident/10000,wasm.simd128.resident,wasm,WebAssembly+simd128,resident,wasm-memory-resident,,10000,int32array,40000,,runtime,3,1654.3188027819174,1694.8746044303798,1654.667466093285,1654.667466093285,1654.3188027819174,1694.8746044303798,0.02450994080654512,stable,true,true
2026-09-29T10-24-40-196Z/bun/case/sum_i32/ts/100000,2026-09-29T10-24-40-196Z,bun,runtime,bun,,,1.4.2,boundary,sum_i32,sum_i32/ts/100000,ts,ts,none,,,,100000,int32array,400000,,case,3,43783.46280087528,43775.958424507655,43889.881578947374,43783.46280087528,43775.958424507655,43889.881578947374,0.002601967664317348,stable,false,true
2026-09-29T10-24-40-196Z/bun/runtime/sum_i32/ts/100000,2026-09-29T10-24-40-196Z,bun,runtime,bun,,,1.4.2,boundary,sum_i32,sum_i32/ts/100000,ts,ts,none,,,,100000,int32array,400000,,runtime,3,43823.407002188185,43773.055798687084,43766.504376367615,43773.055798687084,43766.504376367615,43823.407002188185,0.0012999463889902133,stable,false,true
2026-09-29T10-24-40-196Z/bun/case/sum_i32/napi/100000,2026-09-29T10-24-40-196Z,bun,runtime,bun,,,1.4.2,boundary,sum_i32,sum_i32/napi/100000,napi,napi,node-api,,,,100000,int32array,400000,,case,3,7557.318778979907,7557.15931941222,7747.9446594427245,7557.318778979907,7557.15931941222,7747.9446594427245,0.025245109490572154,stable,false,true
2026-09-29T10-24-40-196Z/bun/runtime/sum_i32/napi/100000,2026-09-29T10-24-40-196Z,bun,runtime,bun,,,1.4.2,boundary,sum_i32,sum_i32/napi/100000,napi,napi,node-api,,,,100000,int32array,400000,,runtime,3,7560.112958065734,7552.049093655589,7551.266138165345,7552.049093655589,7551.266138165345,7560.112958065734,0.0011714462910233595,stable,false,true
2026-09-29T10-24-40-196Z/bun/case/sum_i32/ffi/100000,2026-09-29T10-24-40-196Z,bun,runtime,bun,,,1.4.2,boundary,sum_i32,sum_i32/ffi/100000,ffi,ffi,bun:ffi,,,,100000,int32array,400000,,case,3,7514.824060150377,7523.410734463278,7533.157508468197,7523.410734463278,7514.824060150377,7533.157508468197,0.002436853305620888,stable,false,true
2026-09-29T10-24-40-196Z/bun/runtime/sum_i32/ffi/100000,2026-09-29T10-24-40-196Z,bun,runtime,bun,,,1.4.2,boundary,sum_i32,sum_i32/ffi/100000,ffi,ffi,bun:ffi,,,,100000,int32array,400000,,runtime,3,7427.493677947192,7422.944135115071,7421.778767631775,7422.944135115071,7421.778767631775,7427.493677947192,0.0007698980635435441,stable,false,true
2026-09-29T10-24-40-196Z/bun/case/sum_i32/wasm.copy/100000,2026-09-29T10-24-40-196Z,bun,runtime,bun,,,1.4.2,boundary,sum_i32,sum_i32/wasm.copy/100000,wasm.copy,wasm,WebAssembly,copy,js-to-wasm-memory-copy,,100000,int32array,400000,,case,3,48633.84640522876,47220.81398104265,47994.13405797101,47994.13405797101,47220.81398104265,48633.84640522876,0.029441773498389192,stable,true,true
2026-09-29T10-24-40-196Z/bun/runtime/sum_i32/wasm.copy/100000,2026-09-29T10-24-40-196Z,bun,runtime,bun,,,1.4.2,boundary,sum_i32,sum_i32/wasm.copy/100000,wasm.copy,wasm,WebAssembly,copy,js-to-wasm-memory-copy,,100000,int32array,400000,,runtime,3,42118.19789473685,42421.061290322585,42500.6503131524,42421.061290322585,42118.19789473685,42500.6503131524,0.009015625889180676,stable,true,true
2026-09-29T10-24-40-196Z/bun/case/sum_i32/wasm.resident/100000,2026-09-29T10-24-40-196Z,bun,runtime,bun,,,1.4.2,boundary,sum_i32,sum_i32/wasm.resident/100000,wasm.resident,wasm,WebAssembly,resident,wasm-memory-resident,,100000,int32array,400000,,case,3,33925.53486394558,29822.538913362703,29650.02863436123,29822.538913362703,29650.02863436123,33925.53486394558,0.14336493086672117,unstable,false,true
2026-09-29T10-24-40-196Z/bun/runtime/sum_i32/wasm.resident/100000,2026-09-29T10-24-40-196Z,bun,runtime,bun,,,1.4.2,boundary,sum_i32,sum_i32/wasm.resident/100000,wasm.resident,wasm,WebAssembly,resident,wasm-memory-resident,,100000,int32array,400000,,runtime,3,29311.50298507463,30063.43363499246,29827.658284023666,29827.658284023666,29311.50298507463,30063.43363499246,0.025209174745058054,stable,false,true
2026-09-29T10-24-40-196Z/bun/case/sum_i32/wasm.simd128.copy/100000,2026-09-29T10-24-40-196Z,bun,runtime,bun,,,1.4.2,boundary,sum_i32,sum_i32/wasm.simd128.copy/100000,wasm.simd128.copy,wasm,WebAssembly+simd128,copy,js-to-wasm-memory-copy,,100000,int32array,400000,,case,3,31874.543159609122,30073.964017991006,31174.415384615386,31174.415384615386,30073.964017991006,31874.543159609122,0.057758232813780515,unstable,false,true
2026-09-29T10-24-40-196Z/bun/runtime/sum_i32/wasm.simd128.copy/100000,2026-09-29T10-24-40-196Z,bun,runtime,bun,,,1.4.2,boundary,sum_i32,sum_i32/wasm.simd128.copy/100000,wasm.simd128.copy,wasm,WebAssembly+simd128,copy,js-to-wasm-memory-copy,,100000,int32array,400000,,runtime,3,30048.23834586466,29736.95765230312,29536.320531757752,29736.95765230312,29536.320531757752,30048.23834586466,0.017214868450648586,stable,false,true
2026-09-29T10-24-40-196Z/bun/case/sum_i32/wasm.simd128.resident/100000,2026-09-29T10-24-40-196Z,bun,runtime,bun,,,1.4.2,boundary,sum_i32,sum_i32/wasm.simd128.resident/100000,wasm.simd128.resident,wasm,WebAssembly+simd128,resident,wasm-memory-resident,,100000,int32array,400000,,case,3,17263.089721254357,16769.501679261124,17473.68250630782,17263.089721254357,16769.501679261124,17473.68250630782,0.040791123629491895,stable,true,true
2026-09-29T10-24-40-196Z/bun/runtime/sum_i32/wasm.simd128.resident/100000,2026-09-29T10-24-40-196Z,bun,runtime,bun,,,1.4.2,boundary,sum_i32,sum_i32/wasm.simd128.resident/100000,wasm.simd128.resident,wasm,WebAssembly+simd128,resident,wasm-memory-resident,,100000,int32array,400000,,runtime,3,16397.319934372434,16700.060515021458,16382.699017199018,16397.319934372434,16382.699017199018,16700.060515021458,0.019354473724524895,stable,true,true
2026-09-29T10-24-40-196Z/bun/case/sum_i32/ts/1000000,2026-09-29T10-24-40-196Z,bun,runtime,bun,,,1.4.2,boundary,sum_i32,sum_i32/ts/1000000,ts,ts,none,,,,1000000,int32array,4000000,,case,3,452927.5795454546,453147.43181818177,452543.6477272727,452927.5795454546,452543.6477272727,453147.43181818177,0.0013330698287682104,stable,false,true
2026-09-29T10-24-40-196Z/bun/runtime/sum_i32/ts/1000000,2026-09-29T10-24-40-196Z,bun,runtime,bun,,,1.4.2,boundary,sum_i32,sum_i32/ts/1000000,ts,ts,none,,,,1000000,int32array,4000000,,runtime,3,438840.93478260865,438063.9021739131,438105.10869565216,438105.10869565216,438063.9021739131,438840.93478260865,0.0017736214284489408,stable,false,true
2026-09-29T10-24-40-196Z/bun/case/sum_i32/napi/1000000,2026-09-29T10-24-40-196Z,bun,runtime,bun,,,1.4.2,boundary,sum_i32,sum_i32/napi/1000000,napi,napi,node-api,,,,1000000,int32array,4000000,,case,3,121970.96951219512,121922.28048780488,122864.40432098765,121970.96951219512,121922.28048780488,122864.40432098765,0.007724164503657405,stable,false,true
2026-09-29T10-24-40-196Z/bun/runtime/sum_i32/napi/1000000,2026-09-29T10-24-40-196Z,bun,runtime,bun,,,1.4.2,boundary,sum_i32,sum_i32/napi/1000000,napi,napi,node-api,,,,1000000,int32array,4000000,,runtime,3,121669.53963414635,122538.55214723927,122517.59202453989,122517.59202453989,121669.53963414635,122538.55214723927,0.007092961090182561,stable,false,true
2026-09-29T10-24-40-196Z/bun/case/sum_i32/ffi/1000000,2026-09-29T10-24-40-196Z,bun,runtime,bun,,,1.4.2,boundary,sum_i32,sum_i32/ffi/1000000,ffi,ffi,bun:ffi,,,,1000000,int32array,4000000,,case,3,128911.7012987013,121618.6226993865,121567.74675324676,121618.6226993865,121567.74675324676,128911.7012987013,0.0603851152270251,unstable,false,true
2026-09-29T10-24-40-196Z/bun/runtime/sum_i32/ffi/1000000,2026-09-29T10-24-40-196Z,bun,runtime,bun,,,1.4.2,boundary,sum_i32,sum_i32/ffi/1000000,ffi,ffi,bun:ffi,,,,1000000,int32array,4000000,,runtime,3,121575.2393939394,122064.6036585366,122179.95731707317,122064.6036585366,121575.2393939394,122179.95731707317,0.00495408091296816,stable,false,true
2026-09-29T10-24-40-196Z/bun/case/sum_i32/wasm.copy/1000000,2026-09-29T10-24-40-196Z,bun,runtime,bun,,,1.4.2,boundary,sum_i32,sum_i32/wasm.copy/1000000,wasm.copy,wasm,WebAssembly,copy,js-to-wasm-memory-copy,,1000000,int32array,4000000,,case,3,624576.90625,624673.625,558965.953125,624576.90625,558965.953125,624673.625,0.10520349250425075,unstable,false,true
2026-09-29T10-24-40-196Z/bun/runtime/sum_i32/wasm.copy/1000000,2026-09-29T10-24-40-196Z,bun,runtime,bun,,,1.4.2,boundary,sum_i32,sum_i32/wasm.copy/1000000,wasm.copy,wasm,WebAssembly,copy,js-to-wasm-memory-copy,,1000000,int32array,4000000,,runtime,3,556508.4305555555,560734.0138888889,560933.3055555555,560734.0138888889,556508.4305555555,560933.3055555555,0.007891219170586649,stable,false,true
2026-09-29T10-24-40-196Z/bun/case/sum_i32/wasm.resident/1000000,2026-09-29T10-24-40-196Z,bun,runtime,bun,,,1.4.2,boundary,sum_i32,sum_i32/wasm.resident/1000000,wasm.resident,wasm,WebAssembly,resident,wasm-memory-resident,,1000000,int32array,4000000,,case,3,360271.91964285716,360249.76363636367,294464.9485294118,360249.76363636367,294464.9485294118,360271.91964285716,0.18267040746727858,unstable,false,true
2026-09-29T10-24-40-196Z/bun/runtime/sum_i32/wasm.resident/1000000,2026-09-29T10-24-40-196Z,bun,runtime,bun,,,1.4.2,boundary,sum_i32,sum_i32/wasm.resident/1000000,wasm.resident,wasm,WebAssembly,resident,wasm-memory-resident,,1000000,int32array,4000000,,runtime,3,293917.6641791045,295308.8161764706,297439.5,295308.8161764706,293917.6641791045,297439.5,0.011925942023996078,stable,false,true
2026-09-29T10-24-40-196Z/bun/case/sum_i32/wasm.simd128.copy/1000000,2026-09-29T10-24-40-196Z,bun,runtime,bun,,,1.4.2,boundary,sum_i32,sum_i32/wasm.simd128.copy/1000000,wasm.simd128.copy,wasm,WebAssembly+simd128,copy,js-to-wasm-memory-copy,,1000000,int32array,4000000,,case,3,447686.8068181818,450912.5681818182,449421.625,449421.625,447686.8068181818,450912.5681818182,0.007177583774782429,stable,false,true
2026-09-29T10-24-40-196Z/bun/runtime/sum_i32/wasm.simd128.copy/1000000,2026-09-29T10-24-40-196Z,bun,runtime,bun,,,1.4.2,boundary,sum_i32,sum_i32/wasm.simd128.copy/1000000,wasm.simd128.copy,wasm,WebAssembly+simd128,copy,js-to-wasm-memory-copy,,1000000,int32array,4000000,,runtime,3,433089.82608695654,435923.0326086957,431924.89130434784,433089.82608695654,431924.89130434784,435923.0326086957,0.009231667574534723,stable,false,true
2026-09-29T10-24-40-196Z/bun/case/sum_i32/wasm.simd128.resident/1000000,2026-09-29T10-24-40-196Z,bun,runtime,bun,,,1.4.2,boundary,sum_i32,sum_i32/wasm.simd128.resident/1000000,wasm.simd128.resident,wasm,WebAssembly+simd128,resident,wasm-memory-resident,,1000000,int32array,4000000,,case,3,180396.42342342343,180450.8783783784,180488.63063063062,180450.8783783784,180396.42342342343,180488.63063063062,0.0005109823129474879,stable,true,true
2026-09-29T10-24-40-196Z/bun/runtime/sum_i32/wasm.simd128.resident/1000000,2026-09-29T10-24-40-196Z,bun,runtime,bun,,,1.4.2,boundary,sum_i32,sum_i32/wasm.simd128.resident/1000000,wasm.simd128.resident,wasm,WebAssembly+simd128,resident,wasm-memory-resident,,1000000,int32array,4000000,,runtime,3,165773.63636363635,169721.74137931032,165728.6074380165,165773.63636363635,165728.6074380165,169721.74137931032,0.02408787083933289,stable,true,true
2026-09-29T10-24-40-196Z/bun/case/string_len/ts/ascii/16,2026-09-29T10-24-40-196Z,bun,runtime,bun,,,1.4.2,payload,string_len,string_len/ts/ascii/16,ts,ts,none,,,ascii,16,string-ascii,16,,case,3,43.129301482494135,42.848553765439036,42.394816301107994,42.848553765439036,42.394816301107994,43.129301482494135,0.017141422914921465,stable,false,true
2026-09-29T10-24-40-196Z/bun/runtime/string_len/ts/ascii/16,2026-09-29T10-24-40-196Z,bun,runtime,bun,,,1.4.2,payload,string_len,string_len/ts/ascii/16,ts,ts,none,,,ascii,16,string-ascii,16,,runtime,3,32.355785672492345,32.718027507558986,43.04010297705987,32.718027507558986,32.355785672492345,43.04010297705987,0.32655750112377885,unstable,false,true
2026-09-29T10-24-40-196Z/bun/case/string_len/napi/ascii/16,2026-09-29T10-24-40-196Z,bun,runtime,bun,,,1.4.2,payload,string_len,string_len/napi/ascii/16,napi,napi,node-api,,,ascii,16,string-ascii,16,,case,3,134.79205380203268,135.52190405272898,135.27626615501575,135.27626615501575,134.79205380203268,135.52190405272898,0.0053952572128207026,stable,true,true
2026-09-29T10-24-40-196Z/bun/runtime/string_len/napi/ascii/16,2026-09-29T10-24-40-196Z,bun,runtime,bun,,,1.4.2,payload,string_len,string_len/napi/ascii/16,napi,napi,node-api,,,ascii,16,string-ascii,16,,runtime,3,120.82679578402187,120.86085269675638,121.5822372423527,120.86085269675638,120.82679578402187,121.5822372423527,0.006250505779785137,stable,true,true
2026-09-29T10-24-40-196Z/bun/case/string_len/ffi/ascii/16,2026-09-29T10-24-40-196Z,bun,runtime,bun,,,1.4.2,payload,string_len,string_len/ffi/ascii/16,ffi,ffi,bun:ffi,,,ascii,16,string-ascii,16,,case,3,25.821268486998036,25.908132161298894,26.613945335045784,25.908132161298894,25.821268486998036,26.613945335045784,0.03059567718400921,stable,false,true
2026-09-29T10-24-40-196Z/bun/runtime/string_len/ffi/ascii/16,2026-09-29T10-24-40-196Z,bun,runtime,bun,,,1.4.2,payload,string_len,string_len/ffi/ascii/16,ffi,ffi,bun:ffi,,,ascii,16,string-ascii,16,,runtime,3,25.19366323556857,25.13723016382344,25.15127829437689,25.15127829437689,25.13723016382344,25.19366323556857,0.002243745669091877,stable,false,true
2026-09-29T10-24-40-196Z/bun/case/string_len/ts/ascii/64,2026-09-29T10-24-40-196Z,bun,runtime,bun,,,1.4.2,payload,string_len,string_len/ts/ascii/64,ts,ts,none,,,ascii,64,string-ascii,64,,case,3,102.34363387044976,102.36442584891701,102.08780737548332,102.34363387044976,102.08780737548332,102.36442584891701,0.002702840059244326,stable,false,true
2026-09-29T10-24-40-196Z/bun/runtime/string_len/ts/ascii/64,2026-09-29T10-24-40-196Z,bun,runtime,bun,,,1.4.2,payload,string_len,string_len/ts/ascii/64,ts,ts,none,,,ascii,64,string-ascii,64,,runtime,3,96.0582993343354,96.63399117860212,102.10352447666784,96.63399117860212,96.0582993343354,102.10352447666784,0.0625579578014061,unstable,false,true
2026-09-29T10-24-40-196Z/bun/case/string_len/napi/ascii/64,2026-09-29T10-24-40-196Z,bun,runtime,bun,,,1.4.2,payload,string_len,string_len/napi/ascii/64,napi,napi,node-api,,,ascii,64,string-ascii,64,,case,3,147.52012825080158,134.97725669365406,146.83869306728212,146.83869306728212,134.97725669365406,147.52012825080158,0.08541938977487577,unstable,true,true
2026-09-29T10-24-40-196Z/bun/runtime/string_len/napi/ascii/64,2026-09-29T10-24-40-196Z,bun,runtime,bun,,,1.4.2,payload,string_len,string_len/napi/ascii/64,napi,napi,node-api,,,ascii,64,string-ascii,64,,runtime,3,120.96188465250965,121.2163411722646,121.50998330044027,121.2163411722646,120.96188465250965,121.50998330044027,0.004521656425445922,stable,true,true
2026-09-29T10-24-40-196Z/bun/case/string_len/ffi/ascii/64,2026-09-29T10-24-40-196Z,bun,runtime,bun,,,1.4.2,payload,string_len,string_len/ffi/ascii/64,ffi,ffi,bun:ffi,,,ascii,64,string-ascii,64,,case,3,27.28762959344298,27.723397693862932,27.589345892697004,27.589345892697004,27.28762959344298,27.723397693862932,0.015794796372294643,stable,true,true
2026-09-29T10-24-40-196Z/bun/runtime/string_len/ffi/ascii/64,2026-09-29T10-24-40-196Z,bun,runtime,bun,,,1.4.2,payload,string_len,string_len/ffi/ascii/64,ffi,ffi,bun:ffi,,,ascii,64,string-ascii,64,,runtime,3,26.257092345080572,26.130266396361257,26.430232757551693,26.257092345080572,26.130266396361257,26.430232757551693,0.011424203306602447,stable,true,true
2026-09-29T10-24-40-196Z/bun/case/string_len/ts/ascii/1024,2026-09-29T10-24-40-196Z,bun,runtime,bun,,,1.4.2,payload,string_len,string_len/ts/ascii/1024,ts,ts,none,,,ascii,1024,string-ascii,1024,,case,3,1169.1736147932131,1185.5416720464816,1176.1440538223073,1176.1440538223073,1169.1736147932131,1185.5416720464816,0.013916711307662137,stable,false,true
2026-09-29T10-24-40-196Z/bun/runtime/string_len/ts/ascii/1024,2026-09-29T10-24-40-196Z,bun,runtime,bun,,,1.4.2,payload,string_len,string_len/ts/ascii/1024,ts,ts,none,,,ascii,1024,string-ascii,1024,,runtime,3,1266.1242243890083,1225.214329436249,1227.7162462221675,1227.7162462221675,1225.214329436249,1266.1242243890083,0.033321946401413186,stable,false,true
2026-09-29T10-24-40-196Z/bun/case/string_len/napi/ascii/1024,2026-09-29T10-24-40-196Z,bun,runtime,bun,,,1.4.2,payload,string_len,string_len/napi/ascii/1024,napi,napi,node-api,,,ascii,1024,string-ascii,1024,,case,3,173.50468059885685,172.69099938771345,172.94363471637038,172.94363471637038,172.69099938771345,173.50468059885685,0.004704892507190859,stable,true,true
2026-09-29T10-24-40-196Z/bun/runtime/string_len/napi/ascii/1024,2026-09-29T10-24-40-196Z,bun,runtime,bun,,,1.4.2,payload,string_len,string_len/napi/ascii/1024,napi,napi,node-api,,,ascii,1024,string-ascii,1024,,runtime,3,158.5125496533223,164.1373632062698,158.1303328254452,158.5125496533223,158.1303328254452,164.1373632062698,0.03789624477028718,stable,true,true
2026-09-29T10-24-40-196Z/bun/case/string_len/ffi/ascii/1024,2026-09-29T10-24-40-196Z,bun,runtime,bun,,,1.4.2,payload,string_len,string_len/ffi/ascii/1024,ffi,ffi,bun:ffi,,,ascii,1024,string-ascii,1024,,case,3,41.51898811737264,42.12489281300704,42.42713576085198,42.12489281300704,41.51898811737264,42.42713576085198,0.021558455887605892,stable,true,true
2026-09-29T10-24-40-196Z/bun/runtime/string_len/ffi/ascii/1024,2026-09-29T10-24-40-196Z,bun,runtime,bun,,,1.4.2,payload,string_len,string_len/ffi/ascii/1024,ffi,ffi,bun:ffi,,,ascii,1024,string-ascii,1024,,runtime,3,46.238957470893,47.09121377214526,46.89477242862262,46.89477242862262,46.238957470893,47.09121377214526,0.018173801835790104,stable,true,true
2026-09-29T10-24-40-196Z/bun/case/string_len/ts/ascii/65536,2026-09-29T10-24-40-196Z,bun,runtime,bun,,,1.4.2,payload,string_len,string_len/ts/ascii/65536,ts,ts,none,,,ascii,65536,string-ascii,65536,,case,3,76543.6349809886,79985.2183908046,77180.88372093023,77180.88372093023,76543.6349809886,79985.2183908046,0.044591137648281355,stable,false,true
2026-09-29T10-24-40-196Z/bun/runtime/string_len/ts/ascii/65536,2026-09-29T10-24-40-196Z,bun,runtime,bun,,,1.4.2,payload,string_len,string_len/ts/ascii/65536,ts,ts,none,,,ascii,65536,string-ascii,65536,,runtime,3,78091.27755905512,76125.32641509434,81114.13508064515,78091.27755905512,76125.32641509434,81114.13508064515,0.06388432641248713,unstable,false,true
2026-09-29T10-24-40-196Z/bun/case/string_len/napi/ascii/65536,2026-09-29T10-24-40-196Z,bun,runtime,bun,,,1.4.2,payload,string_len,string_len/napi/ascii/65536,napi,napi,node-api,,,ascii,65536,string-ascii,65536,,case,3,4188.034684496448,4105.165068098984,4189.597673524322,4188.034684496448,4105.165068098984,4189.597673524322,0.020160436048415803,stable,true,true
2026-09-29T10-24-40-196Z/bun/runtime/string_len/napi/ascii/65536,2026-09-29T10-24-40-196Z,bun,runtime,bun,,,1.4.2,payload,string_len,string_len/napi/ascii/65536,napi,napi,node-api,,,ascii,65536,string-ascii,65536,,runtime,3,4980.921629703464,4972.038910989558,4983.091633466135,4980.921629703464,4972.038910989558,4983.091633466135,0.002219011520009685,stable,true,true
2026-09-29T10-24-40-196Z/bun/case/string_len/ffi/ascii/65536,2026-09-29T10-24-40-196Z,bun,runtime,bun,,,1.4.2,payload,string_len,string_len/ffi/ascii/65536,ffi,ffi,bun:ffi,,,ascii,65536,string-ascii,65536,,case,3,2294.375305216426,2222.6503438331856,2148.6197530864197,2222.6503438331856,2148.6197530864197,2294.375305216426,0.06557736466935066,unstable,false,true
2026-09-29T10-24-40-196Z/bun/runtime/string_len/ffi/ascii/65536,2026-09-29T10-24-40-196Z,bun,runtime,bun,,,1.4.2,payload,string_len,string_len/ffi/ascii/65536,ffi,ffi,bun:ffi,,,ascii,65536,string-ascii,65536,,runtime,3,2292.155303030303,2288.7030497592295,2296.8872133027526,2292.155303030303,2288.7030497592295,2296.8872133027526,0.003570510049080575,stable,false,true
2026-09-29T10-24-40-196Z/bun/case/string_len/ts/ascii/1048576,2026-09-29T10-24-40-196Z,bun,runtime,bun,,,1.4.2,payload,string_len,string_len/ts/ascii/1048576,ts,ts,none,,,ascii,1048576,string-ascii,1048576,,case,3,1221640.5,1250576.21875,1223735.34375,1223735.34375,1221640.5,1250576.21875,0.023645405763414278,stable,false,true
2026-09-29T10-24-40-196Z/bun/runtime/string_len/ts/ascii/1048576,2026-09-29T10-24-40-196Z,bun,runtime,bun,,,1.4.2,payload,string_len,string_len/ts/ascii/1048576,ts,ts,none,,,ascii,1048576,string-ascii,1048576,,runtime,3,1227033.0625,1222860.25,1285270.40625,1227033.0625,1222860.25,1285270.40625,0.05086265248863251,unstable,false,true
2026-09-29T10-24-40-196Z/bun/case/string_len/napi/ascii/1048576,2026-09-29T10-24-40-196Z,bun,runtime,bun,,,1.4.2,payload,string_len,string_len/napi/ascii/1048576,napi,napi,node-api,,,ascii,1048576,string-ascii,1048576,,case,3,96948.07073170732,100004.84924623116,100130.58291457286,100004.84924623116,96948.07073170732,100130.58291457286,0.031823578624968304,stable,false,true
2026-09-29T10-24-40-196Z/bun/runtime/string_len/napi/ascii/1048576,2026-09-29T10-24-40-196Z,bun,runtime,bun,,,1.4.2,payload,string_len,string_len/napi/ascii/1048576,napi,napi,node-api,,,ascii,1048576,string-ascii,1048576,,runtime,3,103114.2474226804,101839.8163265306,101948.14795918367,101948.14795918367,101839.8163265306,103114.2474226804,0.012500777323194077,stable,false,true
2026-09-29T10-24-40-196Z/bun/case/string_len/ffi/ascii/1048576,2026-09-29T10-24-40-196Z,bun,runtime,bun,,,1.4.2,payload,string_len,string_len/ffi/ascii/1048576,ffi,ffi,bun:ffi,,,ascii,1048576,string-ascii,1048576,,case,3,65708.14527027027,76015.2543252595,67332.28135593221,67332.28135593221,65708.14527027027,76015.2543252595,0.153078268661413,unstable,false,true
2026-09-29T10-24-40-196Z/bun/runtime/string_len/ffi/ascii/1048576,2026-09-29T10-24-40-196Z,bun,runtime,bun,,,1.4.2,payload,string_len,string_len/ffi/ascii/1048576,ffi,ffi,bun:ffi,,,ascii,1048576,string-ascii,1048576,,runtime,3,65774.11842105264,65129.51465798046,66709.60166666665,65774.11842105264,65129.51465798046,66709.60166666665,0.024022929483771716,stable,false,true
2026-09-29T10-24-40-196Z/bun/case/string_len/ts/ascii/16777216,2026-09-29T10-24-40-196Z,bun,runtime,bun,,,1.4.2,payload,string_len,string_len/ts/ascii/16777216,ts,ts,none,,,ascii,16777216,string-ascii,16777216,,case,3,19852847.5,19796947,20023607.5,19852847.5,19796947,20023607.5,0.011417027204787626,stable,false,true
2026-09-29T10-24-40-196Z/bun/runtime/string_len/ts/ascii/16777216,2026-09-29T10-24-40-196Z,bun,runtime,bun,,,1.4.2,payload,string_len,string_len/ts/ascii/16777216,ts,ts,none,,,ascii,16777216,string-ascii,16777216,,runtime,3,19679539,19673903.5,20853100.5,19679539,19673903.5,20853100.5,0.05991995036062583,unstable,false,true
2026-09-29T10-24-40-196Z/bun/case/string_len/napi/ascii/16777216,2026-09-29T10-24-40-196Z,bun,runtime,bun,,,1.4.2,payload,string_len,string_len/napi/ascii/16777216,napi,napi,node-api,,,ascii,16777216,string-ascii,16777216,,case,3,2179395.375,2149201.722222222,2166198.722222222,2166198.722222222,2149201.722222222,2179395.375,0.013938542419046138,stable,false,true
2026-09-29T10-24-40-196Z/bun/runtime/string_len/napi/ascii/16777216,2026-09-29T10-24-40-196Z,bun,runtime,bun,,,1.4.2,payload,string_len,string_len/napi/ascii/16777216,napi,napi,node-api,,,ascii,16777216,string-ascii,16777216,,runtime,3,2130623.4444444445,2167070.222222222,2145914.5555555555,2145914.5555555555,2130623.4444444445,2167070.222222222,0.016984263275264387,stable,false,true
2026-09-29T10-24-40-196Z/bun/case/string_len/ffi/ascii/16777216,2026-09-29T10-24-40-196Z,bun,runtime,bun,,,1.4.2,payload,string_len,string_len/ffi/ascii/16777216,ffi,ffi,bun:ffi,,,ascii,16777216,string-ascii,16777216,,case,3,1527121.7916666667,1488768.7692307692,1542638.5,1527121.7916666667,1488768.7692307692,1542638.5,0.035275333678814524,stable,false,true
2026-09-29T10-24-40-196Z/bun/runtime/string_len/ffi/ascii/16777216,2026-09-29T10-24-40-196Z,bun,runtime,bun,,,1.4.2,payload,string_len,string_len/ffi/ascii/16777216,ffi,ffi,bun:ffi,,,ascii,16777216,string-ascii,16777216,,runtime,3,1496170.346153846,1497722.1153846155,1484545.4615384615,1496170.346153846,1484545.4615384615,1497722.1153846155,0.008806920869690248,stable,false,true
2026-09-29T10-24-40-196Z/bun/case/string_len/ts/utf8/16,2026-09-29T10-24-40-196Z,bun,runtime,bun,,,1.4.2,payload,string_len,string_len/ts/utf8/16,ts,ts,none,,,utf8,16,string-utf8,16,,case,3,11.407499150776395,11.383533038595374,11.3786021278897,11.383533038595374,11.3786021278897,11.407499150776395,0.002538493347251835,stable,false,true
2026-09-29T10-24-40-196Z/bun/runtime/string_len/ts/utf8/16,2026-09-29T10-24-40-196Z,bun,runtime,bun,,,1.4.2,payload,string_len,string_len/ts/utf8/16,ts,ts,none,,,utf8,16,string-utf8,16,,runtime,3,11.393755557659391,11.40344658861379,11.372686058616818,11.393755557659391,11.372686058616818,11.40344658861379,0.002699770926390723,stable,false,true
2026-09-29T10-24-40-196Z/bun/case/string_len/napi/utf8/16,2026-09-29T10-24-40-196Z,bun,runtime,bun,,,1.4.2,payload,string_len,string_len/napi/utf8/16,napi,napi,node-api,,,utf8,16,string-utf8,16,,case,3,149.92196072284298,156.04397736584158,168.63216372389076,156.04397736584158,149.92196072284298,168.63216372389076,0.11990339721463344,unstable,true,true
2026-09-29T10-24-40-196Z/bun/runtime/string_len/napi/utf8/16,2026-09-29T10-24-40-196Z,bun,runtime,bun,,,1.4.2,payload,string_len,string_len/napi/utf8/16,napi,napi,node-api,,,utf8,16,string-utf8,16,,runtime,3,142.48195854273143,143.66085431873046,140.0770752402006,142.48195854273143,140.0770752402006,143.66085431873046,0.025152511343778695,stable,true,true
2026-09-29T10-24-40-196Z/bun/case/string_len/ffi/utf8/16,2026-09-29T10-24-40-196Z,bun,runtime,bun,,,1.4.2,payload,string_len,string_len/ffi/utf8/16,ffi,ffi,bun:ffi,,,utf8,16,string-utf8,16,,case,3,47.05597715903502,46.9142288387003,46.78220672577122,46.9142288387003,46.78220672577122,47.05597715903502,0.00583555224162528,stable,false,true
2026-09-29T10-24-40-196Z/bun/runtime/string_len/ffi/utf8/16,2026-09-29T10-24-40-196Z,bun,runtime,bun,,,1.4.2,payload,string_len,string_len/ffi/utf8/16,ffi,ffi,bun:ffi,,,utf8,16,string-utf8,16,,runtime,3,46.56647317383374,46.173251267064586,47.436193551450685,46.56647317383374,46.173251267064586,47.436193551450685,0.027121278428613352,stable,false,true
2026-09-29T10-24-40-196Z/bun/case/string_len/ts/utf8/64,2026-09-29T10-24-40-196Z,bun,runtime,bun,,,1.4.2,payload,string_len,string_len/ts/utf8/64,ts,ts,none,,,utf8,64,string-utf8,64,,case,3,87.2023362035054,87.0299338549998,87.19865820623818,87.19865820623818,87.0299338549998,87.2023362035054,0.0019771215756306877,stable,true,true
2026-09-29T10-24-40-196Z/bun/runtime/string_len/ts/utf8/64,2026-09-29T10-24-40-196Z,bun,runtime,bun,,,1.4.2,payload,string_len,string_len/ts/utf8/64,ts,ts,none,,,utf8,64,string-utf8,64,,runtime,3,74.95547040660689,74.48097125977256,86.89228032945147,74.95547040660689,74.48097125977256,86.89228032945147,0.16558243184055746,unstable,true,true
2026-09-29T10-24-40-196Z/bun/case/string_len/napi/utf8/64,2026-09-29T10-24-40-196Z,bun,runtime,bun,,,1.4.2,payload,string_len,string_len/napi/utf8/64,napi,napi,node-api,,,utf8,64,string-utf8,64,,case,3,206.55564306329012,212.76439405413592,203.42806377850565,206.55564306329012,203.42806377850565,212.76439405413592,0.04520007363231203,stable,true,true
2026-09-29T10-24-40-196Z/bun/runtime/string_len/napi/utf8/64,2026-09-29T10-24-40-196Z,bun,runtime,bun,,,1.4.2,payload,string_len,string_len/napi/utf8/64,napi,napi,node-api,,,utf8,64,string-utf8,64,,runtime,3,193.99248836736865,193.3720331685228,194.18134757840298,193.99248836736865,193.3720331685228,194.18134757840298,0.00417188529664905,stable,true,true
2026-09-29T10-24-40-196Z/bun/case/string_len/ffi/utf8/64,2026-09-29T10-24-40-196Z,bun,runtime,bun,,,1.4.2,payload,string_len,string_len/ffi/utf8/64,ffi,ffi,bun:ffi,,,utf8,64,string-utf8,64,,case,3,87.19244628669517,88.77839995008758,88.43553269844666,88.43553269844666,87.19244628669517,88.77839995008758,0.017933443888445748,stable,false,true
2026-09-29T10-24-40-196Z/bun/runtime/string_len/ffi/utf8/64,2026-09-29T10-24-40-196Z,bun,runtime,bun,,,1.4.2,payload,string_len,string_len/ffi/utf8/64,ffi,ffi,bun:ffi,,,utf8,64,string-utf8,64,,runtime,3,86.82218198477278,86.87802870988388,88.03950810405794,86.87802870988388,86.82218198477278,88.03950810405794,0.014011898489895976,stable,false,true
2026-09-29T10-24-40-196Z/bun/case/string_len/ts/utf8/1024,2026-09-29T10-24-40-196Z,bun,runtime,bun,,,1.4.2,payload,string_len,string_len/ts/utf8/1024,ts,ts,none,,,utf8,1024,string-utf8,1024,,case,3,1073.8831563956498,1127.3719472378216,1126.3590528880986,1126.3590528880986,1073.8831563956498,1127.3719472378216,0.0474882238527946,stable,true,true
2026-09-29T10-24-40-196Z/bun/runtime/string_len/ts/utf8/1024,2026-09-29T10-24-40-196Z,bun,runtime,bun,,,1.4.2,payload,string_len,string_len/ts/utf8/1024,ts,ts,none,,,utf8,1024,string-utf8,1024,,runtime,3,1352.3589536682134,1360.5961846318037,1572.2907354273634,1360.5961846318037,1352.3589536682134,1572.2907354273634,0.16164368549854974,unstable,true,true
2026-09-29T10-24-40-196Z/bun/case/string_len/napi/utf8/1024,2026-09-29T10-24-40-196Z,bun,runtime,bun,,,1.4.2,payload,string_len,string_len/napi/utf8/1024,napi,napi,node-api,,,utf8,1024,string-utf8,1024,,case,3,1179.991852028072,1161.3634143435788,1192.1274669073405,1179.991852028072,1161.3634143435788,1192.1274669073405,0.026071411010920927,stable,false,true
2026-09-29T10-24-40-196Z/bun/runtime/string_len/napi/utf8/1024,2026-09-29T10-24-40-196Z,bun,runtime,bun,,,1.4.2,payload,string_len,string_len/napi/utf8/1024,napi,napi,node-api,,,utf8,1024,string-utf8,1024,,runtime,3,1171.6355309218202,1159.399883822248,1167.1032216794604,1167.1032216794604,1159.399883822248,1171.6355309218202,0.010483774590190103,stable,false,true
2026-09-29T10-24-40-196Z/bun/case/string_len/ffi/utf8/1024,2026-09-29T10-24-40-196Z,bun,runtime,bun,,,1.4.2,payload,string_len,string_len/ffi/utf8/1024,ffi,ffi,bun:ffi,,,utf8,1024,string-utf8,1024,,case,3,917.9597624418766,923.7808357879235,919.0525770346828,919.0525770346828,917.9597624418766,923.7808357879235,0.006333776207699175,stable,false,true
2026-09-29T10-24-40-196Z/bun/runtime/string_len/ffi/utf8/1024,2026-09-29T10-24-40-196Z,bun,runtime,bun,,,1.4.2,payload,string_len,string_len/ffi/utf8/1024,ffi,ffi,bun:ffi,,,utf8,1024,string-utf8,1024,,runtime,3,921.3849067060779,916.6656125395298,918.1586831800382,918.1586831800382,916.6656125395298,921.3849067060779,0.005139954838964095,stable,false,true
2026-09-29T10-24-40-196Z/bun/case/string_len/ts/utf8/65536,2026-09-29T10-24-40-196Z,bun,runtime,bun,,,1.4.2,payload,string_len,string_len/ts/utf8/65536,ts,ts,none,,,utf8,65536,string-utf8,65536,,case,3,99553.0975,100206.83165829146,99909.8425,99909.8425,99553.0975,100206.83165829146,0.00654324080524351,stable,true,true
2026-09-29T10-24-40-196Z/bun/runtime/string_len/ts/utf8/65536,2026-09-29T10-24-40-196Z,bun,runtime,bun,,,1.4.2,payload,string_len,string_len/ts/utf8/65536,ts,ts,none,,,utf8,65536,string-utf8,65536,,runtime,3,83982.00420168067,83710.49372384937,83698.65481171547,83710.49372384937,83698.65481171547,83982.00420168067,0.0033848729993151117,stable,true,true
2026-09-29T10-24-40-196Z/bun/case/string_len/napi/utf8/65536,2026-09-29T10-24-40-196Z,bun,runtime,bun,,,1.4.2,payload,string_len,string_len/napi/utf8/65536,napi,napi,node-api,,,utf8,65536,string-utf8,65536,,case,3,67428.09966216216,67125.98479729731,66024.29598662208,67125.98479729731,66024.29598662208,67428.09966216216,0.020912969541961996,stable,false,true
2026-09-29T10-24-40-196Z/bun/runtime/string_len/napi/utf8/65536,2026-09-29T10-24-40-196Z,bun,runtime,bun,,,1.4.2,payload,string_len,string_len/napi/utf8/65536,napi,napi,node-api,,,utf8,65536,string-utf8,65536,,runtime,3,67212.58952702703,67298.02525252526,67772.4206081081,67298.02525252526,67212.58952702703,67772.4206081081,0.008318685117139794,stable,false,true
2026-09-29T10-24-40-196Z/bun/case/string_len/ffi/utf8/65536,2026-09-29T10-24-40-196Z,bun,runtime,bun,,,1.4.2,payload,string_len,string_len/ffi/utf8/65536,ffi,ffi,bun:ffi,,,utf8,65536,string-utf8,65536,,case,3,56417.052706552706,56549.56497175142,56150.89548022599,56417.052706552706,56150.89548022599,56549.56497175142,0.007066471437263189,stable,false,true
2026-09-29T10-24-40-196Z/bun/runtime/string_len/ffi/utf8/65536,2026-09-29T10-24-40-196Z,bun,runtime,bun,,,1.4.2,payload,string_len,string_len/ffi/utf8/65536,ffi,ffi,bun:ffi,,,utf8,65536,string-utf8,65536,,runtime,3,56055.5941011236,56309.904829545456,56288.322535211264,56288.322535211264,56055.5941011236,56309.904829545456,0.0045180015493048705,stable,false,true
2026-09-29T10-24-40-196Z/bun/case/string_len/ts/utf8/1048576,2026-09-29T10-24-40-196Z,bun,runtime,bun,,,1.4.2,payload,string_len,string_len/ts/utf8/1048576,ts,ts,none,,,utf8,1048576,string-utf8,1048576,,case,3,1597432.7916666665,1296626.1875,1296145.3333333335,1296626.1875,1296145.3333333335,1597432.7916666665,0.23236262018912296,unstable,false,true
2026-09-29T10-24-40-196Z/bun/runtime/string_len/ts/utf8/1048576,2026-09-29T10-24-40-196Z,bun,runtime,bun,,,1.4.2,payload,string_len,string_len/ts/utf8/1048576,ts,ts,none,,,utf8,1048576,string-utf8,1048576,,runtime,3,1329349.9333333333,1332646.2,1540590.8076923075,1332646.2,1329349.9333333333,1540590.8076923075,0.15851234510628115,unstable,false,true
2026-09-29T10-24-40-196Z/bun/case/string_len/napi/utf8/1048576,2026-09-29T10-24-40-196Z,bun,runtime,bun,,,1.4.2,payload,string_len,string_len/napi/utf8/1048576,napi,napi,node-api,,,utf8,1048576,string-utf8,1048576,,case,3,1096334.5263157894,1092588.7777777778,1094341.5555555555,1094341.5555555555,1092588.7777777778,1096334.5263157894,0.003422833135592764,stable,false,true
2026-09-29T10-24-40-196Z/bun/runtime/string_len/napi/utf8/1048576,2026-09-29T10-24-40-196Z,bun,runtime,bun,,,1.4.2,payload,string_len,string_len/napi/utf8/1048576,napi,napi,node-api,,,utf8,1048576,string-utf8,1048576,,runtime,3,1081934.1315789474,1083259.777777778,1087062.3333333335,1083259.777777778,1081934.1315789474,1087062.3333333335,0.004734046125949745,stable,false,true
2026-09-29T10-24-40-196Z/bun/case/string_len/ffi/utf8/1048576,2026-09-29T10-24-40-196Z,bun,runtime,bun,,,1.4.2,payload,string_len,string_len/ffi/utf8/1048576,ffi,ffi,bun:ffi,,,utf8,1048576,string-utf8,1048576,,case,3,925036.2954545454,926963.8863636365,918171.7727272727,925036.2954545454,918171.7727272727,926963.8863636365,0.009504614769784233,stable,false,true
2026-09-29T10-24-40-196Z/bun/runtime/string_len/ffi/utf8/1048576,2026-09-29T10-24-40-196Z,bun,runtime,bun,,,1.4.2,payload,string_len,string_len/ffi/utf8/1048576,ffi,ffi,bun:ffi,,,utf8,1048576,string-utf8,1048576,,runtime,3,928409.8181818181,925439.5227272727,923492.8181818181,925439.5227272727,923492.8181818181,928409.8181818181,0.0053131510803748555,stable,false,true
2026-09-29T10-24-40-196Z/bun/case/string_len/ts/utf8/16777216,2026-09-29T10-24-40-196Z,bun,runtime,bun,,,1.4.2,payload,string_len,string_len/ts/utf8/16777216,ts,ts,none,,,utf8,16777216,string-utf8,16777216,,case,3,20774651.5,20604911,25170776.5,20774651.5,20604911,25170776.5,0.21978060618730474,unstable,false,true
2026-09-29T10-24-40-196Z/bun/runtime/string_len/ts/utf8/16777216,2026-09-29T10-24-40-196Z,bun,runtime,bun,,,1.4.2,payload,string_len,string_len/ts/utf8/16777216,ts,ts,none,,,utf8,16777216,string-utf8,16777216,,runtime,3,21234410.5,21189523.5,24545495,21234410.5,21189523.5,24545495,0.15804401539661297,unstable,false,true
2026-09-29T10-24-40-196Z/bun/case/string_len/napi/utf8/16777216,2026-09-29T10-24-40-196Z,bun,runtime,bun,,,1.4.2,payload,string_len,string_len/napi/utf8/16777216,napi,napi,node-api,,,utf8,16777216,string-utf8,16777216,,case,3,18222043.5,17261922.5,17870247,17870247,17261922.5,18222043.5,0.05372734915191715,unstable,false,true
2026-09-29T10-24-40-196Z/bun/runtime/string_len/napi/utf8/16777216,2026-09-29T10-24-40-196Z,bun,runtime,bun,,,1.4.2,payload,string_len,string_len/napi/utf8/16777216,napi,napi,node-api,,,utf8,16777216,string-utf8,16777216,,runtime,3,17469464,17525316.5,17505955,17505955,17469464,17525316.5,0.0031904857518484423,stable,false,true
2026-09-29T10-24-40-196Z/bun/case/string_len/ffi/utf8/16777216,2026-09-29T10-24-40-196Z,bun,runtime,bun,,,1.4.2,payload,string_len,string_len/ffi/utf8/16777216,ffi,ffi,bun:ffi,,,utf8,16777216,string-utf8,16777216,,case,3,14676163.5,14685027.5,14746438,14685027.5,14676163.5,14746438,0.00478545239360294,stable,false,true
2026-09-29T10-24-40-196Z/bun/runtime/string_len/ffi/utf8/16777216,2026-09-29T10-24-40-196Z,bun,runtime,bun,,,1.4.2,payload,string_len,string_len/ffi/utf8/16777216,ffi,ffi,bun:ffi,,,utf8,16777216,string-utf8,16777216,,runtime,3,14754891,14735838.5,14693485.5,14735838.5,14693485.5,14754891,0.0041670855716829415,stable,false,true
2026-09-29T10-24-40-196Z/bun/case/bytes_len/ts/16,2026-09-29T10-24-40-196Z,bun,runtime,bun,,,1.4.2,payload,bytes_len,bytes_len/ts/16,ts,ts,none,,,,16,uint8array,16,,case,3,0.4375206398982687,0.4375999579551637,0.4385726079527933,0.4375999579551637,0.4375206398982687,0.4385726079527933,0.002403949167271972,stable,false,true
2026-09-29T10-24-40-196Z/bun/runtime/bytes_len/ts/16,2026-09-29T10-24-40-196Z,bun,runtime,bun,,,1.4.2,payload,bytes_len,bytes_len/ts/16,ts,ts,none,,,,16,uint8array,16,,runtime,3,0.4381582065076386,0.4382499432603446,0.4374068078517809,0.4381582065076386,0.4374068078517809,0.4382499432603446,0.0019242716353163514,stable,false,true
2026-09-29T10-24-40-196Z/bun/case/bytes_len/napi/16,2026-09-29T10-24-40-196Z,bun,runtime,bun,,,1.4.2,payload,bytes_len,bytes_len/napi/16,napi,napi,node-api,,,,16,uint8array,16,,case,3,132.38406006006005,131.71981168958104,121.8113355187888,131.71981168958104,121.8113355187888,132.38406006006005,0.08026677540496023,unstable,true,true
2026-09-29T10-24-40-196Z/bun/runtime/bytes_len/napi/16,2026-09-29T10-24-40-196Z,bun,runtime,bun,,,1.4.2,payload,bytes_len,bytes_len/napi/16,napi,napi,node-api,,,,16,uint8array,16,,runtime,3,108.41542341112483,108.54112121378103,107.59418939705787,108.41542341112483,107.59418939705787,108.54112121378103,0.008734290628855147,stable,true,true
2026-09-29T10-24-40-196Z/bun/case/bytes_len/ffi/16,2026-09-29T10-24-40-196Z,bun,runtime,bun,,,1.4.2,payload,bytes_len,bytes_len/ffi/16,ffi,ffi,bun:ffi,,,,16,uint8array,16,,case,3,3.885146887777198,3.8417951639457613,4.386383843585456,3.885146887777198,3.8417951639457613,4.386383843585456,0.14017196656141598,unstable,false,true
2026-09-29T10-24-40-196Z/bun/runtime/bytes_len/ffi/16,2026-09-29T10-24-40-196Z,bun,runtime,bun,,,1.4.2,payload,bytes_len,bytes_len/ffi/16,ffi,ffi,bun:ffi,,,,16,uint8array,16,,runtime,3,3.5063485974459576,3.812998698929293,4.376086267123609,3.812998698929293,3.5063485974459576,4.376086267123609,0.22809807669797474,unstable,false,true
2026-09-29T10-24-40-196Z/bun/case/bytes_len/ts/64,2026-09-29T10-24-40-196Z,bun,runtime,bun,,,1.4.2,payload,bytes_len,bytes_len/ts/64,ts,ts,none,,,,64,uint8array,64,,case,3,0.43829385394266546,0.43850968662587075,0.43854852686374945,0.43850968662587075,0.43829385394266546,0.43854852686374945,0.0005807692027138295,stable,false,true
2026-09-29T10-24-40-196Z/bun/runtime/bytes_len/ts/64,2026-09-29T10-24-40-196Z,bun,runtime,bun,,,1.4.2,payload,bytes_len,bytes_len/ts/64,ts,ts,none,,,,64,uint8array,64,,runtime,3,0.43828906765559955,0.43803353439533876,0.43748153382871424,0.43803353439533876,0.43748153382871424,0.43828906765559955,0.0018435433898914351,stable,false,true
2026-09-29T10-24-40-196Z/bun/case/bytes_len/napi/64,2026-09-29T10-24-40-196Z,bun,runtime,bun,,,1.4.2,payload,bytes_len,bytes_len/napi/64,napi,napi,node-api,,,,64,uint8array,64,,case,3,126.12453672782515,116.65396058720381,132.9756460881569,126.12453672782515,116.65396058720381,132.9756460881569,0.12940928010046965,unstable,true,true
2026-09-29T10-24-40-196Z/bun/runtime/bytes_len/napi/64,2026-09-29T10-24-40-196Z,bun,runtime,bun,,,1.4.2,payload,bytes_len,bytes_len/napi/64,napi,napi,node-api,,,,64,uint8array,64,,runtime,3,108.3408255889345,108.50538973378883,107.63626660020265,108.3408255889345,107.63626660020265,108.50538973378883,0.008022120275174962,stable,true,true
2026-09-29T10-24-40-196Z/bun/case/bytes_len/ffi/64,2026-09-29T10-24-40-196Z,bun,runtime,bun,,,1.4.2,payload,bytes_len,bytes_len/ffi/64,ffi,ffi,bun:ffi,,,,64,uint8array,64,,case,3,3.415807918579532,3.4983093463792025,3.474421508024045,3.474421508024045,3.415807918579532,3.4983093463792025,0.02374537102338809,stable,true,true
2026-09-29T10-24-40-196Z/bun/runtime/bytes_len/ffi/64,2026-09-29T10-24-40-196Z,bun,runtime,bun,,,1.4.2,payload,bytes_len,bytes_len/ffi/64,ffi,ffi,bun:ffi,,,,64,uint8array,64,,runtime,3,4.318148979640757,3.512506381623937,5.1807083408187005,4.318148979640757,3.512506381623937,5.1807083408187005,0.3863233915874638,unstable,true,true
2026-09-29T10-24-40-196Z/bun/case/bytes_len/ts/1024,2026-09-29T10-24-40-196Z,bun,runtime,bun,,,1.4.2,payload,bytes_len,bytes_len/ts/1024,ts,ts,none,,,,1024,uint8array,1024,,case,3,0.43754510568567484,0.43738783704439155,0.4383971157770464,0.43754510568567484,0.43738783704439155,0.4383971157770464,0.002306685001248482,stable,false,true
2026-09-29T10-24-40-196Z/bun/runtime/bytes_len/ts/1024,2026-09-29T10-24-40-196Z,bun,runtime,bun,,,1.4.2,payload,bytes_len,bytes_len/ts/1024,ts,ts,none,,,,1024,uint8array,1024,,runtime,3,0.438161110962884,0.4381856584998065,0.43748758812418165,0.438161110962884,0.43748758812418165,0.4381856584998065,0.0015931819555843516,stable,false,true
2026-09-29T10-24-40-196Z/bun/case/bytes_len/napi/1024,2026-09-29T10-24-40-196Z,bun,runtime,bun,,,1.4.2,payload,bytes_len,bytes_len/napi/1024,napi,napi,node-api,,,,1024,uint8array,1024,,case,3,118.61347238659368,133.00550161389387,134.9835087302843,133.00550161389387,118.61347238659368,134.9835087302843,0.1230778888471227,unstable,true,true
2026-09-29T10-24-40-196Z/bun/runtime/bytes_len/napi/1024,2026-09-29T10-24-40-196Z,bun,runtime,bun,,,1.4.2,payload,bytes_len,bytes_len/napi/1024,napi,napi,node-api,,,,1024,uint8array,1024,,runtime,3,108.02581235549249,108.30576542689451,107.59870487827375,108.02581235549249,107.59870487827375,108.30576542689451,0.006545292585201372,stable,true,true
2026-09-29T10-24-40-196Z/bun/case/bytes_len/ffi/1024,2026-09-29T10-24-40-196Z,bun,runtime,bun,,,1.4.2,payload,bytes_len,bytes_len/ffi/1024,ffi,ffi,bun:ffi,,,,1024,uint8array,1024,,case,3,3.9209996512181893,3.5035963848501828,4.376026374393558,3.9209996512181893,3.5035963848501828,4.376026374393558,0.22250192990257628,unstable,false,true
2026-09-29T10-24-40-196Z/bun/runtime/bytes_len/ffi/1024,2026-09-29T10-24-40-196Z,bun,runtime,bun,,,1.4.2,payload,bytes_len,bytes_len/ffi/1024,ffi,ffi,bun:ffi,,,,1024,uint8array,1024,,runtime,3,4.338614187932404,3.486330663266145,5.224303427920214,4.338614187932404,3.486330663266145,5.224303427920214,0.4005824646699715,unstable,false,true
2026-09-29T10-24-40-196Z/bun/case/bytes_len/ts/65536,2026-09-29T10-24-40-196Z,bun,runtime,bun,,,1.4.2,payload,bytes_len,bytes_len/ts/65536,ts,ts,none,,,,65536,uint8array,65536,,case,3,0.43810754790861106,0.4384876659040099,0.43865120587861506,0.4384876659040099,0.43810754790861106,0.43865120587861506,0.0012398478048023587,stable,false,true
2026-09-29T10-24-40-196Z/bun/runtime/bytes_len/ts/65536,2026-09-29T10-24-40-196Z,bun,runtime,bun,,,1.4.2,payload,bytes_len,bytes_len/ts/65536,ts,ts,none,,,,65536,uint8array,65536,,runtime,3,0.43809136773048246,0.4382199602756075,0.43736609706154855,0.43809136773048246,0.43736609706154855,0.4382199602756075,0.0019490528162706266,stable,false,true
2026-09-29T10-24-40-196Z/bun/case/bytes_len/napi/65536,2026-09-29T10-24-40-196Z,bun,runtime,bun,,,1.4.2,payload,bytes_len,bytes_len/napi/65536,napi,napi,node-api,,,,65536,uint8array,65536,,case,3,121.10445139902822,133.67271609540438,132.63463431601605,132.63463431601605,121.10445139902822,133.67271609540438,0.09475854297928656,unstable,true,true
2026-09-29T10-24-40-196Z/bun/runtime/bytes_len/napi/65536,2026-09-29T10-24-40-196Z,bun,runtime,bun,,,1.4.2,payload,bytes_len,bytes_len/napi/65536,napi,napi,node-api,,,,65536,uint8array,65536,,runtime,3,108.02535488724246,108.30519203682617,107.61186988168599,108.02535488724246,107.61186988168599,108.30519203682617,0.006418142813452213,stable,true,true
2026-09-29T10-24-40-196Z/bun/case/bytes_len/ffi/65536,2026-09-29T10-24-40-196Z,bun,runtime,bun,,,1.4.2,payload,bytes_len,bytes_len/ffi/65536,ffi,ffi,bun:ffi,,,,65536,uint8array,65536,,case,3,3.432678693894359,3.4259227928881115,3.4740252033178183,3.432678693894359,3.4259227928881115,3.4740252033178183,0.014013082702807463,stable,true,true
2026-09-29T10-24-40-196Z/bun/runtime/bytes_len/ffi/65536,2026-09-29T10-24-40-196Z,bun,runtime,bun,,,1.4.2,payload,bytes_len,bytes_len/ffi/65536,ffi,ffi,bun:ffi,,,,65536,uint8array,65536,,runtime,3,4.348289048435026,3.484290366742345,5.222918700012981,4.348289048435026,3.484290366742345,5.222918700012981,0.39984194102652354,unstable,true,true
2026-09-29T10-24-40-196Z/bun/case/bytes_len/ts/1048576,2026-09-29T10-24-40-196Z,bun,runtime,bun,,,1.4.2,payload,bytes_len,bytes_len/ts/1048576,ts,ts,none,,,,1048576,uint8array,1048576,,case,3,0.4383234955859986,0.43736686898944643,0.43864048450682536,0.4383234955859986,0.43736686898944643,0.43864048450682536,0.002905651944749654,stable,false,true
2026-09-29T10-24-40-196Z/bun/runtime/bytes_len/ts/1048576,2026-09-29T10-24-40-196Z,bun,runtime,bun,,,1.4.2,payload,bytes_len,bytes_len/ts/1048576,ts,ts,none,,,,1048576,uint8array,1048576,,runtime,3,0.43831160690499205,0.43798420121899173,0.43739174512259604,0.43798420121899173,0.43739174512259604,0.43831160690499205,0.00210021681109925,stable,false,true
2026-09-29T10-24-40-196Z/bun/case/bytes_len/napi/1048576,2026-09-29T10-24-40-196Z,bun,runtime,bun,,,1.4.2,payload,bytes_len,bytes_len/napi/1048576,napi,napi,node-api,,,,1048576,uint8array,1048576,,case,3,152.39384435934682,134.09393907051518,133.40597543615718,134.09393907051518,133.40597543615718,152.39384435934682,0.141601246520207,unstable,true,true
2026-09-29T10-24-40-196Z/bun/runtime/bytes_len/napi/1048576,2026-09-29T10-24-40-196Z,bun,runtime,bun,,,1.4.2,payload,bytes_len,bytes_len/napi/1048576,napi,napi,node-api,,,,1048576,uint8array,1048576,,runtime,3,108.02051622873137,108.26905113740548,107.57960022336314,108.02051622873137,107.57960022336314,108.26905113740548,0.006382592289990916,stable,true,true
2026-09-29T10-24-40-196Z/bun/case/bytes_len/ffi/1048576,2026-09-29T10-24-40-196Z,bun,runtime,bun,,,1.4.2,payload,bytes_len,bytes_len/ffi/1048576,ffi,ffi,bun:ffi,,,,1048576,uint8array,1048576,,case,3,3.463405305305921,3.4763014040684155,3.4515818877130355,3.463405305305921,3.4515818877130355,3.4763014040684155,0.0071373443695745805,stable,true,true
2026-09-29T10-24-40-196Z/bun/runtime/bytes_len/ffi/1048576,2026-09-29T10-24-40-196Z,bun,runtime,bun,,,1.4.2,payload,bytes_len,bytes_len/ffi/1048576,ffi,ffi,bun:ffi,,,,1048576,uint8array,1048576,,runtime,3,4.328116873256841,3.4863323382051883,5.223371353889588,4.328116873256841,3.4863323382051883,5.223371353889588,0.4013382878862291,unstable,true,true
2026-09-29T10-24-40-196Z/bun/case/bytes_len/ts/16777216,2026-09-29T10-24-40-196Z,bun,runtime,bun,,,1.4.2,payload,bytes_len,bytes_len/ts/16777216,ts,ts,none,,,,16777216,uint8array,16777216,,case,3,0.4377918568035302,0.43766690193289626,0.4384020963752099,0.4377918568035302,0.43766690193289626,0.4384020963752099,0.001679324160301961,stable,false,true
2026-09-29T10-24-40-196Z/bun/runtime/bytes_len/ts/16777216,2026-09-29T10-24-40-196Z,bun,runtime,bun,,,1.4.2,payload,bytes_len,bytes_len/ts/16777216,ts,ts,none,,,,16777216,uint8array,16777216,,runtime,3,0.43820992039310863,0.43824829755417094,0.43743332898946896,0.43820992039310863,0.43743332898946896,0.43824829755417094,0.001859767492189333,stable,false,true
2026-09-29T10-24-40-196Z/bun/case/bytes_len/napi/16777216,2026-09-29T10-24-40-196Z,bun,runtime,bun,,,1.4.2,payload,bytes_len,bytes_len/napi/16777216,napi,napi,node-api,,,,16777216,uint8array,16777216,,case,3,111.14418281639617,113.64611971414874,111.83034018962222,111.83034018962222,111.14418281639617,113.64611971414874,0.022372612776731495,stable,false,true
2026-09-29T10-24-40-196Z/bun/runtime/bytes_len/napi/16777216,2026-09-29T10-24-40-196Z,bun,runtime,bun,,,1.4.2,payload,bytes_len,bytes_len/napi/16777216,napi,napi,node-api,,,,16777216,uint8array,16777216,,runtime,3,108.06602503810852,108.23428269016838,107.64461635104325,108.06602503810852,107.64461635104325,108.23428269016838,0.005456537694591712,stable,false,true
2026-09-29T10-24-40-196Z/bun/case/bytes_len/ffi/16777216,2026-09-29T10-24-40-196Z,bun,runtime,bun,,,1.4.2,payload,bytes_len,bytes_len/ffi/16777216,ffi,ffi,bun:ffi,,,,16777216,uint8array,16777216,,case,3,3.9376235293839175,3.450565917821193,3.5001991746175793,3.5001991746175793,3.450565917821193,3.9376235293839175,0.1391513988960182,unstable,false,true
2026-09-29T10-24-40-196Z/bun/runtime/bytes_len/ffi/16777216,2026-09-29T10-24-40-196Z,bun,runtime,bun,,,1.4.2,payload,bytes_len,bytes_len/ffi/16777216,ffi,ffi,bun:ffi,,,,16777216,uint8array,16777216,,runtime,3,4.3531911212784395,3.481879421637608,5.225584682151003,4.3531911212784395,3.481879421637608,5.225584682151003,0.4005579382881093,unstable,false,true
2026-09-29T10-24-40-196Z/bun/case/checksum_bytes/ts/16,2026-09-29T10-24-40-196Z,bun,runtime,bun,,,1.4.2,payload,checksum_bytes,checksum_bytes/ts/16,ts,ts,none,,,,16,uint8array,16,,case,3,16.8410390085901,16.851000956574218,17.64168767242132,16.851000956574218,16.8410390085901,17.64168767242132,0.047513418692131444,stable,false,true
2026-09-29T10-24-40-196Z/bun/runtime/checksum_bytes/ts/16,2026-09-29T10-24-40-196Z,bun,runtime,bun,,,1.4.2,payload,checksum_bytes,checksum_bytes/ts/16,ts,ts,none,,,,16,uint8array,16,,runtime,3,16.91446138132197,16.899020230090837,16.854098923302143,16.899020230090837,16.854098923302143,16.91446138132197,0.003571950160302483,stable,false,true
2026-09-29T10-24-40-196Z/bun/case/checksum_bytes/napi/16,2026-09-29T10-24-40-196Z,bun,runtime,bun,,,1.4.2,payload,checksum_bytes,checksum_bytes/napi/16,napi,napi,node-api,,,,16,uint8array,16,,case,3,121.89012554397169,137.97683069498777,121.38071903690027,121.89012554397169,121.38071903690027,137.97683069498777,0.13615632590435287,unstable,true,true
2026-09-29T10-24-40-196Z/bun/runtime/checksum_bytes/napi/16,2026-09-29T10-24-40-196Z,bun,runtime,bun,,,1.4.2,payload,checksum_bytes,checksum_bytes/napi/16,napi,napi,node-api,,,,16,uint8array,16,,runtime,3,112.0693463967593,112.41487040484077,112.85124445140156,112.41487040484077,112.0693463967593,112.85124445140156,0.006955468185182246,stable,true,true
2026-09-29T10-24-40-196Z/bun/case/checksum_bytes/ffi/16,2026-09-29T10-24-40-196Z,bun,runtime,bun,,,1.4.2,payload,checksum_bytes,checksum_bytes/ffi/16,ffi,ffi,bun:ffi,,,,16,uint8array,16,,case,3,11.571236719278662,11.700202041752576,11.544231981811773,11.571236719278662,11.544231981811773,11.700202041752576,0.013479117550239304,stable,false,true
2026-09-29T10-24-40-196Z/bun/runtime/checksum_bytes/ffi/16,2026-09-29T10-24-40-196Z,bun,runtime,bun,,,1.4.2,payload,checksum_bytes,checksum_bytes/ffi/16,ffi,ffi,bun:ffi,,,,16,uint8array,16,,runtime,3,11.585289218852742,11.5669130500764,12.014901076959944,11.585289218852742,11.5669130500764,12.014901076959944,0.03866869600066038,stable,false,true
2026-09-29T10-24-40-196Z/bun/case/checksum_bytes/ts/64,2026-09-29T10-24-40-196Z,bun,runtime,bun,,,1.4.2,payload,checksum_bytes,checksum_bytes/ts/64,ts,ts,none,,,,64,uint8array,64,,case,3,89.328162905406,89.36538195080743,89.49102452328259,89.36538195080743,89.328162905406,89.49102452328259,0.0018224240116406197,stable,false,true
2026-09-29T10-24-40-196Z/bun/runtime/checksum_bytes/ts/64,2026-09-29T10-24-40-196Z,bun,runtime,bun,,,1.4.2,payload,checksum_bytes,checksum_bytes/ts/64,ts,ts,none,,,,64,uint8array,64,,runtime,3,88.92942006848918,89.11246431080949,88.7729370099332,88.92942006848918,88.7729370099332,89.11246431080949,0.003817941246156745,stable,false,true
2026-09-29T10-24-40-196Z/bun/case/checksum_bytes/napi/64,2026-09-29T10-24-40-196Z,bun,runtime,bun,,,1.4.2,payload,checksum_bytes,checksum_bytes/napi/64,napi,napi,node-api,,,,64,uint8array,64,,case,3,195.334526982012,203.82916170444682,204.2123221313957,203.82916170444682,195.334526982012,204.2123221313957,0.04355507855277619,stable,true,true
2026-09-29T10-24-40-196Z/bun/runtime/checksum_bytes/napi/64,2026-09-29T10-24-40-196Z,bun,runtime,bun,,,1.4.2,payload,checksum_bytes,checksum_bytes/napi/64,napi,napi,node-api,,,,64,uint8array,64,,runtime,3,189.80752033487136,190.12241148488903,189.78447834981247,189.80752033487136,189.78447834981247,190.12241148488903,0.0017803990826093157,stable,true,true
2026-09-29T10-24-40-196Z/bun/case/checksum_bytes/ffi/64,2026-09-29T10-24-40-196Z,bun,runtime,bun,,,1.4.2,payload,checksum_bytes,checksum_bytes/ffi/64,ffi,ffi,bun:ffi,,,,64,uint8array,64,,case,3,64.1187500800861,64.01624732916235,63.97787026470654,64.01624732916235,63.97787026470654,64.1187500800861,0.0022006884385955827,stable,false,true
2026-09-29T10-24-40-196Z/bun/runtime/checksum_bytes/ffi/64,2026-09-29T10-24-40-196Z,bun,runtime,bun,,,1.4.2,payload,checksum_bytes,checksum_bytes/ffi/64,ffi,ffi,bun:ffi,,,,64,uint8array,64,,runtime,3,64.12936091287159,64.10085794926073,63.99732474094921,64.10085794926073,63.99732474094921,64.12936091287159,0.0020598191061170106,stable,false,true
2026-09-29T10-24-40-196Z/bun/case/checksum_bytes/ts/1024,2026-09-29T10-24-40-196Z,bun,runtime,bun,,,1.4.2,payload,checksum_bytes,checksum_bytes/ts/1024,ts,ts,none,,,,1024,uint8array,1024,,case,3,2139.0152770306613,2133.25318093595,2132.926716240974,2133.25318093595,2132.926716240974,2139.0152770306613,0.0028541201035574195,stable,false,true
2026-09-29T10-24-40-196Z/bun/runtime/checksum_bytes/ts/1024,2026-09-29T10-24-40-196Z,bun,runtime,bun,,,1.4.2,payload,checksum_bytes,checksum_bytes/ts/1024,ts,ts,none,,,,1024,uint8array,1024,,runtime,3,2132.558905132857,2125.111353016143,2128.238318254391,2128.238318254391,2125.111353016143,2132.558905132857,0.0034993976251789126,stable,false,true
2026-09-29T10-24-40-196Z/bun/case/checksum_bytes/napi/1024,2026-09-29T10-24-40-196Z,bun,runtime,bun,,,1.4.2,payload,checksum_bytes,checksum_bytes/napi/1024,napi,napi,node-api,,,,1024,uint8array,1024,,case,3,1876.1972421503774,1867.5153251350848,1878.9440552909314,1876.1972421503774,1867.5153251350848,1878.9440552909314,0.006091433192145444,stable,false,true
2026-09-29T10-24-40-196Z/bun/runtime/checksum_bytes/napi/1024,2026-09-29T10-24-40-196Z,bun,runtime,bun,,,1.4.2,payload,checksum_bytes,checksum_bytes/napi/1024,napi,napi,node-api,,,,1024,uint8array,1024,,runtime,3,1868.4773048976126,1869.0517241379312,1867.2816086591397,1868.4773048976126,1867.2816086591397,1869.0517241379312,0.0009473572272736087,stable,false,true
2026-09-29T10-24-40-196Z/bun/case/checksum_bytes/ffi/1024,2026-09-29T10-24-40-196Z,bun,runtime,bun,,,1.4.2,payload,checksum_bytes,checksum_bytes/ffi/1024,ffi,ffi,bun:ffi,,,,1024,uint8array,1024,,case,3,1726.6284228769498,1728.6302448308677,1723.7232552105856,1726.6284228769498,1723.7232552105856,1728.6302448308677,0.002841948826549434,stable,false,true
2026-09-29T10-24-40-196Z/bun/runtime/checksum_bytes/ffi/1024,2026-09-29T10-24-40-196Z,bun,runtime,bun,,,1.4.2,payload,checksum_bytes,checksum_bytes/ffi/1024,ffi,ffi,bun:ffi,,,,1024,uint8array,1024,,runtime,3,1727.182187284036,1726.1421052631579,1724.042191544435,1726.1421052631579,1724.042191544435,1727.182187284036,0.0018190829886061926,stable,false,true
2026-09-29T10-24-40-196Z/bun/case/checksum_bytes/ts/65536,2026-09-29T10-24-40-196Z,bun,runtime,bun,,,1.4.2,payload,checksum_bytes,checksum_bytes/ts/65536,ts,ts,none,,,,65536,uint8array,65536,,case,3,139374.01388888888,138440.25694444444,139166.993006993,139166.993006993,138440.25694444444,139374.01388888888,0.0067096150047412295,stable,false,true
2026-09-29T10-24-40-196Z/bun/runtime/checksum_bytes/ts/65536,2026-09-29T10-24-40-196Z,bun,runtime,bun,,,1.4.2,payload,checksum_bytes,checksum_bytes/ts/65536,ts,ts,none,,,,65536,uint8array,65536,,runtime,3,139878.12237762238,139714.0104895105,139314.16783216782,139714.0104895105,139314.16783216782,139878.12237762238,0.00403649242820139,stable,false,true
2026-09-29T10-24-40-196Z/bun/case/checksum_bytes/napi/65536,2026-09-29T10-24-40-196Z,bun,runtime,bun,,,1.4.2,payload,checksum_bytes,checksum_bytes/napi/65536,napi,napi,node-api,,,,65536,uint8array,65536,,case,3,114592.97701149425,114630.22413793103,114780.72701149425,114630.22413793103,114592.97701149425,114780.72701149425,0.0016378751887816793,stable,false,true
2026-09-29T10-24-40-196Z/bun/runtime/checksum_bytes/napi/65536,2026-09-29T10-24-40-196Z,bun,runtime,bun,,,1.4.2,payload,checksum_bytes,checksum_bytes/napi/65536,napi,napi,node-api,,,,65536,uint8array,65536,,runtime,3,114699.78448275861,114688.06896551725,114631.66379310345,114688.06896551725,114631.66379310345,114699.78448275861,0.0005939649195387614,stable,false,true
2026-09-29T10-24-40-196Z/bun/case/checksum_bytes/ffi/65536,2026-09-29T10-24-40-196Z,bun,runtime,bun,,,1.4.2,payload,checksum_bytes,checksum_bytes/ffi/65536,ffi,ffi,bun:ffi,,,,65536,uint8array,65536,,case,3,114529.41666666666,114575.22413793104,114517.85632183909,114529.41666666666,114517.85632183909,114575.22413793104,0.0005009002731491983,stable,false,true
2026-09-29T10-24-40-196Z/bun/runtime/checksum_bytes/ffi/65536,2026-09-29T10-24-40-196Z,bun,runtime,bun,,,1.4.2,payload,checksum_bytes,checksum_bytes/ffi/65536,ffi,ffi,bun:ffi,,,,65536,uint8array,65536,,runtime,3,114584.658045977,114637.1257142857,114526.38,114584.658045977,114526.38,114637.1257142857,0.0009664968781533156,stable,false,true
2026-09-29T10-24-40-196Z/bun/case/checksum_bytes/ts/1048576,2026-09-29T10-24-40-196Z,bun,runtime,bun,,,1.4.2,payload,checksum_bytes,checksum_bytes/ts/1048576,ts,ts,none,,,,1048576,uint8array,1048576,,case,3,2224822.416666667,2222582.75,2224985.1666666665,2224822.416666667,2222582.75,2224985.1666666665,0.0010798240114219652,stable,false,true
2026-09-29T10-24-40-196Z/bun/runtime/checksum_bytes/ts/1048576,2026-09-29T10-24-40-196Z,bun,runtime,bun,,,1.4.2,payload,checksum_bytes,checksum_bytes/ts/1048576,ts,ts,none,,,,1048576,uint8array,1048576,,runtime,3,2241645.833333333,2237232.5555555555,2236709.277777778,2237232.5555555555,2236709.277777778,2241645.833333333,0.0022065455570528204,stable,false,true
2026-09-29T10-24-40-196Z/bun/case/checksum_bytes/napi/1048576,2026-09-29T10-24-40-196Z,bun,runtime,bun,,,1.4.2,payload,checksum_bytes,checksum_bytes/napi/1048576,napi,napi,node-api,,,,1048576,uint8array,1048576,,case,3,1834246.5,1836160.3636363638,1833159.4545454546,1834246.5,1833159.4545454546,1836160.3636363638,0.0016360446051875664,stable,false,true
2026-09-29T10-24-40-196Z/bun/runtime/checksum_bytes/napi/1048576,2026-09-29T10-24-40-196Z,bun,runtime,bun,,,1.4.2,payload,checksum_bytes,checksum_bytes/napi/1048576,napi,napi,node-api,,,,1048576,uint8array,1048576,,runtime,3,1833338.772727273,1833516.4090909092,1832381.6363636362,1833338.772727273,1832381.6363636362,1833516.4090909092,0.000618965105715215,stable,false,true
2026-09-29T10-24-40-196Z/bun/case/checksum_bytes/ffi/1048576,2026-09-29T10-24-40-196Z,bun,runtime,bun,,,1.4.2,payload,checksum_bytes,checksum_bytes/ffi/1048576,ffi,ffi,bun:ffi,,,,1048576,uint8array,1048576,,case,3,1840800.8636363638,1839669.5454545454,1844747.5454545454,1840800.8636363638,1839669.5454545454,1844747.5454545454,0.002758581930458677,stable,false,true
2026-09-29T10-24-40-196Z/bun/runtime/checksum_bytes/ffi/1048576,2026-09-29T10-24-40-196Z,bun,runtime,bun,,,1.4.2,payload,checksum_bytes,checksum_bytes/ffi/1048576,ffi,ffi,bun:ffi,,,,1048576,uint8array,1048576,,runtime,3,1837809.5,1837866.2727272727,1835306.1818181816,1837809.5,1835306.1818181816,1837866.2727272727,0.001393012120729084,stable,false,true
2026-09-29T10-24-40-196Z/bun/case/checksum_bytes/ts/16777216,2026-09-29T10-24-40-196Z,bun,runtime,bun,,,1.4.2,payload,checksum_bytes,checksum_bytes/ts/16777216,ts,ts,none,,,,16777216,uint8array,16777216,,case,3,35436141,35546652.5,35453160,35453160,35436141,35546652.5,0.003117112832819416,stable,false,true
2026-09-29T10-24-40-196Z/bun/runtime/checksum_bytes/ts/16777216,2026-09-29T10-24-40-196Z,bun,runtime,bun,,,1.4.2,payload,checksum_bytes,checksum_bytes/ts/16777216,ts,ts,none,,,,16777216,uint8array,16777216,,runtime,3,35847596,35732930,35726615.5,35732930,35726615.5,35847596,0.0033856865362006418,stable,false,true
2026-09-29T10-24-40-196Z/bun/case/checksum_bytes/napi/16777216,2026-09-29T10-24-40-196Z,bun,runtime,bun,,,1.4.2,payload,checksum_bytes,checksum_bytes/napi/16777216,napi,napi,node-api,,,,16777216,uint8array,16777216,,case,3,29399417,29401525,29431167,29401525,29399417,29431167,0.0010798759588150615,stable,false,true
2026-09-29T10-24-40-196Z/bun/runtime/checksum_bytes/napi/16777216,2026-09-29T10-24-40-196Z,bun,runtime,bun,,,1.4.2,payload,checksum_bytes,checksum_bytes/napi/16777216,napi,napi,node-api,,,,16777216,uint8array,16777216,,runtime,3,29397754,29401759.5,29345804,29397754,29345804,29401759.5,0.0019033937082404322,stable,false,true
2026-09-29T10-24-40-196Z/bun/case/checksum_bytes/ffi/16777216,2026-09-29T10-24-40-196Z,bun,runtime,bun,,,1.4.2,payload,checksum_bytes,checksum_bytes/ffi/16777216,ffi,ffi,bun:ffi,,,,16777216,uint8array,16777216,,case,3,29371772,29357525,29382492.5,29371772,29357525,29382492.5,0.0008500508583547496,stable,false,true
2026-09-29T10-24-40-196Z/bun/runtime/checksum_bytes/ffi/16777216,2026-09-29T10-24-40-196Z,bun,runtime,bun,,,1.4.2,payload,checksum_bytes,checksum_bytes/ffi/16777216,ffi,ffi,bun:ffi,,,,16777216,uint8array,16777216,,runtime,3,29401528.5,29409428,29346681.5,29401528.5,29346681.5,29409428,0.0021341237412197804,stable,false,true
2026-09-29T10-24-40-196Z/bun/case/return_f64/ts,2026-09-29T10-24-40-196Z,bun,runtime,bun,,,1.4.2,return,return_f64,return_f64/ts,ts,ts,none,,value,,,,,,case,3,0.8739521776083239,0.8735520253324982,0.8736918968547887,0.8736918968547887,0.8735520253324982,0.8739521776083239,0.0004580015875919124,stable,false,true
2026-09-29T10-24-40-196Z/bun/runtime/return_f64/ts,2026-09-29T10-24-40-196Z,bun,runtime,bun,,,1.4.2,return,return_f64,return_f64/ts,ts,ts,none,,value,,,,,,runtime,3,0.8740399943176784,0.8742994782441362,0.8733819860811273,0.8740399943176784,0.8733819860811273,0.8742994782441362,0.001049714165225588,stable,false,true
2026-09-29T10-24-40-196Z/bun/case/return_f64/napi,2026-09-29T10-24-40-196Z,bun,runtime,bun,,,1.4.2,return,return_f64,return_f64/napi,napi,napi,node-api,,value,,,,,,case,3,65.19140849936659,84.70669925110235,76.17159937545281,76.17159937545281,65.19140849936659,84.70669925110235,0.25620166717970727,unstable,true,true
2026-09-29T10-24-40-196Z/bun/runtime/return_f64/napi,2026-09-29T10-24-40-196Z,bun,runtime,bun,,,1.4.2,return,return_f64,return_f64/napi,napi,napi,node-api,,value,,,,,,runtime,3,61.964569882555494,62.01046273881679,62.323584455559825,62.01046273881679,61.964569882555494,62.323584455559825,0.005789580615072518,stable,true,true
2026-09-29T10-24-40-196Z/bun/case/return_f64/ffi,2026-09-29T10-24-40-196Z,bun,runtime,bun,,,1.4.2,return,return_f64,return_f64/ffi,ffi,ffi,bun:ffi,,value,,,,,,case,3,3.518072823396889,3.4941003794997583,3.5138297415892628,3.5138297415892628,3.4941003794997583,3.518072823396889,0.006822312308816724,stable,false,true
2026-09-29T10-24-40-196Z/bun/runtime/return_f64/ffi,2026-09-29T10-24-40-196Z,bun,runtime,bun,,,1.4.2,return,return_f64,return_f64/ffi,ffi,ffi,bun:ffi,,value,,,,,,runtime,3,3.517434063477872,3.51775081852589,3.930172020070449,3.51775081852589,3.517434063477872,3.930172020070449,0.11733007193657181,unstable,false,true
2026-09-29T10-24-40-196Z/bun/case/return_string/napi/ascii/16,2026-09-29T10-24-40-196Z,bun,runtime,bun,,,1.4.2,return,return_string,return_string/napi/ascii/16,napi,napi,node-api,,native-buffer+engine-copy,ascii,16,string-ascii,16,,case,3,160.55685465929315,160.9356919604098,183.0781121078595,160.9356919604098,160.55685465929315,183.0781121078595,0.13993948249905055,unstable,true,true
2026-09-29T10-24-40-196Z/bun/runtime/return_string/napi/ascii/16,2026-09-29T10-24-40-196Z,bun,runtime,bun,,,1.4.2,return,return_string,return_string/napi/ascii/16,napi,napi,node-api,,native-buffer+engine-copy,ascii,16,string-ascii,16,,runtime,3,149.16233955101075,150.717708181243,151.09159438084,150.717708181243,149.16233955101075,151.09159438084,0.012800452270076115,stable,true,true
2026-09-29T10-24-40-196Z/bun/case/return_string/ffi/ascii/16,2026-09-29T10-24-40-196Z,bun,runtime,bun,,,1.4.2,return,return_string,return_string/ffi/ascii/16,ffi,ffi,bun:ffi,,js-buffer+TextDecoder,ascii,16,string-ascii,16,,case,3,69.61942098914355,69.6018171366799,69.89369023108833,69.61942098914355,69.6018171366799,69.89369023108833,0.004192409104550653,stable,false,true
2026-09-29T10-24-40-196Z/bun/runtime/return_string/ffi/ascii/16,2026-09-29T10-24-40-196Z,bun,runtime,bun,,,1.4.2,return,return_string,return_string/ffi/ascii/16,ffi,ffi,bun:ffi,,js-buffer+TextDecoder,ascii,16,string-ascii,16,,runtime,3,84.58133661807055,69.70046755508443,84.26410198682952,84.26410198682952,69.70046755508443,84.58133661807055,0.17659796653754173,unstable,false,true
2026-09-29T10-24-40-196Z/bun/case/return_string/napi/ascii/64,2026-09-29T10-24-40-196Z,bun,runtime,bun,,,1.4.2,return,return_string,return_string/napi/ascii/64,napi,napi,node-api,,native-buffer+engine-copy,ascii,64,string-ascii,64,,case,3,185.7707737842772,204.77864109082503,174.5248045480345,185.7707737842772,174.5248045480345,204.77864109082503,0.1628557384269833,unstable,false,true
2026-09-29T10-24-40-196Z/bun/runtime/return_string/napi/ascii/64,2026-09-29T10-24-40-196Z,bun,runtime,bun,,,1.4.2,return,return_string,return_string/napi/ascii/64,napi,napi,node-api,,native-buffer+engine-copy,ascii,64,string-ascii,64,,runtime,3,175.84844083851084,177.73228877389965,174.6238041613606,175.84844083851084,174.6238041613606,177.73228877389965,0.017677066670120284,stable,false,true
2026-09-29T10-24-40-196Z/bun/case/return_string/ffi/ascii/64,2026-09-29T10-24-40-196Z,bun,runtime,bun,,,1.4.2,return,return_string,return_string/ffi/ascii/64,ffi,ffi,bun:ffi,,js-buffer+TextDecoder,ascii,64,string-ascii,64,,case,3,134.16643195055923,110.77980514961726,110.55200861328828,110.77980514961726,110.55200861328828,134.16643195055923,0.21316541679575735,unstable,false,true
2026-09-29T10-24-40-196Z/bun/runtime/return_string/ffi/ascii/64,2026-09-29T10-24-40-196Z,bun,runtime,bun,,,1.4.2,return,return_string,return_string/ffi/ascii/64,ffi,ffi,bun:ffi,,js-buffer+TextDecoder,ascii,64,string-ascii,64,,runtime,3,109.62768749815672,107.14179461063539,124.44521080484563,109.62768749815672,107.14179461063539,124.44521080484563,0.1578380114467085,unstable,false,true
2026-09-29T10-24-40-196Z/bun/case/return_string/napi/ascii/1024,2026-09-29T10-24-40-196Z,bun,runtime,bun,,,1.4.2,return,return_string,return_string/napi/ascii/1024,napi,napi,node-api,,native-buffer+engine-copy,ascii,1024,string-ascii,1024,,case,3,1038.6780050622451,1018.4696954210956,1012.0208142026324,1018.4696954210956,1012.0208142026324,1038.6780050622451,0.026173769312390807,stable,false,true
2026-09-29T10-24-40-196Z/bun/runtime/return_string/napi/ascii/1024,2026-09-29T10-24-40-196Z,bun,runtime,bun,,,1.4.2,return,return_string,return_string/napi/ascii/1024,napi,napi,node-api,,native-buffer+engine-copy,ascii,1024,string-ascii,1024,,runtime,3,1248.1469179061785,1055.4348061903383,1045.2781585973014,1055.4348061903383,1045.2781585973014,1248.1469179061785,0.19221344427814094,unstable,false,true
2026-09-29T10-24-40-196Z/bun/case/return_string/ffi/ascii/1024,2026-09-29T10-24-40-196Z,bun,runtime,bun,,,1.4.2,return,return_string,return_string/ffi/ascii/1024,ffi,ffi,bun:ffi,,js-buffer+TextDecoder,ascii,1024,string-ascii,1024,,case,3,917.5238812891259,936.7532541029994,934.0950834879407,934.0950834879407,917.5238812891259,936.7532541029994,0.02058609787567923,stable,false,true
2026-09-29T10-24-40-196Z/bun/runtime/return_string/ffi/ascii/1024,2026-09-29T10-24-40-196Z,bun,runtime,bun,,,1.4.2,return,return_string,return_string/ffi/ascii/1024,ffi,ffi,bun:ffi,,js-buffer+TextDecoder,ascii,1024,string-ascii,1024,,runtime,3,962.2240954543258,965.8991810428378,968.6512401106635,965.8991810428378,962.2240954543258,968.6512401106635,0.0066540533240731685,stable,false,true
2026-09-29T10-24-40-196Z/bun/case/return_string/napi/ascii/65536,2026-09-29T10-24-40-196Z,bun,runtime,bun,,,1.4.2,return,return_string,return_string/napi/ascii/65536,napi,napi,node-api,,native-buffer+engine-copy,ascii,65536,string-ascii,65536,,case,3,49162.24876237624,49286.32630272953,49178.60643564357,49178.60643564357,49162.24876237624,49286.32630272953,0.0025229982983690476,stable,true,true
2026-09-29T10-24-40-196Z/bun/runtime/return_string/napi/ascii/65536,2026-09-29T10-24-40-196Z,bun,runtime,bun,,,1.4.2,return,return_string,return_string/napi/ascii/65536,napi,napi,node-api,,native-buffer+engine-copy,ascii,65536,string-ascii,65536,,runtime,3,75186.15076335878,58443.84674329501,66590.17870722433,66590.17870722433,58443.84674329501,75186.15076335878,0.25142302281053047,unstable,true,true
2026-09-29T10-24-40-196Z/bun/case/return_string/ffi/ascii/65536,2026-09-29T10-24-40-196Z,bun,runtime,bun,,,1.4.2,return,return_string,return_string/ffi/ascii/65536,ffi,ffi,bun:ffi,,js-buffer+TextDecoder,ascii,65536,string-ascii,65536,,case,3,49104.101736972705,49067.95161290323,49128.82506203474,49104.101736972705,49067.95161290323,49128.82506203474,0.0012396815536425414,stable,false,true
2026-09-29T10-24-40-196Z/bun/runtime/return_string/ffi/ascii/65536,2026-09-29T10-24-40-196Z,bun,runtime,bun,,,1.4.2,return,return_string,return_string/ffi/ascii/65536,ffi,ffi,bun:ffi,,js-buffer+TextDecoder,ascii,65536,string-ascii,65536,,runtime,3,50400.40746268656,50652.34085213033,50288.907035175886,50400.40746268656,50288.907035175886,50652.34085213033,0.007210930134315029,stable,false,true
2026-09-29T10-24-40-196Z/bun/case/return_string/napi/utf8/16,2026-09-29T10-24-40-196Z,bun,runtime,bun,,,1.4.2,return,return_string,return_string/napi/utf8/16,napi,napi,node-api,,native-buffer+engine-copy,utf8,16,string-utf8,16,,case,3,174.21342423794152,173.33094469405938,197.715967978962,174.21342423794152,173.33094469405938,197.715967978962,0.13997212552115063,unstable,true,true
2026-09-29T10-24-40-196Z/bun/runtime/return_string/napi/utf8/16,2026-09-29T10-24-40-196Z,bun,runtime,bun,,,1.4.2,return,return_string,return_string/napi/utf8/16,napi,napi,node-api,,native-buffer+engine-copy,utf8,16,string-utf8,16,,runtime,3,162.31063254785136,163.94316053029758,164.701146549378,163.94316053029758,162.31063254785136,164.701146549378,0.014581358525687687,stable,true,true
2026-09-29T10-24-40-196Z/bun/case/return_string/ffi/utf8/16,2026-09-29T10-24-40-196Z,bun,runtime,bun,,,1.4.2,return,return_string,return_string/ffi/utf8/16,ffi,ffi,bun:ffi,,js-buffer+TextDecoder,utf8,16,string-utf8,16,,case,3,113.88713853514389,117.78685785627731,117.36660235751503,117.36660235751503,113.88713853514389,117.78685785627731,0.033226822987124816,stable,false,true
2026-09-29T10-24-40-196Z/bun/runtime/return_string/ffi/utf8/16,2026-09-29T10-24-40-196Z,bun,runtime,bun,,,1.4.2,return,return_string,return_string/ffi/utf8/16,ffi,ffi,bun:ffi,,js-buffer+TextDecoder,utf8,16,string-utf8,16,,runtime,3,121.25910926042123,109.1409904924795,121.51004830608784,121.25910926042123,109.1409904924795,121.51004830608784,0.10200518450984182,unstable,false,true
2026-09-29T10-24-40-196Z/bun/case/return_string/napi/utf8/64,2026-09-29T10-24-40-196Z,bun,runtime,bun,,,1.4.2,return,return_string,return_string/napi/utf8/64,napi,napi,node-api,,native-buffer+engine-copy,utf8,64,string-utf8,64,,case,3,262.1712421441307,259.79056545193464,261.5857497708646,261.5857497708646,259.79056545193464,262.1712421441307,0.009100941829902467,stable,false,true
2026-09-29T10-24-40-196Z/bun/runtime/return_string/napi/utf8/64,2026-09-29T10-24-40-196Z,bun,runtime,bun,,,1.4.2,return,return_string,return_string/napi/utf8/64,napi,napi,node-api,,native-buffer+engine-copy,utf8,64,string-utf8,64,,runtime,3,252.35411411163034,257.2013991217192,251.86463930568215,252.35411411163034,251.86463930568215,257.2013991217192,0.021147900975675385,stable,false,true
2026-09-29T10-24-40-196Z/bun/case/return_string/ffi/utf8/64,2026-09-29T10-24-40-196Z,bun,runtime,bun,,,1.4.2,return,return_string,return_string/ffi/utf8/64,ffi,ffi,bun:ffi,,js-buffer+TextDecoder,utf8,64,string-utf8,64,,case,3,204.01575078087305,206.48517151838183,201.18698521416343,204.01575078087305,201.18698521416343,206.48517151838183,0.025969496393977057,stable,true,true
2026-09-29T10-24-40-196Z/bun/runtime/return_string/ffi/utf8/64,2026-09-29T10-24-40-196Z,bun,runtime,bun,,,1.4.2,return,return_string,return_string/ffi/utf8/64,ffi,ffi,bun:ffi,,js-buffer+TextDecoder,utf8,64,string-utf8,64,,runtime,3,222.66092760230586,220.21009947620934,224.5081175593607,222.66092760230586,220.21009947620934,224.5081175593607,0.01930297394084355,stable,true,true
2026-09-29T10-24-40-196Z/bun/case/return_string/napi/utf8/1024,2026-09-29T10-24-40-196Z,bun,runtime,bun,,,1.4.2,return,return_string,return_string/napi/utf8/1024,napi,napi,node-api,,native-buffer+engine-copy,utf8,1024,string-utf8,1024,,case,3,2287.8059857924773,2291.7116621827113,2325.090877233968,2291.7116621827113,2287.8059857924773,2325.090877233968,0.016269451369802467,stable,true,true
2026-09-29T10-24-40-196Z/bun/runtime/return_string/napi/utf8/1024,2026-09-29T10-24-40-196Z,bun,runtime,bun,,,1.4.2,return,return_string,return_string/napi/utf8/1024,napi,napi,node-api,,native-buffer+engine-copy,utf8,1024,string-utf8,1024,,runtime,3,2773.6206201334817,2770.681419624217,2773.537392271337,2773.537392271337,2770.681419624217,2773.6206201334817,0.0010597299021296172,stable,true,true
2026-09-29T10-24-40-196Z/bun/case/return_string/ffi/utf8/1024,2026-09-29T10-24-40-196Z,bun,runtime,bun,,,1.4.2,return,return_string,return_string/ffi/utf8/1024,ffi,ffi,bun:ffi,,js-buffer+TextDecoder,utf8,1024,string-utf8,1024,,case,3,1530.660701726967,1532.2142968933406,1532.6096518739218,1532.2142968933406,1530.660701726967,1532.6096518739218,0.0012719827447807888,stable,false,true
2026-09-29T10-24-40-196Z/bun/runtime/return_string/ffi/utf8/1024,2026-09-29T10-24-40-196Z,bun,runtime,bun,,,1.4.2,return,return_string,return_string/ffi/utf8/1024,ffi,ffi,bun:ffi,,js-buffer+TextDecoder,utf8,1024,string-utf8,1024,,runtime,3,1551.0800630417652,1572.583902733119,1557.2022543768487,1557.2022543768487,1551.0800630417652,1572.583902733119,0.01380927855126886,stable,false,true
2026-09-29T10-24-40-196Z/bun/case/return_string/napi/utf8/65536,2026-09-29T10-24-40-196Z,bun,runtime,bun,,,1.4.2,return,return_string,return_string/napi/utf8/65536,napi,napi,node-api,,native-buffer+engine-copy,utf8,65536,string-utf8,65536,,case,3,132327.98,132190.476,132201.4233870968,132201.4233870968,132190.476,132327.98,0.0010401098299629664,stable,true,true
2026-09-29T10-24-40-196Z/bun/runtime/return_string/napi/utf8/65536,2026-09-29T10-24-40-196Z,bun,runtime,bun,,,1.4.2,return,return_string,return_string/napi/utf8/65536,napi,napi,node-api,,native-buffer+engine-copy,utf8,65536,string-utf8,65536,,runtime,3,159237.04365079364,159235.15873015873,158873.9642857143,159235.15873015873,158873.9642857143,159237.04365079364,0.0022801457164031646,stable,true,true
2026-09-29T10-24-40-196Z/bun/case/return_string/ffi/utf8/65536,2026-09-29T10-24-40-196Z,bun,runtime,bun,,,1.4.2,return,return_string,return_string/ffi/utf8/65536,ffi,ffi,bun:ffi,,js-buffer+TextDecoder,utf8,65536,string-utf8,65536,,case,3,84666.839055794,84447.70386266094,84191.15665236051,84447.70386266094,84191.15665236051,84666.839055794,0.005632863673914664,stable,false,true
2026-09-29T10-24-40-196Z/bun/runtime/return_string/ffi/utf8/65536,2026-09-29T10-24-40-196Z,bun,runtime,bun,,,1.4.2,return,return_string,return_string/ffi/utf8/65536,ffi,ffi,bun:ffi,,js-buffer+TextDecoder,utf8,65536,string-utf8,65536,,runtime,3,85318.98630136986,89016.22175732217,88617.0351758794,88617.0351758794,85318.98630136986,89016.22175732217,0.041721498001082484,stable,false,true
2026-09-29T10-24-40-196Z/bun/case/return_bytes/ts/16,2026-09-29T10-24-40-196Z,bun,runtime,bun,,,1.4.2,return,return_bytes,return_bytes/ts/16,ts,ts,none,,js-alloc+js-fill,,16,uint8array,16,,case,3,19.6853969321972,19.823648315826148,19.763809694400493,19.763809694400493,19.6853969321972,19.823648315826148,0.0069951788529980215,stable,false,true
2026-09-29T10-24-40-196Z/bun/runtime/return_bytes/ts/16,2026-09-29T10-24-40-196Z,bun,runtime,bun,,,1.4.2,return,return_bytes,return_bytes/ts/16,ts,ts,none,,js-alloc+js-fill,,16,uint8array,16,,runtime,3,19.023503360667355,19.261286441914017,19.47827705879139,19.261286441914017,19.023503360667355,19.47827705879139,0.023610764498803893,stable,false,true
2026-09-29T10-24-40-196Z/bun/case/return_bytes/napi/16,2026-09-29T10-24-40-196Z,bun,runtime,bun,,,1.4.2,return,return_bytes,return_bytes/napi/16,napi,napi,node-api,,js-alloc+native-fill,,16,uint8array,16,,case,3,435.7184801381693,434.43969893612325,451.29040070453544,435.7184801381693,434.43969893612325,451.29040070453544,0.03867336947257486,stable,false,true
2026-09-29T10-24-40-196Z/bun/runtime/return_bytes/napi/16,2026-09-29T10-24-40-196Z,bun,runtime,bun,,,1.4.2,return,return_bytes,return_bytes/napi/16,napi,napi,node-api,,js-alloc+native-fill,,16,uint8array,16,,runtime,3,446.2619936159226,433.63966461482755,440.83380829915893,440.83380829915893,433.63966461482755,446.2619936159226,0.02863285157233062,stable,false,true
2026-09-29T10-24-40-196Z/bun/case/return_bytes/ffi/16,2026-09-29T10-24-40-196Z,bun,runtime,bun,,,1.4.2,return,return_bytes,return_bytes/ffi/16,ffi,ffi,bun:ffi,,js-alloc+native-fill,,16,uint8array,16,,case,3,14.775393844548773,14.828117764274989,15.047797088298104,14.828117764274989,14.775393844548773,15.047797088298104,0.018370722979124496,stable,true,true
2026-09-29T10-24-40-196Z/bun/runtime/return_bytes/ffi/16,2026-09-29T10-24-40-196Z,bun,runtime,bun,,,1.4.2,return,return_bytes,return_bytes/ffi/16,ffi,ffi,bun:ffi,,js-alloc+native-fill,,16,uint8array,16,,runtime,3,12.17463949248695,12.539222848591793,14.029356219406049,12.539222848591793,12.17463949248695,14.029356219406049,0.1479132119521579,unstable,true,true
2026-09-29T10-24-40-196Z/bun/case/return_bytes/ts/64,2026-09-29T10-24-40-196Z,bun,runtime,bun,,,1.4.2,return,return_bytes,return_bytes/ts/64,ts,ts,none,,js-alloc+js-fill,,64,uint8array,64,,case,3,68.30305509534816,68.3638902317353,68.27531160491466,68.30305509534816,68.27531160491466,68.3638902317353,0.0012968472156477124,stable,false,true
2026-09-29T10-24-40-196Z/bun/runtime/return_bytes/ts/64,2026-09-29T10-24-40-196Z,bun,runtime,bun,,,1.4.2,return,return_bytes,return_bytes/ts/64,ts,ts,none,,js-alloc+js-fill,,64,uint8array,64,,runtime,3,66.798012608795,69.51205000779822,68.2190765436435,68.2190765436435,66.798012608795,69.51205000779822,0.03978414157023803,stable,false,true
2026-09-29T10-24-40-196Z/bun/case/return_bytes/napi/64,2026-09-29T10-24-40-196Z,bun,runtime,bun,,,1.4.2,return,return_bytes,return_bytes/napi/64,napi,napi,node-api,,js-alloc+native-fill,,64,uint8array,64,,case,3,466.764410346132,480.05757211538463,439.9940513237899,466.764410346132,439.9940513237899,480.05757211538463,0.08583242403139814,unstable,false,true
2026-09-29T10-24-40-196Z/bun/runtime/return_bytes/napi/64,2026-09-29T10-24-40-196Z,bun,runtime,bun,,,1.4.2,return,return_bytes,return_bytes/napi/64,napi,napi,node-api,,js-alloc+native-fill,,64,uint8array,64,,runtime,3,457.80034461740433,455.56852332306363,454.7103173692544,455.56852332306363,454.7103173692544,457.80034461740433,0.006782793564424193,stable,false,true
2026-09-29T10-24-40-196Z/bun/case/return_bytes/ffi/64,2026-09-29T10-24-40-196Z,bun,runtime,bun,,,1.4.2,return,return_bytes,return_bytes/ffi/64,ffi,ffi,bun:ffi,,js-alloc+native-fill,,64,uint8array,64,,case,3,20.783140076120077,20.98424786724855,18.949080339517728,20.783140076120077,18.949080339517728,20.98424786724855,0.09792396722905396,unstable,false,true
2026-09-29T10-24-40-196Z/bun/runtime/return_bytes/ffi/64,2026-09-29T10-24-40-196Z,bun,runtime,bun,,,1.4.2,return,return_bytes,return_bytes/ffi/64,ffi,ffi,bun:ffi,,js-alloc+native-fill,,64,uint8array,64,,runtime,3,17.880545963437566,20.303179375639715,21.220372092377726,20.303179375639715,17.880545963437566,21.220372092377726,0.1644976910831695,unstable,false,true
2026-09-29T10-24-40-196Z/bun/case/return_bytes/ts/1024,2026-09-29T10-24-40-196Z,bun,runtime,bun,,,1.4.2,return,return_bytes,return_bytes/ts/1024,ts,ts,none,,js-alloc+js-fill,,1024,uint8array,1024,,case,3,1005.4464177138225,1257.8565561066334,1261.132043712451,1257.8565561066334,1005.4464177138225,1261.132043712451,0.20327089345547997,unstable,false,true
2026-09-29T10-24-40-196Z/bun/runtime/return_bytes/ts/1024,2026-09-29T10-24-40-196Z,bun,runtime,bun,,,1.4.2,return,return_bytes,return_bytes/ts/1024,ts,ts,none,,js-alloc+js-fill,,1024,uint8array,1024,,runtime,3,1022.0738044303362,1024.9328799120638,1000.8319839433937,1022.0738044303362,1000.8319839433937,1024.9328799120638,0.02358038711509977,stable,false,true
2026-09-29T10-24-40-196Z/bun/case/return_bytes/napi/1024,2026-09-29T10-24-40-196Z,bun,runtime,bun,,,1.4.2,return,return_bytes,return_bytes/napi/1024,napi,napi,node-api,,js-alloc+native-fill,,1024,uint8array,1024,,case,3,625.5204084988818,628.6580263686046,625.6130760633752,625.6130760633752,625.5204084988818,628.6580263686046,0.005015269005350798,stable,true,true
2026-09-29T10-24-40-196Z/bun/runtime/return_bytes/napi/1024,2026-09-29T10-24-40-196Z,bun,runtime,bun,,,1.4.2,return,return_bytes,return_bytes/napi/1024,napi,napi,node-api,,js-alloc+native-fill,,1024,uint8array,1024,,runtime,3,540.0189078008832,549.1685980602091,572.0655320181113,549.1685980602091,540.0189078008832,572.0655320181113,0.058354800930760085,unstable,true,true
2026-09-29T10-24-40-196Z/bun/case/return_bytes/ffi/1024,2026-09-29T10-24-40-196Z,bun,runtime,bun,,,1.4.2,return,return_bytes,return_bytes/ffi/1024,ffi,ffi,bun:ffi,,js-alloc+native-fill,,1024,uint8array,1024,,case,3,221.879672678911,222.96011321526814,232.3095197196647,222.96011321526814,221.879672678911,232.3095197196647,0.04677898163194638,stable,false,true
2026-09-29T10-24-40-196Z/bun/runtime/return_bytes/ffi/1024,2026-09-29T10-24-40-196Z,bun,runtime,bun,,,1.4.2,return,return_bytes,return_bytes/ffi/1024,ffi,ffi,bun:ffi,,js-alloc+native-fill,,1024,uint8array,1024,,runtime,3,238.49940988806316,231.56767990419962,296.56388349514566,238.49940988806316,231.56767990419962,296.56388349514566,0.2725214440633259,unstable,false,true
2026-09-29T10-24-40-196Z/bun/case/return_bytes/ts/65536,2026-09-29T10-24-40-196Z,bun,runtime,bun,,,1.4.2,return,return_bytes,return_bytes/ts/65536,ts,ts,none,,js-alloc+js-fill,,65536,uint8array,65536,,case,3,57428.51857142857,57339.40455840456,56750.92535211268,57339.40455840456,56750.92535211268,57428.51857142857,0.011817235015506787,stable,true,true
2026-09-29T10-24-40-196Z/bun/runtime/return_bytes/ts/65536,2026-09-29T10-24-40-196Z,bun,runtime,bun,,,1.4.2,return,return_bytes,return_bytes/ts/65536,ts,ts,none,,js-alloc+js-fill,,65536,uint8array,65536,,runtime,3,76982.70669291339,59350.229729729734,63026.0632183908,63026.0632183908,59350.229729729734,76982.70669291339,0.2797648474740614,unstable,true,true
2026-09-29T10-24-40-196Z/bun/case/return_bytes/napi/65536,2026-09-29T10-24-40-196Z,bun,runtime,bun,,,1.4.2,return,return_bytes,return_bytes/napi/65536,napi,napi,node-api,,js-alloc+native-fill,,65536,uint8array,65536,,case,3,11083.64599555061,11166.046557562076,11083.02077404667,11083.64599555061,11083.02077404667,11166.046557562076,0.007490836819286343,stable,true,true
2026-09-29T10-24-40-196Z/bun/runtime/return_bytes/napi/65536,2026-09-29T10-24-40-196Z,bun,runtime,bun,,,1.4.2,return,return_bytes,return_bytes/napi/65536,napi,napi,node-api,,js-alloc+native-fill,,65536,uint8array,65536,,runtime,3,9636.008121468927,9771.509146341465,9758.808423913044,9758.808423913044,9636.008121468927,9771.509146341465,0.01388499691627361,stable,true,true
2026-09-29T10-24-40-196Z/bun/case/return_bytes/ffi/65536,2026-09-29T10-24-40-196Z,bun,runtime,bun,,,1.4.2,return,return_bytes,return_bytes/ffi/65536,ffi,ffi,bun:ffi,,js-alloc+native-fill,,65536,uint8array,65536,,case,3,8302.022277227723,8196.65204563336,8322.173231357552,8302.022277227723,8196.65204563336,8322.173231357552,0.015119350627195265,stable,true,true
2026-09-29T10-24-40-196Z/bun/runtime/return_bytes/ffi/65536,2026-09-29T10-24-40-196Z,bun,runtime,bun,,,1.4.2,return,return_bytes,return_bytes/ffi/65536,ffi,ffi,bun:ffi,,js-alloc+native-fill,,65536,uint8array,65536,,runtime,3,8918.699686239353,8921.424074074075,8906.7491210447,8918.699686239353,8906.7491210447,8921.424074074075,0.0016454139667934499,stable,true,true
2026-09-29T10-24-40-196Z/bun/case/return_bytes/ts/1048576,2026-09-29T10-24-40-196Z,bun,runtime,bun,,,1.4.2,return,return_bytes,return_bytes/ts/1048576,ts,ts,none,,js-alloc+js-fill,,1048576,uint8array,1048576,,case,3,957540.8571428572,948365.0952380951,949614,949614,948365.0952380951,957540.8571428572,0.009662622818073459,stable,true,true
2026-09-29T10-24-40-196Z/bun/runtime/return_bytes/ts/1048576,2026-09-29T10-24-40-196Z,bun,runtime,bun,,,1.4.2,return,return_bytes,return_bytes/ts/1048576,ts,ts,none,,js-alloc+js-fill,,1048576,uint8array,1048576,,runtime,3,1225587.25,1264933.375,1241284.34375,1241284.34375,1225587.25,1264933.375,0.03169791450130823,stable,true,true
2026-09-29T10-24-40-196Z/bun/case/return_bytes/napi/1048576,2026-09-29T10-24-40-196Z,bun,runtime,bun,,,1.4.2,return,return_bytes,return_bytes/napi/1048576,napi,napi,node-api,,js-alloc+native-fill,,1048576,uint8array,1048576,,case,3,161792.56,162282.42063492062,161207.816,161792.56,161207.816,162282.42063492062,0.006641866813409899,stable,false,true
2026-09-29T10-24-40-196Z/bun/runtime/return_bytes/napi/1048576,2026-09-29T10-24-40-196Z,bun,runtime,bun,,,1.4.2,return,return_bytes,return_bytes/napi/1048576,napi,napi,node-api,,js-alloc+native-fill,,1048576,uint8array,1048576,,runtime,3,147669.9658119658,157198.7181818182,162119.3220338983,157198.7181818182,147669.9658119658,162119.3220338983,0.091917773815561,unstable,false,true
2026-09-29T10-24-40-196Z/bun/case/return_bytes/ffi/1048576,2026-09-29T10-24-40-196Z,bun,runtime,bun,,,1.4.2,return,return_bytes,return_bytes/ffi/1048576,ffi,ffi,bun:ffi,,js-alloc+native-fill,,1048576,uint8array,1048576,,case,3,149216.1567164179,148670.25390625,149335.27819548873,149216.1567164179,148670.25390625,149335.27819548873,0.004456784733456154,stable,false,true
2026-09-29T10-24-40-196Z/bun/runtime/return_bytes/ffi/1048576,2026-09-29T10-24-40-196Z,bun,runtime,bun,,,1.4.2,return,return_bytes,return_bytes/ffi/1048576,ffi,ffi,bun:ffi,,js-alloc+native-fill,,1048576,uint8array,1048576,,runtime,3,144752.1176470588,145531.08156028367,142405.34883720928,144752.1176470588,142405.34883720928,145531.08156028367,0.021593692540620973,stable,false,true
2026-09-29T10-24-40-196Z/bun/case/return_bytes/ts/16777216,2026-09-29T10-24-40-196Z,bun,runtime,bun,,,1.4.2,return,return_bytes,return_bytes/ts/16777216,ts,ts,none,,js-alloc+js-fill,,16777216,uint8array,16777216,,case,3,14535294.5,14474360,14524179,14524179,14474360,14535294.5,0.004195383436130882,stable,true,true
2026-09-29T10-24-40-196Z/bun/runtime/return_bytes/ts/16777216,2026-09-29T10-24-40-196Z,bun,runtime,bun,,,1.4.2,return,return_bytes,return_bytes/ts/16777216,ts,ts,none,,js-alloc+js-fill,,16777216,uint8array,16777216,,runtime,3,19660475,17564945.5,17627112,17627112,17564945.5,19660475,0.11888104528977861,unstable,true,true
2026-09-29T10-24-40-196Z/bun/case/return_bytes/napi/16777216,2026-09-29T10-24-40-196Z,bun,runtime,bun,,,1.4.2,return,return_bytes,return_bytes/napi/16777216,napi,napi,node-api,,js-alloc+native-fill,,16777216,uint8array,16777216,,case,3,2102423.928571428,2125007.5,2101981.2142857146,2102423.928571428,2101981.2142857146,2125007.5,0.01095225629872446,stable,false,true
2026-09-29T10-24-40-196Z/bun/runtime/return_bytes/napi/16777216,2026-09-29T10-24-40-196Z,bun,runtime,bun,,,1.4.2,return,return_bytes,return_bytes/napi/16777216,napi,napi,node-api,,js-alloc+native-fill,,16777216,uint8array,16777216,,runtime,3,2053362.1666666667,2002957.7,2006120.5,2006120.5,2002957.7,2053362.1666666667,0.025125343500884814,stable,false,true
2026-09-29T10-24-40-196Z/bun/case/return_bytes/ffi/16777216,2026-09-29T10-24-40-196Z,bun,runtime,bun,,,1.4.2,return,return_bytes,return_bytes/ffi/16777216,ffi,ffi,bun:ffi,,js-alloc+native-fill,,16777216,uint8array,16777216,,case,3,2111561.6666666665,2118074.916666667,2114198.083333333,2114198.083333333,2111561.6666666665,2118074.916666667,0.003080718902994843,stable,false,true
2026-09-29T10-24-40-196Z/bun/runtime/return_bytes/ffi/16777216,2026-09-29T10-24-40-196Z,bun,runtime,bun,,,1.4.2,return,return_bytes,return_bytes/ffi/16777216,ffi,ffi,bun:ffi,,js-alloc+native-fill,,16777216,uint8array,16777216,,runtime,3,2509269.85,2008161.375,1995974.3333333335,2008161.375,1995974.3333333335,2509269.85,0.25560471536639656,unstable,false,true
2026-09-29T10-24-40-196Z/bun/case/return_rows/ts/1,2026-09-29T10-24-40-196Z,bun,runtime,bun,,,1.4.2,return,return_rows,return_rows/ts/1,ts,ts,none,,js-objects,,1,rows,,1,case,3,31.10740921362278,32.25402894930315,31.971480954628934,31.971480954628934,31.10740921362278,32.25402894930315,0.03586382930798694,stable,true,true
2026-09-29T10-24-40-196Z/bun/runtime/return_rows/ts/1,2026-09-29T10-24-40-196Z,bun,runtime,bun,,,1.4.2,return,return_rows,return_rows/ts/1,ts,ts,none,,js-objects,,1,rows,,1,runtime,3,27.095736448098872,27.13289729461321,26.58268710461811,27.095736448098872,26.58268710461811,27.13289729461321,0.02030615373931655,stable,true,true
2026-09-29T10-24-40-196Z/bun/case/return_rows/napi.objects/1,2026-09-29T10-24-40-196Z,bun,runtime,bun,,,1.4.2,return,return_rows,return_rows/napi.objects/1,napi.objects,napi,node-api,objects,native-objects,,1,rows,,1,case,3,614.6005032836188,650.9598059822151,648.346239892614,648.346239892614,614.6005032836188,650.9598059822151,0.05608007027945219,unstable,true,true
2026-09-29T10-24-40-196Z/bun/runtime/return_rows/napi.objects/1,2026-09-29T10-24-40-196Z,bun,runtime,bun,,,1.4.2,return,return_rows,return_rows/napi.objects/1,napi.objects,napi,node-api,objects,native-objects,,1,rows,,1,runtime,3,607.5021578684014,605.8155900679462,607.972841533506,607.5021578684014,605.8155900679462,607.972841533506,0.003551018605644275,stable,true,true
2026-09-29T10-24-40-196Z/bun/case/return_rows/napi.packed/1,2026-09-29T10-24-40-196Z,bun,runtime,bun,,,1.4.2,return,return_rows,return_rows/napi.packed/1,napi.packed,napi,node-api,packed,js-alloc+native-fill+js-decode,,1,rows,,1,case,3,714.6558663263899,671.8022362226529,691.2002301106561,691.2002301106561,671.8022362226529,714.6558663263899,0.06199886550511762,unstable,true,true
2026-09-29T10-24-40-196Z/bun/runtime/return_rows/napi.packed/1,2026-09-29T10-24-40-196Z,bun,runtime,bun,,,1.4.2,return,return_rows,return_rows/napi.packed/1,napi.packed,napi,node-api,packed,js-alloc+native-fill+js-decode,,1,rows,,1,runtime,3,661.7759335345235,641.2445278969957,651.6772380570052,651.6772380570052,641.2445278969957,661.7759335345235,0.0315054822211418,stable,true,true
2026-09-29T10-24-40-196Z/bun/case/return_rows/ffi.packed/1,2026-09-29T10-24-40-196Z,bun,runtime,bun,,,1.4.2,return,return_rows,return_rows/ffi.packed/1,ffi.packed,ffi,bun:ffi,packed,js-alloc+native-fill+js-decode,,1,rows,,1,case,3,466.43370027818065,473.01961467316886,512.4562455624302,473.01961467316886,466.43370027818065,512.4562455624302,0.09729521537082282,unstable,false,true
2026-09-29T10-24-40-196Z/bun/runtime/return_rows/ffi.packed/1,2026-09-29T10-24-40-196Z,bun,runtime,bun,,,1.4.2,return,return_rows,return_rows/ffi.packed/1,ffi.packed,ffi,bun:ffi,packed,js-alloc+native-fill+js-decode,,1,rows,,1,runtime,3,482.74307078763707,476.5047803017336,470.829505062143,476.5047803017336,470.829505062143,482.74307078763707,0.025001985747026712,stable,false,true
2026-09-29T10-24-40-196Z/bun/case/return_rows/ts/10,2026-09-29T10-24-40-196Z,bun,runtime,bun,,,1.4.2,return,return_rows,return_rows/ts/10,ts,ts,none,,js-objects,,10,rows,,10,case,3,157.10696244060938,157.4150644319709,168.29980788837304,157.4150644319709,157.10696244060938,168.29980788837304,0.07110402989798223,unstable,true,true
2026-09-29T10-24-40-196Z/bun/runtime/return_rows/ts/10,2026-09-29T10-24-40-196Z,bun,runtime,bun,,,1.4.2,return,return_rows,return_rows/ts/10,ts,ts,none,,js-objects,,10,rows,,10,runtime,3,132.40067162781992,134.41309413674526,131.89742128637198,132.40067162781992,131.89742128637198,134.41309413674526,0.019000453845467405,stable,true,true
2026-09-29T10-24-40-196Z/bun/case/return_rows/napi.objects/10,2026-09-29T10-24-40-196Z,bun,runtime,bun,,,1.4.2,return,return_rows,return_rows/napi.objects/10,napi.objects,napi,node-api,objects,native-objects,,10,rows,,10,case,3,4800.447882323104,5070.309006622517,4880.526610644258,4880.526610644258,4800.447882323104,5070.309006622517,0.05529344389002106,unstable,false,true
2026-09-29T10-24-40-196Z/bun/runtime/return_rows/napi.objects/10,2026-09-29T10-24-40-196Z,bun,runtime,bun,,,1.4.2,return,return_rows,return_rows/napi.objects/10,napi.objects,napi,node-api,objects,native-objects,,10,rows,,10,runtime,3,4947.833373291776,4917.46032880629,4778.24381455681,4917.46032880629,4778.24381455681,4947.833373291776,0.03448722458247746,stable,false,true
2026-09-29T10-24-40-196Z/bun/case/return_rows/napi.packed/10,2026-09-29T10-24-40-196Z,bun,runtime,bun,,,1.4.2,return,return_rows,return_rows/napi.packed/10,napi.packed,napi,node-api,packed,js-alloc+native-fill+js-decode,,10,rows,,10,case,3,1946.1363372374408,1943.7269777067067,1980.0852938281328,1946.1363372374408,1943.7269777067067,1980.0852938281328,0.018682306797188214,stable,false,true
2026-09-29T10-24-40-196Z/bun/runtime/return_rows/napi.packed/10,2026-09-29T10-24-40-196Z,bun,runtime,bun,,,1.4.2,return,return_rows,return_rows/napi.packed/10,napi.packed,napi,node-api,packed,js-alloc+native-fill+js-decode,,10,rows,,10,runtime,3,2058.900222248216,1973.0317656358068,2005.216542343133,2005.216542343133,1973.0317656358068,2058.900222248216,0.04282253552131093,stable,false,true
2026-09-29T10-24-40-196Z/bun/case/return_rows/ffi.packed/10,2026-09-29T10-24-40-196Z,bun,runtime,bun,,,1.4.2,return,return_rows,return_rows/ffi.packed/10,ffi.packed,ffi,bun:ffi,packed,js-alloc+native-fill+js-decode,,10,rows,,10,case,3,1809.9336702463677,1841.2404302877899,1817.917290219134,1817.917290219134,1809.9336702463677,1841.2404302877899,0.017221223545130834,stable,false,true
2026-09-29T10-24-40-196Z/bun/runtime/return_rows/ffi.packed/10,2026-09-29T10-24-40-196Z,bun,runtime,bun,,,1.4.2,return,return_rows,return_rows/ffi.packed/10,ffi.packed,ffi,bun:ffi,packed,js-alloc+native-fill+js-decode,,10,rows,,10,runtime,3,1900.0263575605682,1712.7802676124456,1892.0026832131477,1892.0026832131477,1712.7802676124456,1900.0263575605682,0.09896713763118269,unstable,false,true
2026-09-29T10-24-40-196Z/bun/case/return_rows/ts/100,2026-09-29T10-24-40-196Z,bun,runtime,bun,,,1.4.2,return,return_rows,return_rows/ts/100,ts,ts,none,,js-objects,,100,rows,,100,case,3,1516.36789351295,1655.4152764147857,1675.9707346938776,1655.4152764147857,1516.36789351295,1675.9707346938776,0.09641256997856587,unstable,true,true
2026-09-29T10-24-40-196Z/bun/runtime/return_rows/ts/100,2026-09-29T10-24-40-196Z,bun,runtime,bun,,,1.4.2,return,return_rows,return_rows/ts/100,ts,ts,none,,js-objects,,100,rows,,100,runtime,3,1456.994034446262,1286.8261054700295,1453.8953658536584,1453.8953658536584,1286.8261054700295,1456.994034446262,0.11704276179208953,unstable,true,true
2026-09-29T10-24-40-196Z/bun/case/return_rows/napi.objects/100,2026-09-29T10-24-40-196Z,bun,runtime,bun,,,1.4.2,return,return_rows,return_rows/napi.objects/100,napi.objects,napi,node-api,objects,native-objects,,100,rows,,100,case,3,47057.86274509804,46093.357142857145,47094.68842364532,47057.86274509804,46093.357142857145,47094.68842364532,0.021278724157366907,stable,false,true
2026-09-29T10-24-40-196Z/bun/runtime/return_rows/napi.objects/100,2026-09-29T10-24-40-196Z,bun,runtime,bun,,,1.4.2,return,return_rows,return_rows/napi.objects/100,napi.objects,napi,node-api,objects,native-objects,,100,rows,,100,runtime,3,47507.814420803785,46223.228009259255,46865.304964539006,46865.304964539006,46223.228009259255,47507.814420803785,0.027410179289701016,stable,false,true
2026-09-29T10-24-40-196Z/bun/case/return_rows/napi.packed/100,2026-09-29T10-24-40-196Z,bun,runtime,bun,,,1.4.2,return,return_rows,return_rows/napi.packed/100,napi.packed,napi,node-api,packed,js-alloc+native-fill+js-decode,,100,rows,,100,case,3,14802.556301267712,15386.894656488548,14949.165667166417,14949.165667166417,14802.556301267712,15386.894656488548,0.039088359058341765,stable,false,true
2026-09-29T10-24-40-196Z/bun/runtime/return_rows/napi.packed/100,2026-09-29T10-24-40-196Z,bun,runtime,bun,,,1.4.2,return,return_rows,return_rows/napi.packed/100,napi.packed,napi,node-api,packed,js-alloc+native-fill+js-decode,,100,rows,,100,runtime,3,16010.359520123839,14491.802404207363,15325.683216168716,15325.683216168716,14491.802404207363,16010.359520123839,0.09908576958672785,unstable,false,true
2026-09-29T10-24-40-196Z/bun/case/return_rows/ffi.packed/100,2026-09-29T10-24-40-196Z,bun,runtime,bun,,,1.4.2,return,return_rows,return_rows/ffi.packed/100,ffi.packed,ffi,bun:ffi,packed,js-alloc+native-fill+js-decode,,100,rows,,100,case,3,15269.23695976155,15110.223175965664,15006.39526276832,15110.223175965664,15006.39526276832,15269.23695976155,0.01739495796536663,stable,false,true
2026-09-29T10-24-40-196Z/bun/runtime/return_rows/ffi.packed/100,2026-09-29T10-24-40-196Z,bun,runtime,bun,,,1.4.2,return,return_rows,return_rows/ffi.packed/100,ffi.packed,ffi,bun:ffi,packed,js-alloc+native-fill+js-decode,,100,rows,,100,runtime,3,16032.24074074074,15027.20675265554,16023.548995983936,16023.548995983936,15027.20675265554,16032.24074074074,0.06272230879295826,unstable,false,true
2026-09-29T10-24-40-196Z/bun/case/return_rows/ts/1000,2026-09-29T10-24-40-196Z,bun,runtime,bun,,,1.4.2,return,return_rows,return_rows/ts/1000,ts,ts,none,,js-objects,,1000,rows,,1000,case,3,17115.44378463975,17157.674545454545,16901.26307572209,17115.44378463975,16901.26307572209,17157.674545454545,0.014981292507447062,stable,true,true
2026-09-29T10-24-40-196Z/bun/runtime/return_rows/ts/1000,2026-09-29T10-24-40-196Z,bun,runtime,bun,,,1.4.2,return,return_rows,return_rows/ts/1000,ts,ts,none,,js-objects,,1000,rows,,1000,runtime,3,13293.898028552005,13353.701202263084,15551.751666666667,13353.701202263084,13293.898028552005,15551.751666666667,0.16908073678719263,unstable,true,true
2026-09-29T10-24-40-196Z/bun/case/return_rows/napi.objects/1000,2026-09-29T10-24-40-196Z,bun,runtime,bun,,,1.4.2,return,return_rows,return_rows/napi.objects/1000,napi.objects,napi,node-api,objects,native-objects,,1000,rows,,1000,case,3,465834.4146341463,471049.8414634146,469677.01219512196,469677.01219512196,465834.4146341463,471049.8414634146,0.011104283781939903,stable,false,true
2026-09-29T10-24-40-196Z/bun/runtime/return_rows/napi.objects/1000,2026-09-29T10-24-40-196Z,bun,runtime,bun,,,1.4.2,return,return_rows,return_rows/napi.objects/1000,napi.objects,napi,node-api,objects,native-objects,,1000,rows,,1000,runtime,3,463778.023255814,457488.18604651163,469778.7142857143,463778.023255814,457488.18604651163,469778.7142857143,0.02650088538676484,stable,false,true
2026-09-29T10-24-40-196Z/bun/case/return_rows/napi.packed/1000,2026-09-29T10-24-40-196Z,bun,runtime,bun,,,1.4.2,return,return_rows,return_rows/napi.packed/1000,napi.packed,napi,node-api,packed,js-alloc+native-fill+js-decode,,1000,rows,,1000,case,3,145932.86170212767,149376.12937062938,151017.31985294117,149376.12937062938,145932.86170212767,151017.31985294117,0.03403795621319143,stable,false,true
2026-09-29T10-24-40-196Z/bun/runtime/return_rows/napi.packed/1000,2026-09-29T10-24-40-196Z,bun,runtime,bun,,,1.4.2,return,return_rows,return_rows/napi.packed/1000,napi.packed,napi,node-api,packed,js-alloc+native-fill+js-decode,,1000,rows,,1000,runtime,3,141386.21942446043,145239.20078740158,151970.01526717556,145239.20078740158,141386.21942446043,151970.01526717556,0.07287148225366162,unstable,false,true
2026-09-29T10-24-40-196Z/bun/case/return_rows/ffi.packed/1000,2026-09-29T10-24-40-196Z,bun,runtime,bun,,,1.4.2,return,return_rows,return_rows/ffi.packed/1000,ffi.packed,ffi,bun:ffi,packed,js-alloc+native-fill+js-decode,,1000,rows,,1000,case,3,146993.32481751824,148985.1897810219,143685.8909774436,146993.32481751824,143685.8909774436,148985.1897810219,0.036051288792582986,stable,false,true
2026-09-29T10-24-40-196Z/bun/runtime/return_rows/ffi.packed/1000,2026-09-29T10-24-40-196Z,bun,runtime,bun,,,1.4.2,return,return_rows,return_rows/ffi.packed/1000,ffi.packed,ffi,bun:ffi,packed,js-alloc+native-fill+js-decode,,1000,rows,,1000,runtime,3,143340.32,137429.03571428574,145305.2061068702,143340.32,137429.03571428574,145305.2061068702,0.05494734763103963,unstable,false,true
2026-09-29T10-24-40-196Z/bun/case/return_rows/ts/10000,2026-09-29T10-24-40-196Z,bun,runtime,bun,,,1.4.2,return,return_rows,return_rows/ts/10000,ts,ts,none,,js-objects,,10000,rows,,10000,case,3,780696.5806451613,848726.9814814816,859648.4629629629,848726.9814814816,780696.5806451613,859648.4629629629,0.09302388640925309,unstable,true,true
2026-09-29T10-24-40-196Z/bun/runtime/return_rows/ts/10000,2026-09-29T10-24-40-196Z,bun,runtime,bun,,,1.4.2,return,return_rows,return_rows/ts/10000,ts,ts,none,,js-objects,,10000,rows,,10000,runtime,3,639061.328125,542119.0735294118,653880.0833333334,639061.328125,542119.0735294118,653880.0833333334,0.1748830744176421,unstable,true,true
2026-09-29T10-24-40-196Z/bun/case/return_rows/napi.objects/10000,2026-09-29T10-24-40-196Z,bun,runtime,bun,,,1.4.2,return,return_rows,return_rows/napi.objects/10000,napi.objects,napi,node-api,objects,native-objects,,10000,rows,,10000,case,3,4692336.625,4778883.875,4663778.75,4692336.625,4663778.75,4778883.875,0.02453044915548871,stable,false,true
2026-09-29T10-24-40-196Z/bun/runtime/return_rows/napi.objects/10000,2026-09-29T10-24-40-196Z,bun,runtime,bun,,,1.4.2,return,return_rows,return_rows/napi.objects/10000,napi.objects,napi,node-api,objects,native-objects,,10000,rows,,10000,runtime,3,4754110.125,4605915,4700034,4700034,4605915,4754110.125,0.03153064956551378,stable,false,true
2026-09-29T10-24-40-196Z/bun/case/return_rows/napi.packed/10000,2026-09-29T10-24-40-196Z,bun,runtime,bun,,,1.4.2,return,return_rows,return_rows/napi.packed/10000,napi.packed,napi,node-api,packed,js-alloc+native-fill+js-decode,,10000,rows,,10000,case,3,1670398.25,1691476.653846154,1676569.2916666667,1676569.2916666667,1670398.25,1691476.653846154,0.012572342790079427,stable,true,true
2026-09-29T10-24-40-196Z/bun/runtime/return_rows/napi.packed/10000,2026-09-29T10-24-40-196Z,bun,runtime,bun,,,1.4.2,return,return_rows,return_rows/napi.packed/10000,napi.packed,napi,node-api,packed,js-alloc+native-fill+js-decode,,10000,rows,,10000,runtime,3,1528741.6153846155,1439926.2142857143,1541935.4615384615,1528741.6153846155,1439926.2142857143,1541935.4615384615,0.06672759230609597,unstable,true,true
2026-09-29T10-24-40-196Z/bun/case/return_rows/ffi.packed/10000,2026-09-29T10-24-40-196Z,bun,runtime,bun,,,1.4.2,return,return_rows,return_rows/ffi.packed/10000,ffi.packed,ffi,bun:ffi,packed,js-alloc+native-fill+js-decode,,10000,rows,,10000,case,3,1571620.4166666665,1619109.0833333333,1632331,1619109.0833333333,1571620.4166666665,1632331,0.037496289754823595,stable,true,true
2026-09-29T10-24-40-196Z/bun/runtime/return_rows/ffi.packed/10000,2026-09-29T10-24-40-196Z,bun,runtime,bun,,,1.4.2,return,return_rows,return_rows/ffi.packed/10000,ffi.packed,ffi,bun:ffi,packed,js-alloc+native-fill+js-decode,,10000,rows,,10000,runtime,3,1464703.1363636362,1464427.3181818181,1506862.7307692308,1464703.1363636362,1464427.3181818181,1506862.7307692308,0.028972022749104945,stable,true,true
2026-09-29T10-24-40-196Z/deno/case/noop/ts,2026-09-29T10-24-40-196Z,deno,runtime,deno,,,"deno 2.9.7 (stable, release, x86_64-unknown-linux-gnu)",boundary,noop,noop/ts,ts,ts,none,,,,,,,,case,3,0.5467701111673342,0.5470001332147598,0.5469526738420538,0.5469526738420538,0.5467701111673342,0.5470001332147598,0.0004205520119498309,stable,false,true
2026-09-29T10-24-40-196Z/deno/runtime/noop/ts,2026-09-29T10-24-40-196Z,deno,runtime,deno,,,"deno 2.9.7 (stable, release, x86_64-unknown-linux-gnu)",boundary,noop,noop/ts,ts,ts,none,,,,,,,,runtime,3,0.5467821133973698,0.5468439456427919,0.546966237112831,0.5468439456427919,0.5467821133973698,0.546966237112831,0.000336702485102475,stable,false,true
2026-09-29T10-24-40-196Z/deno/case/noop/napi,2026-09-29T10-24-40-196Z,deno,runtime,deno,,,"deno 2.9.7 (stable, release, x86_64-unknown-linux-gnu)",boundary,noop,noop/napi,napi,napi,node-api,,,,,,,,case,3,14.027177364880142,14.247267222410613,13.86050369257125,14.027177364880142,13.86050369257125,14.247267222410613,0.02757244168079773,stable,false,true
2026-09-29T10-24-40-196Z/deno/runtime/noop/napi,2026-09-29T10-24-40-196Z,deno,runtime,deno,,,"deno 2.9.7 (stable, release, x86_64-unknown-linux-gnu)",boundary,noop,noop/napi,napi,napi,node-api,,,,,,,,runtime,3,13.958661833885804,14.218161667713353,14.021819194203559,14.021819194203559,13.958661833885804,14.218161667713353,0.018506859219438735,stable,false,true
2026-09-29T10-24-40-196Z/deno/case/noop/ffi,2026-09-29T10-24-40-196Z,deno,runtime,deno,,,"deno 2.9.7 (stable, release, x86_64-unknown-linux-gnu)",boundary,noop,noop/ffi,ffi,ffi,Deno.dlopen,,,,,,,,case,3,4.454587439899091,4.429240715250136,4.442660069954867,4.442660069954867,4.429240715250136,4.454587439899091,0.005705303635623968,stable,false,true
2026-09-29T10-24-40-196Z/deno/runtime/noop/ffi,2026-09-29T10-24-40-196Z,deno,runtime,deno,,,"deno 2.9.7 (stable, release, x86_64-unknown-linux-gnu)",boundary,noop,noop/ffi,ffi,ffi,Deno.dlopen,,,,,,,,runtime,3,4.413004567472834,4.428929816999791,4.4449692848594795,4.428929816999791,4.413004567472834,4.4449692848594795,0.007217255343255541,stable,false,true
2026-09-29T10-24-40-196Z/deno/case/noop/wasm.inlineable,2026-09-29T10-24-40-196Z,deno,runtime,deno,,,"deno 2.9.7 (stable, release, x86_64-unknown-linux-gnu)",boundary,noop,noop/wasm.inlineable,wasm.inlineable,wasm,WebAssembly,inlineable,,,,,,,case,3,0.5465482213063646,0.5468674207565865,0.5468973847326335,0.5468674207565865,0.5465482213063646,0.5468973847326335,0.0006384791139794543,stable,false,true
2026-09-29T10-24-40-196Z/deno/runtime/noop/wasm.inlineable,2026-09-29T10-24-40-196Z,deno,runtime,deno,,,"deno 2.9.7 (stable, release, x86_64-unknown-linux-gnu)",boundary,noop,noop/wasm.inlineable,wasm.inlineable,wasm,WebAssembly,inlineable,,,,,,,runtime,3,0.5469433401571864,0.5469505542980683,0.5467923077803722,0.5469433401571864,0.5467923077803722,0.5469505542980683,0.00028932890498410154,stable,false,true
2026-09-29T10-24-40-196Z/deno/case/noop/wasm.no-inline,2026-09-29T10-24-40-196Z,deno,runtime,deno,,,"deno 2.9.7 (stable, release, x86_64-unknown-linux-gnu)",boundary,noop,noop/wasm.no-inline,wasm.no-inline,wasm,WebAssembly,no-inline,,,,,,,case,3,5.178147260135251,5.183249108917499,5.188669901951075,5.183249108917499,5.178147260135251,5.188669901951075,0.0020301246563125598,stable,false,true
2026-09-29T10-24-40-196Z/deno/runtime/noop/wasm.no-inline,2026-09-29T10-24-40-196Z,deno,runtime,deno,,,"deno 2.9.7 (stable, release, x86_64-unknown-linux-gnu)",boundary,noop,noop/wasm.no-inline,wasm.no-inline,wasm,WebAssembly,no-inline,,,,,,,runtime,3,5.23150817620189,5.180219726939768,5.184021486227602,5.184021486227602,5.180219726939768,5.23150817620189,0.009893564175684896,stable,false,true
2026-09-29T10-24-40-196Z/deno/case/add_i32/ts,2026-09-29T10-24-40-196Z,deno,runtime,deno,,,"deno 2.9.7 (stable, release, x86_64-unknown-linux-gnu)",boundary,add_i32,add_i32/ts,ts,ts,none,,,,,,,,case,3,0.5568015040962346,0.5559196779261205,0.5557866439088974,0.5559196779261205,0.5557866439088974,0.5568015040962346,0.0018255518335367838,stable,false,true
2026-09-29T10-24-40-196Z/deno/runtime/add_i32/ts,2026-09-29T10-24-40-196Z,deno,runtime,deno,,,"deno 2.9.7 (stable, release, x86_64-unknown-linux-gnu)",boundary,add_i32,add_i32/ts,ts,ts,none,,,,,,,,runtime,3,0.5556830451109169,0.5559870586491897,0.5559447898219818,0.5559447898219818,0.5556830451109169,0.5559870586491897,0.0005468412400629832,stable,false,true
2026-09-29T10-24-40-196Z/deno/case/add_i32/napi,2026-09-29T10-24-40-196Z,deno,runtime,deno,,,"deno 2.9.7 (stable, release, x86_64-unknown-linux-gnu)",boundary,add_i32,add_i32/napi,napi,napi,node-api,,,,,,,,case,3,57.35830130023504,57.579811771489766,57.583314339460415,57.579811771489766,57.35830130023504,57.583314339460415,0.0039078460367039155,stable,false,true
2026-09-29T10-24-40-196Z/deno/runtime/add_i32/napi,2026-09-29T10-24-40-196Z,deno,runtime,deno,,,"deno 2.9.7 (stable, release, x86_64-unknown-linux-gnu)",boundary,add_i32,add_i32/napi,napi,napi,node-api,,,,,,,,runtime,3,57.64199651587845,57.30914730656049,57.98509258198419,57.64199651587845,57.30914730656049,57.98509258198419,0.011726611087065658,stable,false,true
2026-09-29T10-24-40-196Z/deno/case/add_i32/ffi,2026-09-29T10-24-40-196Z,deno,runtime,deno,,,"deno 2.9.7 (stable, release, x86_64-unknown-linux-gnu)",boundary,add_i32,add_i32/ffi,ffi,ffi,Deno.dlopen,,,,,,,,case,3,4.436784344975265,4.411968781351457,4.418326686623738,4.418326686623738,4.411968781351457,4.436784344975265,0.0056165071946660955,stable,false,true
2026-09-29T10-24-40-196Z/deno/runtime/add_i32/ffi,2026-09-29T10-24-40-196Z,deno,runtime,deno,,,"deno 2.9.7 (stable, release, x86_64-unknown-linux-gnu)",boundary,add_i32,add_i32/ffi,ffi,ffi,Deno.dlopen,,,,,,,,runtime,3,4.419141769211635,4.442354383687354,4.380732090710497,4.419141769211635,4.380732090710497,4.442354383687354,0.01394440282639996,stable,false,true
2026-09-29T10-24-40-196Z/deno/case/add_i32/wasm.inlineable,2026-09-29T10-24-40-196Z,deno,runtime,deno,,,"deno 2.9.7 (stable, release, x86_64-unknown-linux-gnu)",boundary,add_i32,add_i32/wasm.inlineable,wasm.inlineable,wasm,WebAssembly,inlineable,,,,,,,case,3,2.641005359898835,2.644999055928491,2.64456227289882,2.64456227289882,2.641005359898835,2.644999055928491,0.0015101538997901464,stable,false,true
2026-09-29T10-24-40-196Z/deno/runtime/add_i32/wasm.inlineable,2026-09-29T10-24-40-196Z,deno,runtime,deno,,,"deno 2.9.7 (stable, release, x86_64-unknown-linux-gnu)",boundary,add_i32,add_i32/wasm.inlineable,wasm.inlineable,wasm,WebAssembly,inlineable,,,,,,,runtime,3,2.633815259988765,2.6370701733987856,2.6425340978002185,2.6370701733987856,2.633815259988765,2.6425340978002185,0.003306259309821962,stable,false,true
2026-09-29T10-24-40-196Z/deno/case/add_i32/wasm.no-inline,2026-09-29T10-24-40-196Z,deno,runtime,deno,,,"deno 2.9.7 (stable, release, x86_64-unknown-linux-gnu)",boundary,add_i32,add_i32/wasm.no-inline,wasm.no-inline,wasm,WebAssembly,no-inline,,,,,,,case,3,5.251988664703072,5.260859330690811,5.2514667324878985,5.251988664703072,5.2514667324878985,5.260859330690811,0.0017883888946746583,stable,false,true
2026-09-29T10-24-40-196Z/deno/runtime/add_i32/wasm.no-inline,2026-09-29T10-24-40-196Z,deno,runtime,deno,,,"deno 2.9.7 (stable, release, x86_64-unknown-linux-gnu)",boundary,add_i32,add_i32/wasm.no-inline,wasm.no-inline,wasm,WebAssembly,no-inline,,,,,,,runtime,3,5.263600833712898,5.251059974148124,5.250980475542451,5.251059974148124,5.250980475542451,5.263600833712898,0.0024033925021956252,stable,false,true
2026-09-29T10-24-40-196Z/deno/case/sum_i32/ts/1,2026-09-29T10-24-40-196Z,deno,runtime,deno,,,"deno 2.9.7 (stable, release, x86_64-unknown-linux-gnu)",boundary,sum_i32,sum_i32/ts/1,ts,ts,none,,,,1,int32array,4,,case,3,2.843914053128775,2.8499115363727445,2.843362943792711,2.843914053128775,2.843362943792711,2.8499115363727445,0.0023026689476881176,stable,true,true
2026-09-29T10-24-40-196Z/deno/runtime/sum_i32/ts/1,2026-09-29T10-24-40-196Z,deno,runtime,deno,,,"deno 2.9.7 (stable, release, x86_64-unknown-linux-gnu)",boundary,sum_i32,sum_i32/ts/1,ts,ts,none,,,,1,int32array,4,,runtime,3,4.813461286701924,4.815225156182396,4.8126640649557135,4.813461286701924,4.8126640649557135,4.815225156182396,0.0005320685207872621,stable,true,true
2026-09-29T10-24-40-196Z/deno/case/sum_i32/napi/1,2026-09-29T10-24-40-196Z,deno,runtime,deno,,,"deno 2.9.7 (stable, release, x86_64-unknown-linux-gnu)",boundary,sum_i32,sum_i32/napi/1,napi,napi,node-api,,,,1,int32array,4,,case,3,75.80241950928047,77.09239977807206,78.11908805981273,77.09239977807206,75.80241950928047,78.11908805981273,0.030050543986194635,stable,false,true
2026-09-29T10-24-40-196Z/deno/runtime/sum_i32/napi/1,2026-09-29T10-24-40-196Z,deno,runtime,deno,,,"deno 2.9.7 (stable, release, x86_64-unknown-linux-gnu)",boundary,sum_i32,sum_i32/napi/1,napi,napi,node-api,,,,1,int32array,4,,runtime,3,76.57539383373384,76.76021197955885,76.93946287934676,76.76021197955885,76.57539383373384,76.93946287934676,0.00474293955454257,stable,false,true
2026-09-29T10-24-40-196Z/deno/case/sum_i32/ffi/1,2026-09-29T10-24-40-196Z,deno,runtime,deno,,,"deno 2.9.7 (stable, release, x86_64-unknown-linux-gnu)",boundary,sum_i32,sum_i32/ffi/1,ffi,ffi,Deno.dlopen,,,,1,int32array,4,,case,3,19.55284560602515,19.368260429275548,19.58390061538277,19.55284560602515,19.368260429275548,19.58390061538277,0.011028583278986957,stable,false,true
2026-09-29T10-24-40-196Z/deno/runtime/sum_i32/ffi/1,2026-09-29T10-24-40-196Z,deno,runtime,deno,,,"deno 2.9.7 (stable, release, x86_64-unknown-linux-gnu)",boundary,sum_i32,sum_i32/ffi/1,ffi,ffi,Deno.dlopen,,,,1,int32array,4,,runtime,3,19.816597252151716,19.654861710537993,19.690103463247638,19.690103463247638,19.654861710537993,19.816597252151716,0.00821405240026335,stable,false,true
2026-09-29T10-24-40-196Z/deno/case/sum_i32/wasm.copy/1,2026-09-29T10-24-40-196Z,deno,runtime,deno,,,"deno 2.9.7 (stable, release, x86_64-unknown-linux-gnu)",boundary,sum_i32,sum_i32/wasm.copy/1,wasm.copy,wasm,WebAssembly,copy,js-to-wasm-memory-copy,,1,int32array,4,,case,3,19.66925617305281,21.708570634737015,21.708963534681054,21.708570634737015,19.66925617305281,21.708963534681054,0.09395862104179276,unstable,false,true
2026-09-29T10-24-40-196Z/deno/runtime/sum_i32/wasm.copy/1,2026-09-29T10-24-40-196Z,deno,runtime,deno,,,"deno 2.9.7 (stable, release, x86_64-unknown-linux-gnu)",boundary,sum_i32,sum_i32/wasm.copy/1,wasm.copy,wasm,WebAssembly,copy,js-to-wasm-memory-copy,,1,int32array,4,,runtime,3,21.265817204357308,20.629267526697234,20.83756125043552,20.83756125043552,20.629267526697234,21.265817204357308,0.030548185078365153,stable,false,true
2026-09-29T10-24-40-196Z/deno/case/sum_i32/wasm.resident/1,2026-09-29T10-24-40-196Z,deno,runtime,deno,,,"deno 2.9.7 (stable, release, x86_64-unknown-linux-gnu)",boundary,sum_i32,sum_i32/wasm.resident/1,wasm.resident,wasm,WebAssembly,resident,wasm-memory-resident,,1,int32array,4,,case,3,5.417645815969127,5.209550779530585,5.505474322304937,5.417645815969127,5.209550779530585,5.505474322304937,0.05462216483441637,unstable,false,true
2026-09-29T10-24-40-196Z/deno/runtime/sum_i32/wasm.resident/1,2026-09-29T10-24-40-196Z,deno,runtime,deno,,,"deno 2.9.7 (stable, release, x86_64-unknown-linux-gnu)",boundary,sum_i32,sum_i32/wasm.resident/1,wasm.resident,wasm,WebAssembly,resident,wasm-memory-resident,,1,int32array,4,,runtime,3,5.409922884445848,5.438317588244037,5.688406559176203,5.438317588244037,5.409922884445848,5.688406559176203,0.05120768881397262,unstable,false,true
2026-09-29T10-24-40-196Z/deno/case/sum_i32/wasm.simd128.copy/1,2026-09-29T10-24-40-196Z,deno,runtime,deno,,,"deno 2.9.7 (stable, release, x86_64-unknown-linux-gnu)",boundary,sum_i32,sum_i32/wasm.simd128.copy/1,wasm.simd128.copy,wasm,WebAssembly+simd128,copy,js-to-wasm-memory-copy,,1,int32array,4,,case,3,22.933362278082477,23.07085598812089,22.629022827684423,22.933362278082477,22.629022827684423,23.07085598812089,0.019265956516926815,stable,false,true
2026-09-29T10-24-40-196Z/deno/runtime/sum_i32/wasm.simd128.copy/1,2026-09-29T10-24-40-196Z,deno,runtime,deno,,,"deno 2.9.7 (stable, release, x86_64-unknown-linux-gnu)",boundary,sum_i32,sum_i32/wasm.simd128.copy/1,wasm.simd128.copy,wasm,WebAssembly+simd128,copy,js-to-wasm-memory-copy,,1,int32array,4,,runtime,3,21.8567910531074,21.97516703096749,22.544906366103298,21.97516703096749,21.8567910531074,22.544906366103298,0.03131331434369544,stable,false,true
2026-09-29T10-24-40-196Z/deno/case/sum_i32/wasm.simd128.resident/1,2026-09-29T10-24-40-196Z,deno,runtime,deno,,,"deno 2.9.7 (stable, release, x86_64-unknown-linux-gnu)",boundary,sum_i32,sum_i32/wasm.simd128.resident/1,wasm.simd128.resident,wasm,WebAssembly+simd128,resident,wasm-memory-resident,,1,int32array,4,,case,3,5.712811429228266,5.879029383713842,6.029061007086283,5.879029383713842,5.712811429228266,6.029061007086283,0.053792821436493554,unstable,false,true
2026-09-29T10-24-40-196Z/deno/runtime/sum_i32/wasm.simd128.resident/1,2026-09-29T10-24-40-196Z,deno,runtime,deno,,,"deno 2.9.7 (stable, release, x86_64-unknown-linux-gnu)",boundary,sum_i32,sum_i32/wasm.simd128.resident/1,wasm.simd128.resident,wasm,WebAssembly+simd128,resident,wasm-memory-resident,,1,int32array,4,,runtime,3,5.91979888300839,5.653825787622674,5.620297957047623,5.653825787622674,5.620297957047623,5.91979888300839,0.052973143710305454,unstable,false,true
2026-09-29T10-24-40-196Z/deno/case/sum_i32/ts/10,2026-09-29T10-24-40-196Z,deno,runtime,deno,,,"deno 2.9.7 (stable, release, x86_64-unknown-linux-gnu)",boundary,sum_i32,sum_i32/ts/10,ts,ts,none,,,,10,int32array,40,,case,3,9.188383201873272,9.20479505959097,9.21113233337467,9.20479505959097,9.188383201873272,9.21113233337467,0.002471443563286498,stable,true,true
2026-09-29T10-24-40-196Z/deno/runtime/sum_i32/ts/10,2026-09-29T10-24-40-196Z,deno,runtime,deno,,,"deno 2.9.7 (stable, release, x86_64-unknown-linux-gnu)",boundary,sum_i32,sum_i32/ts/10,ts,ts,none,,,,10,int32array,40,,runtime,3,12.911696825563622,12.936138659865666,12.908139480135677,12.911696825563622,12.908139480135677,12.936138659865666,0.0021685127917930595,stable,true,true
2026-09-29T10-24-40-196Z/deno/case/sum_i32/napi/10,2026-09-29T10-24-40-196Z,deno,runtime,deno,,,"deno 2.9.7 (stable, release, x86_64-unknown-linux-gnu)",boundary,sum_i32,sum_i32/napi/10,napi,napi,node-api,,,,10,int32array,40,,case,3,79.88363542727481,79.6150786406546,80.8120616203721,79.88363542727481,79.6150786406546,80.8120616203721,0.014984082450869728,stable,false,true
2026-09-29T10-24-40-196Z/deno/runtime/sum_i32/napi/10,2026-09-29T10-24-40-196Z,deno,runtime,deno,,,"deno 2.9.7 (stable, release, x86_64-unknown-linux-gnu)",boundary,sum_i32,sum_i32/napi/10,napi,napi,node-api,,,,10,int32array,40,,runtime,3,79.24604110876481,80.09633472373142,78.36579582278782,79.24604110876481,78.36579582278782,80.09633472373142,0.021837543891542084,stable,false,true
2026-09-29T10-24-40-196Z/deno/case/sum_i32/ffi/10,2026-09-29T10-24-40-196Z,deno,runtime,deno,,,"deno 2.9.7 (stable, release, x86_64-unknown-linux-gnu)",boundary,sum_i32,sum_i32/ffi/10,ffi,ffi,Deno.dlopen,,,,10,int32array,40,,case,3,22.84072282588609,23.83769653410947,23.09797030101538,23.09797030101538,22.84072282588609,23.83769653410947,0.04316282752253572,stable,false,true
2026-09-29T10-24-40-196Z/deno/runtime/sum_i32/ffi/10,2026-09-29T10-24-40-196Z,deno,runtime,deno,,,"deno 2.9.7 (stable, release, x86_64-unknown-linux-gnu)",boundary,sum_i32,sum_i32/ffi/10,ffi,ffi,Deno.dlopen,,,,10,int32array,40,,runtime,3,23.08407786078063,23.150401154843216,23.163052146457037,23.150401154843216,23.08407786078063,23.163052146457037,0.0034113571142106885,stable,false,true
2026-09-29T10-24-40-196Z/deno/case/sum_i32/wasm.copy/10,2026-09-29T10-24-40-196Z,deno,runtime,deno,,,"deno 2.9.7 (stable, release, x86_64-unknown-linux-gnu)",boundary,sum_i32,sum_i32/wasm.copy/10,wasm.copy,wasm,WebAssembly,copy,js-to-wasm-memory-copy,,10,int32array,40,,case,3,22.897222844319444,23.2309862341374,23.37740120165863,23.2309862341374,22.897222844319444,23.37740120165863,0.02066973620920034,stable,false,true
2026-09-29T10-24-40-196Z/deno/runtime/sum_i32/wasm.copy/10,2026-09-29T10-24-40-196Z,deno,runtime,deno,,,"deno 2.9.7 (stable, release, x86_64-unknown-linux-gnu)",boundary,sum_i32,sum_i32/wasm.copy/10,wasm.copy,wasm,WebAssembly,copy,js-to-wasm-memory-copy,,10,int32array,40,,runtime,3,22.554923564757125,22.472279956700078,22.46515163287851,22.472279956700078,22.46515163287851,22.554923564757125,0.003994785222130988,stable,false,true
2026-09-29T10-24-40-196Z/deno/case/sum_i32/wasm.resident/10,2026-09-29T10-24-40-196Z,deno,runtime,deno,,,"deno 2.9.7 (stable, release, x86_64-unknown-linux-gnu)",boundary,sum_i32,sum_i32/wasm.resident/10,wasm.resident,wasm,WebAssembly,resident,wasm-memory-resident,,10,int32array,40,,case,3,7.735916290968535,7.740826924085626,7.742437382211508,7.740826924085626,7.735916290968535,7.742437382211508,0.0008424282453186104,stable,false,true
2026-09-29T10-24-40-196Z/deno/runtime/sum_i32/wasm.resident/10,2026-09-29T10-24-40-196Z,deno,runtime,deno,,,"deno 2.9.7 (stable, release, x86_64-unknown-linux-gnu)",boundary,sum_i32,sum_i32/wasm.resident/10,wasm.resident,wasm,WebAssembly,resident,wasm-memory-resident,,10,int32array,40,,runtime,3,7.727302279466228,7.714695614822913,7.754171454989251,7.727302279466228,7.714695614822913,7.754171454989251,0.005108618601764418,stable,false,true
2026-09-29T10-24-40-196Z/deno/case/sum_i32/wasm.simd128.copy/10,2026-09-29T10-24-40-196Z,deno,runtime,deno,,,"deno 2.9.7 (stable, release, x86_64-unknown-linux-gnu)",boundary,sum_i32,sum_i32/wasm.simd128.copy/10,wasm.simd128.copy,wasm,WebAssembly+simd128,copy,js-to-wasm-memory-copy,,10,int32array,40,,case,3,22.880287603893606,22.85058140797794,22.892509639594852,22.880287603893606,22.85058140797794,22.892509639594852,0.0018325045708680646,stable,true,true
2026-09-29T10-24-40-196Z/deno/runtime/sum_i32/wasm.simd128.copy/10,2026-09-29T10-24-40-196Z,deno,runtime,deno,,,"deno 2.9.7 (stable, release, x86_64-unknown-linux-gnu)",boundary,sum_i32,sum_i32/wasm.simd128.copy/10,wasm.simd128.copy,wasm,WebAssembly+simd128,copy,js-to-wasm-memory-copy,,10,int32array,40,,runtime,3,24.38535928637282,24.377920362101655,24.38141870837661,24.38141870837661,24.377920362101655,24.38535928637282,0.0003051062926297645,stable,true,true
2026-09-29T10-24-40-196Z/deno/case/sum_i32/wasm.simd128.resident/10,2026-09-29T10-24-40-196Z,deno,runtime,deno,,,"deno 2.9.7 (stable, release, x86_64-unknown-linux-gnu)",boundary,sum_i32,sum_i32/wasm.simd128.resident/10,wasm.simd128.resident,wasm,WebAssembly+simd128,resident,wasm-memory-resident,,10,int32array,40,,case,3,6.777752147392301,6.812667472725382,6.8424241635016365,6.812667472725382,6.777752147392301,6.8424241635016365,0.009492906613782536,stable,false,true
2026-09-29T10-24-40-196Z/deno/runtime/sum_i32/wasm.simd128.resident/10,2026-09-29T10-24-40-196Z,deno,runtime,deno,,,"deno 2.9.7 (stable, release, x86_64-unknown-linux-gnu)",boundary,sum_i32,sum_i32/wasm.simd128.resident/10,wasm.simd128.resident,wasm,WebAssembly+simd128,resident,wasm-memory-resident,,10,int32array,40,,runtime,3,6.866983545194382,6.866681204931379,6.870015495105346,6.866983545194382,6.866681204931379,6.870015495105346,0.0004855538319004339,stable,false,true
2026-09-29T10-24-40-196Z/deno/case/sum_i32/ts/100,2026-09-29T10-24-40-196Z,deno,runtime,deno,,,"deno 2.9.7 (stable, release, x86_64-unknown-linux-gnu)",boundary,sum_i32,sum_i32/ts/100,ts,ts,none,,,,100,int32array,400,,case,3,78.19765200293017,77.51287100572496,77.84963740163555,77.84963740163555,77.51287100572496,78.19765200293017,0.008796200214425436,stable,true,true
2026-09-29T10-24-40-196Z/deno/runtime/sum_i32/ts/100,2026-09-29T10-24-40-196Z,deno,runtime,deno,,,"deno 2.9.7 (stable, release, x86_64-unknown-linux-gnu)",boundary,sum_i32,sum_i32/ts/100,ts,ts,none,,,,100,int32array,400,,runtime,3,107.27647924592463,105.89783469463907,105.90495626361827,105.90495626361827,105.89783469463907,107.27647924592463,0.013017752897738263,stable,true,true
2026-09-29T10-24-40-196Z/deno/case/sum_i32/napi/100,2026-09-29T10-24-40-196Z,deno,runtime,deno,,,"deno 2.9.7 (stable, release, x86_64-unknown-linux-gnu)",boundary,sum_i32,sum_i32/napi/100,napi,napi,node-api,,,,100,int32array,400,,case,3,93.93628240527688,95.28706904515332,96.21061516824167,95.28706904515332,93.93628240527688,96.21061516824167,0.023868220376125328,stable,false,true
2026-09-29T10-24-40-196Z/deno/runtime/sum_i32/napi/100,2026-09-29T10-24-40-196Z,deno,runtime,deno,,,"deno 2.9.7 (stable, release, x86_64-unknown-linux-gnu)",boundary,sum_i32,sum_i32/napi/100,napi,napi,node-api,,,,100,int32array,400,,runtime,3,93.74393886977336,91.86856718214312,93.48418525381146,93.48418525381146,91.86856718214312,93.74393886977336,0.020060844329322255,stable,false,true
2026-09-29T10-24-40-196Z/deno/case/sum_i32/ffi/100,2026-09-29T10-24-40-196Z,deno,runtime,deno,,,"deno 2.9.7 (stable, release, x86_64-unknown-linux-gnu)",boundary,sum_i32,sum_i32/ffi/100,ffi,ffi,Deno.dlopen,,,,100,int32array,400,,case,3,33.086906816220875,33.09000254484883,33.05490049181342,33.086906816220875,33.05490049181342,33.09000254484883,0.0010609046421408102,stable,false,true
2026-09-29T10-24-40-196Z/deno/runtime/sum_i32/ffi/100,2026-09-29T10-24-40-196Z,deno,runtime,deno,,,"deno 2.9.7 (stable, release, x86_64-unknown-linux-gnu)",boundary,sum_i32,sum_i32/ffi/100,ffi,ffi,Deno.dlopen,,,,100,int32array,400,,runtime,3,33.31728044856119,33.524733841002345,33.384371422799816,33.384371422799816,33.31728044856119,33.524733841002345,0.006214087119204303,stable,false,true
2026-09-29T10-24-40-196Z/deno/case/sum_i32/wasm.copy/100,2026-09-29T10-24-40-196Z,deno,runtime,deno,,,"deno 2.9.7 (stable, release, x86_64-unknown-linux-gnu)",boundary,sum_i32,sum_i32/wasm.copy/100,wasm.copy,wasm,WebAssembly,copy,js-to-wasm-memory-copy,,100,int32array,400,,case,3,65.50680464752351,65.63863065986914,65.35291842004747,65.50680464752351,65.35291842004747,65.63863065986914,0.004361565815322738,stable,false,true
2026-09-29T10-24-40-196Z/deno/runtime/sum_i32/wasm.copy/100,2026-09-29T10-24-40-196Z,deno,runtime,deno,,,"deno 2.9.7 (stable, release, x86_64-unknown-linux-gnu)",boundary,sum_i32,sum_i32/wasm.copy/100,wasm.copy,wasm,WebAssembly,copy,js-to-wasm-memory-copy,,100,int32array,400,,runtime,3,66.24132922578998,68.42446165588933,66.41122035474656,66.41122035474656,66.24132922578998,68.42446165588933,0.03287294554200004,stable,false,true
2026-09-29T10-24-40-196Z/deno/case/sum_i32/wasm.resident/100,2026-09-29T10-24-40-196Z,deno,runtime,deno,,,"deno 2.9.7 (stable, release, x86_64-unknown-linux-gnu)",boundary,sum_i32,sum_i32/wasm.resident/100,wasm.resident,wasm,WebAssembly,resident,wasm-memory-resident,,100,int32array,400,,case,3,44.95965407480328,45.069401074475365,45.03693149820918,45.03693149820918,44.95965407480328,45.069401074475365,0.0024368223149582725,stable,false,true
2026-09-29T10-24-40-196Z/deno/runtime/sum_i32/wasm.resident/100,2026-09-29T10-24-40-196Z,deno,runtime,deno,,,"deno 2.9.7 (stable, release, x86_64-unknown-linux-gnu)",boundary,sum_i32,sum_i32/wasm.resident/100,wasm.resident,wasm,WebAssembly,resident,wasm-memory-resident,,100,int32array,400,,runtime,3,44.975240345702105,44.92301574463496,44.97487531017788,44.97487531017788,44.92301574463496,44.975240345702105,0.0011611950162611505,stable,false,true
2026-09-29T10-24-40-196Z/deno/case/sum_i32/wasm.simd128.copy/100,2026-09-29T10-24-40-196Z,deno,runtime,deno,,,"deno 2.9.7 (stable, release, x86_64-unknown-linux-gnu)",boundary,sum_i32,sum_i32/wasm.simd128.copy/100,wasm.simd128.copy,wasm,WebAssembly+simd128,copy,js-to-wasm-memory-copy,,100,int32array,400,,case,3,33.675872139508655,33.691751517194874,33.62107074050413,33.675872139508655,33.62107074050413,33.691751517194874,0.002098855120898864,stable,false,true
2026-09-29T10-24-40-196Z/deno/runtime/sum_i32/wasm.simd128.copy/100,2026-09-29T10-24-40-196Z,deno,runtime,deno,,,"deno 2.9.7 (stable, release, x86_64-unknown-linux-gnu)",boundary,sum_i32,sum_i32/wasm.simd128.copy/100,wasm.simd128.copy,wasm,WebAssembly+simd128,copy,js-to-wasm-memory-copy,,100,int32array,400,,runtime,3,34.26143204465295,35.409833060692314,34.424533005726275,34.424533005726275,34.26143204465295,35.409833060692314,0.03335995918516416,stable,false,true
2026-09-29T10-24-40-196Z/deno/case/sum_i32/wasm.simd128.resident/100,2026-09-29T10-24-40-196Z,deno,runtime,deno,,,"deno 2.9.7 (stable, release, x86_64-unknown-linux-gnu)",boundary,sum_i32,sum_i32/wasm.simd128.resident/100,wasm.simd128.resident,wasm,WebAssembly+simd128,resident,wasm-memory-resident,,100,int32array,400,,case,3,16.789994393777093,16.900911923020516,16.806138306798147,16.806138306798147,16.789994393777093,16.900911923020516,0.006599822470731213,stable,false,true
2026-09-29T10-24-40-196Z/deno/runtime/sum_i32/wasm.simd128.resident/100,2026-09-29T10-24-40-196Z,deno,runtime,deno,,,"deno 2.9.7 (stable, release, x86_64-unknown-linux-gnu)",boundary,sum_i32,sum_i32/wasm.simd128.resident/100,wasm.simd128.resident,wasm,WebAssembly+simd128,resident,wasm-memory-resident,,100,int32array,400,,runtime,3,16.84670795409379,16.610931193071842,16.53498204044275,16.610931193071842,16.53498204044275,16.84670795409379,0.018766311775528753,stable,false,true
2026-09-29T10-24-40-196Z/deno/case/sum_i32/ts/1000,2026-09-29T10-24-40-196Z,deno,runtime,deno,,,"deno 2.9.7 (stable, release, x86_64-unknown-linux-gnu)",boundary,sum_i32,sum_i32/ts/1000,ts,ts,none,,,,1000,int32array,4000,,case,3,758.2080605564647,777.7089643880474,776.3372143165158,776.3372143165158,758.2080605564647,777.7089643880474,0.02511911508551247,stable,true,true
2026-09-29T10-24-40-196Z/deno/runtime/sum_i32/ts/1000,2026-09-29T10-24-40-196Z,deno,runtime,deno,,,"deno 2.9.7 (stable, release, x86_64-unknown-linux-gnu)",boundary,sum_i32,sum_i32/ts/1000,ts,ts,none,,,,1000,int32array,4000,,runtime,3,949.8605203190277,954.0609209648203,949.2988001517595,949.8605203190277,949.2988001517595,954.0609209648203,0.00501349483549585,stable,true,true
2026-09-29T10-24-40-196Z/deno/case/sum_i32/napi/1000,2026-09-29T10-24-40-196Z,deno,runtime,deno,,,"deno 2.9.7 (stable, release, x86_64-unknown-linux-gnu)",boundary,sum_i32,sum_i32/napi/1000,napi,napi,node-api,,,,1000,int32array,4000,,case,3,149.4399204354791,148.3724052229394,151.93203311966636,149.4399204354791,148.3724052229394,151.93203311966636,0.023819792504934045,stable,false,true
2026-09-29T10-24-40-196Z/deno/runtime/sum_i32/napi/1000,2026-09-29T10-24-40-196Z,deno,runtime,deno,,,"deno 2.9.7 (stable, release, x86_64-unknown-linux-gnu)",boundary,sum_i32,sum_i32/napi/1000,napi,napi,node-api,,,,1000,int32array,4000,,runtime,3,148.3597570471889,148.12494564215956,148.84525170569793,148.3597570471889,148.12494564215956,148.84525170569793,0.0048551310535596606,stable,false,true
2026-09-29T10-24-40-196Z/deno/case/sum_i32/ffi/1000,2026-09-29T10-24-40-196Z,deno,runtime,deno,,,"deno 2.9.7 (stable, release, x86_64-unknown-linux-gnu)",boundary,sum_i32,sum_i32/ffi/1000,ffi,ffi,Deno.dlopen,,,,1000,int32array,4000,,case,3,91.85697691638437,90.5954406511251,90.83558594335042,90.83558594335042,90.5954406511251,91.85697691638437,0.013888128228137628,stable,false,true
2026-09-29T10-24-40-196Z/deno/runtime/sum_i32/ffi/1000,2026-09-29T10-24-40-196Z,deno,runtime,deno,,,"deno 2.9.7 (stable, release, x86_64-unknown-linux-gnu)",boundary,sum_i32,sum_i32/ffi/1000,ffi,ffi,Deno.dlopen,,,,1000,int32array,4000,,runtime,3,91.88827814294227,91.73677141293442,91.58360969471352,91.73677141293442,91.58360969471352,91.88827814294227,0.0033211158790115917,stable,false,true
2026-09-29T10-24-40-196Z/deno/case/sum_i32/wasm.copy/1000,2026-09-29T10-24-40-196Z,deno,runtime,deno,,,"deno 2.9.7 (stable, release, x86_64-unknown-linux-gnu)",boundary,sum_i32,sum_i32/wasm.copy/1000,wasm.copy,wasm,WebAssembly,copy,js-to-wasm-memory-copy,,1000,int32array,4000,,case,3,526.9660900021227,527.5544801914384,527.8663152023796,527.5544801914384,526.9660900021227,527.8663152023796,0.0017064118191741676,stable,false,true
2026-09-29T10-24-40-196Z/deno/runtime/sum_i32/wasm.copy/1000,2026-09-29T10-24-40-196Z,deno,runtime,deno,,,"deno 2.9.7 (stable, release, x86_64-unknown-linux-gnu)",boundary,sum_i32,sum_i32/wasm.copy/1000,wasm.copy,wasm,WebAssembly,copy,js-to-wasm-memory-copy,,1000,int32array,4000,,runtime,3,528.5264554455446,529.48274080746,529.9859933213188,529.48274080746,528.5264554455446,529.9859933213188,0.002756535318882045,stable,false,true
2026-09-29T10-24-40-196Z/deno/case/sum_i32/wasm.resident/1000,2026-09-29T10-24-40-196Z,deno,runtime,deno,,,"deno 2.9.7 (stable, release, x86_64-unknown-linux-gnu)",boundary,sum_i32,sum_i32/wasm.resident/1000,wasm.resident,wasm,WebAssembly,resident,wasm-memory-resident,,1000,int32array,4000,,case,3,451.5151265622885,452.47046585255544,452.7071246071405,452.47046585255544,451.5151265622885,452.7071246071405,0.002634421768514726,stable,false,true
2026-09-29T10-24-40-196Z/deno/runtime/sum_i32/wasm.resident/1000,2026-09-29T10-24-40-196Z,deno,runtime,deno,,,"deno 2.9.7 (stable, release, x86_64-unknown-linux-gnu)",boundary,sum_i32,sum_i32/wasm.resident/1000,wasm.resident,wasm,WebAssembly,resident,wasm-memory-resident,,1000,int32array,4000,,runtime,3,451.4095010376252,451.4301242586203,451.2363144242697,451.4095010376252,451.2363144242697,451.4301242586203,0.00042934371984880833,stable,false,true
2026-09-29T10-24-40-196Z/deno/case/sum_i32/wasm.simd128.copy/1000,2026-09-29T10-24-40-196Z,deno,runtime,deno,,,"deno 2.9.7 (stable, release, x86_64-unknown-linux-gnu)",boundary,sum_i32,sum_i32/wasm.simd128.copy/1000,wasm.simd128.copy,wasm,WebAssembly+simd128,copy,js-to-wasm-memory-copy,,1000,int32array,4000,,case,3,225.8261205038012,225.49850456530817,232.76943335808429,225.8261205038012,225.49850456530817,232.76943335808429,0.03219702298633665,stable,false,true
2026-09-29T10-24-40-196Z/deno/runtime/sum_i32/wasm.simd128.copy/1000,2026-09-29T10-24-40-196Z,deno,runtime,deno,,,"deno 2.9.7 (stable, release, x86_64-unknown-linux-gnu)",boundary,sum_i32,sum_i32/wasm.simd128.copy/1000,wasm.simd128.copy,wasm,WebAssembly+simd128,copy,js-to-wasm-memory-copy,,1000,int32array,4000,,runtime,3,230.3661585611743,230.43498632445096,231.1465188158092,230.43498632445096,230.3661585611743,231.1465188158092,0.0033864660357440586,stable,false,true
2026-09-29T10-24-40-196Z/deno/case/sum_i32/wasm.simd128.resident/1000,2026-09-29T10-24-40-196Z,deno,runtime,deno,,,"deno 2.9.7 (stable, release, x86_64-unknown-linux-gnu)",boundary,sum_i32,sum_i32/wasm.simd128.resident/1000,wasm.simd128.resident,wasm,WebAssembly+simd128,resident,wasm-memory-resident,,1000,int32array,4000,,case,3,152.06367775725374,151.69681214940482,151.32471358929814,151.69681214940482,151.32471358929814,152.06367775725374,0.004871322986193023,stable,false,true
2026-09-29T10-24-40-196Z/deno/runtime/sum_i32/wasm.simd128.resident/1000,2026-09-29T10-24-40-196Z,deno,runtime,deno,,,"deno 2.9.7 (stable, release, x86_64-unknown-linux-gnu)",boundary,sum_i32,sum_i32/wasm.simd128.resident/1000,wasm.simd128.resident,wasm,WebAssembly+simd128,resident,wasm-memory-resident,,1000,int32array,4000,,runtime,3,151.0571686210535,150.7959098245667,151.2844504061855,151.0571686210535,150.7959098245667,151.2844504061855,0.003234143642956529,stable,false,true
2026-09-29T10-24-40-196Z/deno/case/sum_i32/ts/10000,2026-09-29T10-24-40-196Z,deno,runtime,deno,,,"deno 2.9.7 (stable, release, x86_64-unknown-linux-gnu)",boundary,sum_i32,sum_i32/ts/10000,ts,ts,none,,,,10000,int32array,40000,,case,3,82301.62139917695,86783.2847826087,86801.59565217391,86783.2847826087,82301.62139917695,86801.59565217391,0.05185300676586924,unstable,true,true
2026-09-29T10-24-40-196Z/deno/runtime/sum_i32/ts/10000,2026-09-29T10-24-40-196Z,deno,runtime,deno,,,"deno 2.9.7 (stable, release, x86_64-unknown-linux-gnu)",boundary,sum_i32,sum_i32/ts/10000,ts,ts,none,,,,10000,int32array,40000,,runtime,3,9331.02824858757,9407.335296889727,9329.122496506754,9331.02824858757,9329.122496506754,9407.335296889727,0.008382013032144876,stable,true,true
2026-09-29T10-24-40-196Z/deno/case/sum_i32/napi/10000,2026-09-29T10-24-40-196Z,deno,runtime,deno,,,"deno 2.9.7 (stable, release, x86_64-unknown-linux-gnu)",boundary,sum_i32,sum_i32/napi/10000,napi,napi,node-api,,,,10000,int32array,40000,,case,3,780.0624487084294,775.5361138370952,777.9823005376554,777.9823005376554,775.5361138370952,780.0624487084294,0.005818043505882015,stable,false,true
2026-09-29T10-24-40-196Z/deno/runtime/sum_i32/napi/10000,2026-09-29T10-24-40-196Z,deno,runtime,deno,,,"deno 2.9.7 (stable, release, x86_64-unknown-linux-gnu)",boundary,sum_i32,sum_i32/napi/10000,napi,napi,node-api,,,,10000,int32array,40000,,runtime,3,774.048119255426,776.309903155264,774.0636866323808,774.0636866323808,774.048119255426,776.309903155264,0.002921960994809247,stable,false,true
2026-09-29T10-24-40-196Z/deno/case/sum_i32/ffi/10000,2026-09-29T10-24-40-196Z,deno,runtime,deno,,,"deno 2.9.7 (stable, release, x86_64-unknown-linux-gnu)",boundary,sum_i32,sum_i32/ffi/10000,ffi,ffi,Deno.dlopen,,,,10000,int32array,40000,,case,3,714.0456417013218,713.8649707264781,715.2365894039735,714.0456417013218,713.8649707264781,715.2365894039735,0.0019209117700478826,stable,false,true
2026-09-29T10-24-40-196Z/deno/runtime/sum_i32/ffi/10000,2026-09-29T10-24-40-196Z,deno,runtime,deno,,,"deno 2.9.7 (stable, release, x86_64-unknown-linux-gnu)",boundary,sum_i32,sum_i32/ffi/10000,ffi,ffi,Deno.dlopen,,,,10000,int32array,40000,,runtime,3,716.3816548954935,715.5979779214747,714.0029807589333,715.5979779214747,714.0029807589333,716.3816548954935,0.003324036973202909,stable,false,true
2026-09-29T10-24-40-196Z/deno/case/sum_i32/wasm.copy/10000,2026-09-29T10-24-40-196Z,deno,runtime,deno,,,"deno 2.9.7 (stable, release, x86_64-unknown-linux-gnu)",boundary,sum_i32,sum_i32/wasm.copy/10000,wasm.copy,wasm,WebAssembly,copy,js-to-wasm-memory-copy,,10000,int32array,40000,,case,3,5571.9743409983175,5649.255370265687,5568.94469273743,5571.9743409983175,5568.94469273743,5649.255370265687,0.01441332508251782,stable,false,true
2026-09-29T10-24-40-196Z/deno/runtime/sum_i32/wasm.copy/10000,2026-09-29T10-24-40-196Z,deno,runtime,deno,,,"deno 2.9.7 (stable, release, x86_64-unknown-linux-gnu)",boundary,sum_i32,sum_i32/wasm.copy/10000,wasm.copy,wasm,WebAssembly,copy,js-to-wasm-memory-copy,,10000,int32array,40000,,runtime,3,5561.953042511808,5588.619938564647,5643.560665914221,5588.619938564647,5561.953042511808,5643.560665914221,0.014602464347105482,stable,false,true
2026-09-29T10-24-40-196Z/deno/case/sum_i32/wasm.resident/10000,2026-09-29T10-24-40-196Z,deno,runtime,deno,,,"deno 2.9.7 (stable, release, x86_64-unknown-linux-gnu)",boundary,sum_i32,sum_i32/wasm.resident/10000,wasm.resident,wasm,WebAssembly,resident,wasm-memory-resident,,10000,int32array,40000,,case,3,4397.66043956044,4405.888680907289,4395.539679050341,4397.66043956044,4395.539679050341,4405.888680907289,0.002353297167705529,stable,false,true
2026-09-29T10-24-40-196Z/deno/runtime/sum_i32/wasm.resident/10000,2026-09-29T10-24-40-196Z,deno,runtime,deno,,,"deno 2.9.7 (stable, release, x86_64-unknown-linux-gnu)",boundary,sum_i32,sum_i32/wasm.resident/10000,wasm.resident,wasm,WebAssembly,resident,wasm-memory-resident,,10000,int32array,40000,,runtime,3,4396.365553602812,4390.350405790743,4388.7410655558,4390.350405790743,4388.7410655558,4396.365553602812,0.001736646814558512,stable,false,true
2026-09-29T10-24-40-196Z/deno/case/sum_i32/wasm.simd128.copy/10000,2026-09-29T10-24-40-196Z,deno,runtime,deno,,,"deno 2.9.7 (stable, release, x86_64-unknown-linux-gnu)",boundary,sum_i32,sum_i32/wasm.simd128.copy/10000,wasm.simd128.copy,wasm,WebAssembly+simd128,copy,js-to-wasm-memory-copy,,10000,int32array,40000,,case,3,2553.343978923018,2517.1893302775657,2556.010966326926,2553.343978923018,2517.1893302775657,2556.010966326926,0.015204232712011998,stable,false,true
2026-09-29T10-24-40-196Z/deno/runtime/sum_i32/wasm.simd128.copy/10000,2026-09-29T10-24-40-196Z,deno,runtime,deno,,,"deno 2.9.7 (stable, release, x86_64-unknown-linux-gnu)",boundary,sum_i32,sum_i32/wasm.simd128.copy/10000,wasm.simd128.copy,wasm,WebAssembly+simd128,copy,js-to-wasm-memory-copy,,10000,int32array,40000,,runtime,3,2480.6399082568805,2551.1509240246405,2485.522998508205,2485.522998508205,2480.6399082568805,2551.1509240246405,0.028368683697588097,stable,false,true
2026-09-29T10-24-40-196Z/deno/case/sum_i32/wasm.simd128.resident/10000,2026-09-29T10-24-40-196Z,deno,runtime,deno,,,"deno 2.9.7 (stable, release, x86_64-unknown-linux-gnu)",boundary,sum_i32,sum_i32/wasm.simd128.resident/10000,wasm.simd128.resident,wasm,WebAssembly+simd128,resident,wasm-memory-resident,,10000,int32array,40000,,case,3,1305.1302432610123,1304.8191363696023,1305.308104377547,1305.1302432610123,1304.8191363696023,1305.308104377547,0.000374650737326268,stable,false,true
2026-09-29T10-24-40-196Z/deno/runtime/sum_i32/wasm.simd128.resident/10000,2026-09-29T10-24-40-196Z,deno,runtime,deno,,,"deno 2.9.7 (stable, release, x86_64-unknown-linux-gnu)",boundary,sum_i32,sum_i32/wasm.simd128.resident/10000,wasm.simd128.resident,wasm,WebAssembly+simd128,resident,wasm-memory-resident,,10000,int32array,40000,,runtime,3,1302.7269383503678,1305.441318537859,1304.8765024823622,1304.8765024823622,1302.7269383503678,1305.441318537859,0.0020801816741487207,stable,false,true
2026-09-29T10-24-40-196Z/deno/case/sum_i32/ts/100000,2026-09-29T10-24-40-196Z,deno,runtime,deno,,,"deno 2.9.7 (stable, release, x86_64-unknown-linux-gnu)",boundary,sum_i32,sum_i32/ts/100000,ts,ts,none,,,,100000,int32array,400000,,case,3,823508.0696428572,822715.3489208634,822689.1245487365,822715.3489208634,822689.1245487365,823508.0696428572,0.0009954173034390085,stable,true,true
2026-09-29T10-24-40-196Z/deno/runtime/sum_i32/ts/100000,2026-09-29T10-24-40-196Z,deno,runtime,deno,,,"deno 2.9.7 (stable, release, x86_64-unknown-linux-gnu)",boundary,sum_i32,sum_i32/ts/100000,ts,ts,none,,,,100000,int32array,400000,,runtime,3,93061.7558139535,93063.22790697674,93040.78372093022,93061.7558139535,93040.78372093022,93063.22790697674,0.000241175183620924,stable,true,true
2026-09-29T10-24-40-196Z/deno/case/sum_i32/napi/100000,2026-09-29T10-24-40-196Z,deno,runtime,deno,,,"deno 2.9.7 (stable, release, x86_64-unknown-linux-gnu)",boundary,sum_i32,sum_i32/napi/100000,napi,napi,node-api,,,,100000,int32array,400000,,case,3,7512.72846934938,7651.167242040659,7654.3823303947875,7651.167242040659,7512.72846934938,7654.3823303947875,0.018514019699774124,stable,false,true
2026-09-29T10-24-40-196Z/deno/runtime/sum_i32/napi/100000,2026-09-29T10-24-40-196Z,deno,runtime,deno,,,"deno 2.9.7 (stable, release, x86_64-unknown-linux-gnu)",boundary,sum_i32,sum_i32/napi/100000,napi,napi,node-api,,,,100000,int32array,400000,,runtime,3,7503.233958724202,7511.7523487410745,7508.494179496808,7508.494179496808,7503.233958724202,7511.7523487410745,0.0011345004488560566,stable,false,true
2026-09-29T10-24-40-196Z/deno/case/sum_i32/ffi/100000,2026-09-29T10-24-40-196Z,deno,runtime,deno,,,"deno 2.9.7 (stable, release, x86_64-unknown-linux-gnu)",boundary,sum_i32,sum_i32/ffi/100000,ffi,ffi,Deno.dlopen,,,,100000,int32array,400000,,case,3,7428.829142857143,7528.252617293525,7531.195339805825,7528.252617293525,7428.829142857143,7531.195339805825,0.01359760387337847,stable,false,true
2026-09-29T10-24-40-196Z/deno/runtime/sum_i32/ffi/100000,2026-09-29T10-24-40-196Z,deno,runtime,deno,,,"deno 2.9.7 (stable, release, x86_64-unknown-linux-gnu)",boundary,sum_i32,sum_i32/ffi/100000,ffi,ffi,Deno.dlopen,,,,100000,int32array,400000,,runtime,3,7432.301374953549,7436.216995165489,7432.6144981412635,7432.6144981412635,7432.301374953549,7436.216995165489,0.0005268159962982776,stable,false,true
2026-09-29T10-24-40-196Z/deno/case/sum_i32/wasm.copy/100000,2026-09-29T10-24-40-196Z,deno,runtime,deno,,,"deno 2.9.7 (stable, release, x86_64-unknown-linux-gnu)",boundary,sum_i32,sum_i32/wasm.copy/100000,wasm.copy,wasm,WebAssembly,copy,js-to-wasm-memory-copy,,100000,int32array,400000,,case,3,56396.50284900285,57309.689306358385,56268.74501424501,56396.50284900285,56268.74501424501,57309.689306358385,0.018457603566313673,stable,false,true
2026-09-29T10-24-40-196Z/deno/runtime/sum_i32/wasm.copy/100000,2026-09-29T10-24-40-196Z,deno,runtime,deno,,,"deno 2.9.7 (stable, release, x86_64-unknown-linux-gnu)",boundary,sum_i32,sum_i32/wasm.copy/100000,wasm.copy,wasm,WebAssembly,copy,js-to-wasm-memory-copy,,100000,int32array,400000,,runtime,3,56533.77118644068,56506.50564971751,56085.71348314607,56506.50564971751,56085.71348314607,56533.77118644068,0.007929311822467106,stable,false,true
2026-09-29T10-24-40-196Z/deno/case/sum_i32/wasm.resident/100000,2026-09-29T10-24-40-196Z,deno,runtime,deno,,,"deno 2.9.7 (stable, release, x86_64-unknown-linux-gnu)",boundary,sum_i32,sum_i32/wasm.resident/100000,wasm.resident,wasm,WebAssembly,resident,wasm-memory-resident,,100000,int32array,400000,,case,3,43801.62111111111,43800.810421286034,43739.08093126386,43800.810421286034,43739.08093126386,43801.62111111111,0.0014278315685423773,stable,false,true
2026-09-29T10-24-40-196Z/deno/runtime/sum_i32/wasm.resident/100000,2026-09-29T10-24-40-196Z,deno,runtime,deno,,,"deno 2.9.7 (stable, release, x86_64-unknown-linux-gnu)",boundary,sum_i32,sum_i32/wasm.resident/100000,wasm.resident,wasm,WebAssembly,resident,wasm-memory-resident,,100000,int32array,400000,,runtime,3,43819.237417943106,43806.843544857766,43794.556892778994,43806.843544857766,43794.556892778994,43819.237417943106,0.0005633942819651002,stable,false,true
2026-09-29T10-24-40-196Z/deno/case/sum_i32/wasm.simd128.copy/100000,2026-09-29T10-24-40-196Z,deno,runtime,deno,,,"deno 2.9.7 (stable, release, x86_64-unknown-linux-gnu)",boundary,sum_i32,sum_i32/wasm.simd128.copy/100000,wasm.simd128.copy,wasm,WebAssembly+simd128,copy,js-to-wasm-memory-copy,,100000,int32array,400000,,case,3,25355.505739795917,25765.457846952013,25507.723363286263,25507.723363286263,25355.505739795917,25765.457846952013,0.016071685478059847,stable,false,true
2026-09-29T10-24-40-196Z/deno/runtime/sum_i32/wasm.simd128.copy/100000,2026-09-29T10-24-40-196Z,deno,runtime,deno,,,"deno 2.9.7 (stable, release, x86_64-unknown-linux-gnu)",boundary,sum_i32,sum_i32/wasm.simd128.copy/100000,wasm.simd128.copy,wasm,WebAssembly+simd128,copy,js-to-wasm-memory-copy,,100000,int32array,400000,,runtime,3,26733.292389853137,25500.554209183672,26063.634640522876,26063.634640522876,25500.554209183672,26733.292389853137,0.04729724758928459,stable,false,true
2026-09-29T10-24-40-196Z/deno/case/sum_i32/wasm.simd128.resident/100000,2026-09-29T10-24-40-196Z,deno,runtime,deno,,,"deno 2.9.7 (stable, release, x86_64-unknown-linux-gnu)",boundary,sum_i32,sum_i32/wasm.simd128.resident/100000,wasm.simd128.resident,wasm,WebAssembly+simd128,resident,wasm-memory-resident,,100000,int32array,400000,,case,3,12912.959896507116,12914.292611795205,12944.477022653722,12914.292611795205,12912.959896507116,12944.477022653722,0.002440484128245609,stable,false,true
2026-09-29T10-24-40-196Z/deno/runtime/sum_i32/wasm.simd128.resident/100000,2026-09-29T10-24-40-196Z,deno,runtime,deno,,,"deno 2.9.7 (stable, release, x86_64-unknown-linux-gnu)",boundary,sum_i32,sum_i32/wasm.simd128.resident/100000,wasm.simd128.resident,wasm,WebAssembly+simd128,resident,wasm-memory-resident,,100000,int32array,400000,,runtime,3,12978.29299156392,13161.386842105263,12999.00553025374,12999.00553025374,12978.29299156392,13161.386842105263,0.014085219835872267,stable,false,true
2026-09-29T10-24-40-196Z/deno/case/sum_i32/ts/1000000,2026-09-29T10-24-40-196Z,deno,runtime,deno,,,"deno 2.9.7 (stable, release, x86_64-unknown-linux-gnu)",boundary,sum_i32,sum_i32/ts/1000000,ts,ts,none,,,,1000000,int32array,4000000,,case,3,8223845.58,8677767.634615384,8222485.38,8223845.58,8222485.38,8677767.634615384,0.05536123583383045,unstable,true,true
2026-09-29T10-24-40-196Z/deno/runtime/sum_i32/ts/1000000,2026-09-29T10-24-40-196Z,deno,runtime,deno,,,"deno 2.9.7 (stable, release, x86_64-unknown-linux-gnu)",boundary,sum_i32,sum_i32/ts/1000000,ts,ts,none,,,,1000000,int32array,4000000,,runtime,3,931304.0909090908,931354.1428571428,933429.1428571428,931354.1428571428,931304.0909090908,933429.1428571428,0.0022816798146545318,stable,true,true
2026-09-29T10-24-40-196Z/deno/case/sum_i32/napi/1000000,2026-09-29T10-24-40-196Z,deno,runtime,deno,,,"deno 2.9.7 (stable, release, x86_64-unknown-linux-gnu)",boundary,sum_i32,sum_i32/napi/1000000,napi,napi,node-api,,,,1000000,int32array,4000000,,case,3,121401.3262195122,127839.29487179487,127654.33333333334,127654.33333333334,121401.3262195122,127839.29487179487,0.05043282499052922,unstable,false,true
2026-09-29T10-24-40-196Z/deno/runtime/sum_i32/napi/1000000,2026-09-29T10-24-40-196Z,deno,runtime,deno,,,"deno 2.9.7 (stable, release, x86_64-unknown-linux-gnu)",boundary,sum_i32,sum_i32/napi/1000000,napi,napi,node-api,,,,1000000,int32array,4000000,,runtime,3,121860.43597560975,121986.24390243902,121326.44545454546,121860.43597560975,121326.44545454546,121986.24390243902,0.005414377870973743,stable,false,true
2026-09-29T10-24-40-196Z/deno/case/sum_i32/ffi/1000000,2026-09-29T10-24-40-196Z,deno,runtime,deno,,,"deno 2.9.7 (stable, release, x86_64-unknown-linux-gnu)",boundary,sum_i32,sum_i32/ffi/1000000,ffi,ffi,Deno.dlopen,,,,1000000,int32array,4000000,,case,3,122266.47115384616,128920.2,122387.04166666666,122387.04166666666,122266.47115384616,128920.2,0.054366285478784075,unstable,false,true
2026-09-29T10-24-40-196Z/deno/runtime/sum_i32/ffi/1000000,2026-09-29T10-24-40-196Z,deno,runtime,deno,,,"deno 2.9.7 (stable, release, x86_64-unknown-linux-gnu)",boundary,sum_i32,sum_i32/ffi/1000000,ffi,ffi,Deno.dlopen,,,,1000000,int32array,4000000,,runtime,3,121603.19090909092,121649.02743902439,121066.0696969697,121603.19090909092,121066.0696969697,121649.02743902439,0.00479393458096422,stable,false,true
2026-09-29T10-24-40-196Z/deno/case/sum_i32/wasm.copy/1000000,2026-09-29T10-24-40-196Z,deno,runtime,deno,,,"deno 2.9.7 (stable, release, x86_64-unknown-linux-gnu)",boundary,sum_i32,sum_i32/wasm.copy/1000000,wasm.copy,wasm,WebAssembly,copy,js-to-wasm-memory-copy,,1000000,int32array,4000000,,case,3,701830.6607142857,706085.7142857143,703956.7678571428,703956.7678571428,701830.6607142857,706085.7142857143,0.00604448137402116,stable,false,true
2026-09-29T10-24-40-196Z/deno/runtime/sum_i32/wasm.copy/1000000,2026-09-29T10-24-40-196Z,deno,runtime,deno,,,"deno 2.9.7 (stable, release, x86_64-unknown-linux-gnu)",boundary,sum_i32,sum_i32/wasm.copy/1000000,wasm.copy,wasm,WebAssembly,copy,js-to-wasm-memory-copy,,1000000,int32array,4000000,,runtime,3,701808.5892857143,702002.5357142857,702737.6964285714,702002.5357142857,701808.5892857143,702737.6964285714,0.0013235096678271669,stable,false,true
2026-09-29T10-24-40-196Z/deno/case/sum_i32/wasm.resident/1000000,2026-09-29T10-24-40-196Z,deno,runtime,deno,,,"deno 2.9.7 (stable, release, x86_64-unknown-linux-gnu)",boundary,sum_i32,sum_i32/wasm.resident/1000000,wasm.resident,wasm,WebAssembly,resident,wasm-memory-resident,,1000000,int32array,4000000,,case,3,438384.7555555556,452470.05681818177,452566.95454545453,452470.05681818177,438384.7555555556,452566.95454545453,0.03134395033702276,stable,false,true
2026-09-29T10-24-40-196Z/deno/runtime/sum_i32/wasm.resident/1000000,2026-09-29T10-24-40-196Z,deno,runtime,deno,,,"deno 2.9.7 (stable, release, x86_64-unknown-linux-gnu)",boundary,sum_i32,sum_i32/wasm.resident/1000000,wasm.resident,wasm,WebAssembly,resident,wasm-memory-resident,,1000000,int32array,4000000,,runtime,3,438369.95652173914,439542.8409090909,439244.57608695654,439244.57608695654,438369.95652173914,439542.8409090909,0.0026702307807656414,stable,false,true
2026-09-29T10-24-40-196Z/deno/case/sum_i32/wasm.simd128.copy/1000000,2026-09-29T10-24-40-196Z,deno,runtime,deno,,,"deno 2.9.7 (stable, release, x86_64-unknown-linux-gnu)",boundary,sum_i32,sum_i32/wasm.simd128.copy/1000000,wasm.simd128.copy,wasm,WebAssembly+simd128,copy,js-to-wasm-memory-copy,,1000000,int32array,4000000,,case,3,423884.2021276596,411924.670212766,423437.3723404255,423437.3723404255,411924.670212766,423884.2021276596,0.02824392152442946,stable,false,true
2026-09-29T10-24-40-196Z/deno/runtime/sum_i32/wasm.simd128.copy/1000000,2026-09-29T10-24-40-196Z,deno,runtime,deno,,,"deno 2.9.7 (stable, release, x86_64-unknown-linux-gnu)",boundary,sum_i32,sum_i32/wasm.simd128.copy/1000000,wasm.simd128.copy,wasm,WebAssembly+simd128,copy,js-to-wasm-memory-copy,,1000000,int32array,4000000,,runtime,3,411324.9081632653,411046.612244898,412616.7604166667,411324.9081632653,411046.612244898,412616.7604166667,0.0038172941648004126,stable,false,true
2026-09-29T10-24-40-196Z/deno/case/sum_i32/wasm.simd128.resident/1000000,2026-09-29T10-24-40-196Z,deno,runtime,deno,,,"deno 2.9.7 (stable, release, x86_64-unknown-linux-gnu)",boundary,sum_i32,sum_i32/wasm.simd128.resident/1000000,wasm.simd128.resident,wasm,WebAssembly+simd128,resident,wasm-memory-resident,,1000000,int32array,4000000,,case,3,158435.48015873018,158544.316,158696.67460317462,158544.316,158435.48015873018,158696.67460317462,0.0016474538541289489,stable,true,true
2026-09-29T10-24-40-196Z/deno/runtime/sum_i32/wasm.simd128.resident/1000000,2026-09-29T10-24-40-196Z,deno,runtime,deno,,,"deno 2.9.7 (stable, release, x86_64-unknown-linux-gnu)",boundary,sum_i32,sum_i32/wasm.simd128.resident/1000000,wasm.simd128.resident,wasm,WebAssembly+simd128,resident,wasm-memory-resident,,1000000,int32array,4000000,,runtime,3,146119.3503649635,144055.74460431654,144054.72661870503,144055.74460431654,144054.72661870503,146119.3503649635,0.01433211672279679,stable,true,true
2026-09-29T10-24-40-196Z/deno/case/string_len/ts/ascii/16,2026-09-29T10-24-40-196Z,deno,runtime,deno,,,"deno 2.9.7 (stable, release, x86_64-unknown-linux-gnu)",payload,string_len,string_len/ts/ascii/16,ts,ts,none,,,ascii,16,string-ascii,16,,case,3,52.89125479798979,52.82265573770492,52.08801407238727,52.82265573770492,52.08801407238727,52.89125479798979,0.015206367691754772,stable,false,true
2026-09-29T10-24-40-196Z/deno/runtime/string_len/ts/ascii/16,2026-09-29T10-24-40-196Z,deno,runtime,deno,,,"deno 2.9.7 (stable, release, x86_64-unknown-linux-gnu)",payload,string_len,string_len/ts/ascii/16,ts,ts,none,,,ascii,16,string-ascii,16,,runtime,3,53.966919338008296,53.9655173341295,54.084544712127396,53.966919338008296,53.9655173341295,54.084544712127396,0.0022055618415495796,stable,false,true
2026-09-29T10-24-40-196Z/deno/case/string_len/napi/ascii/16,2026-09-29T10-24-40-196Z,deno,runtime,deno,,,"deno 2.9.7 (stable, release, x86_64-unknown-linux-gnu)",payload,string_len,string_len/napi/ascii/16,napi,napi,node-api,,,ascii,16,string-ascii,16,,case,3,93.49877302628492,93.23665301140987,93.62990855172544,93.49877302628492,93.23665301140987,93.62990855172544,0.004205996801744236,stable,false,true
2026-09-29T10-24-40-196Z/deno/runtime/string_len/napi/ascii/16,2026-09-29T10-24-40-196Z,deno,runtime,deno,,,"deno 2.9.7 (stable, release, x86_64-unknown-linux-gnu)",payload,string_len,string_len/napi/ascii/16,napi,napi,node-api,,,ascii,16,string-ascii,16,,runtime,3,93.87457488682875,92.9651867974458,93.36714246436176,93.36714246436176,92.9651867974458,93.87457488682875,0.009739915621066278,stable,false,true
2026-09-29T10-24-40-196Z/deno/case/string_len/ffi/ascii/16,2026-09-29T10-24-40-196Z,deno,runtime,deno,,,"deno 2.9.7 (stable, release, x86_64-unknown-linux-gnu)",payload,string_len,string_len/ffi/ascii/16,ffi,ffi,Deno.dlopen,,,ascii,16,string-ascii,16,,case,3,130.42962847976818,129.8523552259427,129.65333367998232,129.8523552259427,129.65333367998232,130.42962847976818,0.005978288175328883,stable,false,true
2026-09-29T10-24-40-196Z/deno/runtime/string_len/ffi/ascii/16,2026-09-29T10-24-40-196Z,deno,runtime,deno,,,"deno 2.9.7 (stable, release, x86_64-unknown-linux-gnu)",payload,string_len,string_len/ffi/ascii/16,ffi,ffi,Deno.dlopen,,,ascii,16,string-ascii,16,,runtime,3,129.82712630631335,130.1489611674499,130.6103461048582,130.1489611674499,129.82712630631335,130.6103461048582,0.00601787207150395,stable,false,true
2026-09-29T10-24-40-196Z/deno/case/string_len/ts/ascii/64,2026-09-29T10-24-40-196Z,deno,runtime,deno,,,"deno 2.9.7 (stable, release, x86_64-unknown-linux-gnu)",payload,string_len,string_len/ts/ascii/64,ts,ts,none,,,ascii,64,string-ascii,64,,case,3,158.21715526172193,158.33751451892005,158.2222098983545,158.2222098983545,158.21715526172193,158.33751451892005,0.0007606976117666355,stable,false,true
2026-09-29T10-24-40-196Z/deno/runtime/string_len/ts/ascii/64,2026-09-29T10-24-40-196Z,deno,runtime,deno,,,"deno 2.9.7 (stable, release, x86_64-unknown-linux-gnu)",payload,string_len,string_len/ts/ascii/64,ts,ts,none,,,ascii,64,string-ascii,64,,runtime,3,158.0736877443817,158.02085737774897,158.27512474398816,158.0736877443817,158.02085737774897,158.27512474398816,0.0016085369416468734,stable,false,true
2026-09-29T10-24-40-196Z/deno/case/string_len/napi/ascii/64,2026-09-29T10-24-40-196Z,deno,runtime,deno,,,"deno 2.9.7 (stable, release, x86_64-unknown-linux-gnu)",payload,string_len,string_len/napi/ascii/64,napi,napi,node-api,,,ascii,64,string-ascii,64,,case,3,80.2074704007928,80.4442230190843,80.20381429905405,80.2074704007928,80.20381429905405,80.4442230190843,0.0029973357697100932,stable,false,true
2026-09-29T10-24-40-196Z/deno/runtime/string_len/napi/ascii/64,2026-09-29T10-24-40-196Z,deno,runtime,deno,,,"deno 2.9.7 (stable, release, x86_64-unknown-linux-gnu)",payload,string_len,string_len/napi/ascii/64,napi,napi,node-api,,,ascii,64,string-ascii,64,,runtime,3,80.27405058787251,79.43331223129965,81.30843565073869,80.27405058787251,79.43331223129965,81.30843565073869,0.02335902331708575,stable,false,true
2026-09-29T10-24-40-196Z/deno/case/string_len/ffi/ascii/64,2026-09-29T10-24-40-196Z,deno,runtime,deno,,,"deno 2.9.7 (stable, release, x86_64-unknown-linux-gnu)",payload,string_len,string_len/ffi/ascii/64,ffi,ffi,Deno.dlopen,,,ascii,64,string-ascii,64,,case,3,119.09752357586444,118.89910824344011,118.79832856175531,118.89910824344011,118.79832856175531,119.09752357586444,0.002516377275904742,stable,false,true
2026-09-29T10-24-40-196Z/deno/runtime/string_len/ffi/ascii/64,2026-09-29T10-24-40-196Z,deno,runtime,deno,,,"deno 2.9.7 (stable, release, x86_64-unknown-linux-gnu)",payload,string_len,string_len/ffi/ascii/64,ffi,ffi,Deno.dlopen,,,ascii,64,string-ascii,64,,runtime,3,118.68276018045685,119.05266251462022,118.88784950233345,118.88784950233345,118.68276018045685,119.05266251462022,0.0031113552453996595,stable,false,true
2026-09-29T10-24-40-196Z/deno/case/string_len/ts/ascii/1024,2026-09-29T10-24-40-196Z,deno,runtime,deno,,,"deno 2.9.7 (stable, release, x86_64-unknown-linux-gnu)",payload,string_len,string_len/ts/ascii/1024,ts,ts,none,,,ascii,1024,string-ascii,1024,,case,3,2262.6170731707316,2257.834426971377,2263.2594206178564,2262.6170731707316,2257.834426971377,2263.2594206178564,0.0023976631798667694,stable,false,true
2026-09-29T10-24-40-196Z/deno/runtime/string_len/ts/ascii/1024,2026-09-29T10-24-40-196Z,deno,runtime,deno,,,"deno 2.9.7 (stable, release, x86_64-unknown-linux-gnu)",payload,string_len,string_len/ts/ascii/1024,ts,ts,none,,,ascii,1024,string-ascii,1024,,runtime,3,2257.671198104693,2257.8827578424734,2262.875226244344,2257.8827578424734,2257.671198104693,2262.875226244344,0.002304826555575421,stable,false,true
2026-09-29T10-24-40-196Z/deno/case/string_len/napi/ascii/1024,2026-09-29T10-24-40-196Z,deno,runtime,deno,,,"deno 2.9.7 (stable, release, x86_64-unknown-linux-gnu)",payload,string_len,string_len/napi/ascii/1024,napi,napi,node-api,,,ascii,1024,string-ascii,1024,,case,3,126.09691039837088,123.94267396392769,170.99287191483592,126.09691039837088,123.94267396392769,170.99287191483592,0.37312728600776324,unstable,false,true
2026-09-29T10-24-40-196Z/deno/runtime/string_len/napi/ascii/1024,2026-09-29T10-24-40-196Z,deno,runtime,deno,,,"deno 2.9.7 (stable, release, x86_64-unknown-linux-gnu)",payload,string_len,string_len/napi/ascii/1024,napi,napi,node-api,,,ascii,1024,string-ascii,1024,,runtime,3,124.24006336847664,127.12249822434174,126.6648709001185,126.6648709001185,124.24006336847664,127.12249822434174,0.02275638727124304,stable,false,true
2026-09-29T10-24-40-196Z/deno/case/string_len/ffi/ascii/1024,2026-09-29T10-24-40-196Z,deno,runtime,deno,,,"deno 2.9.7 (stable, release, x86_64-unknown-linux-gnu)",payload,string_len,string_len/ffi/ascii/1024,ffi,ffi,Deno.dlopen,,,ascii,1024,string-ascii,1024,,case,3,137.32547849351718,138.52687727137942,137.69625717787358,137.69625717787358,137.32547849351718,138.52687727137942,0.008724992258215793,stable,false,true
2026-09-29T10-24-40-196Z/deno/runtime/string_len/ffi/ascii/1024,2026-09-29T10-24-40-196Z,deno,runtime,deno,,,"deno 2.9.7 (stable, release, x86_64-unknown-linux-gnu)",payload,string_len,string_len/ffi/ascii/1024,ffi,ffi,Deno.dlopen,,,ascii,1024,string-ascii,1024,,runtime,3,136.511705536458,140.32002696498196,137.91142051559302,137.91142051559302,136.511705536458,140.32002696498196,0.02761425713901166,stable,false,true
2026-09-29T10-24-40-196Z/deno/case/string_len/ts/ascii/65536,2026-09-29T10-24-40-196Z,deno,runtime,deno,,,"deno 2.9.7 (stable, release, x86_64-unknown-linux-gnu)",payload,string_len,string_len/ts/ascii/65536,ts,ts,none,,,ascii,65536,string-ascii,65536,,case,3,143667.4676258993,143677.05395683454,143688.9820143885,143677.05395683454,143667.4676258993,143688.9820143885,0.00014974129756064838,stable,false,true
2026-09-29T10-24-40-196Z/deno/runtime/string_len/ts/ascii/65536,2026-09-29T10-24-40-196Z,deno,runtime,deno,,,"deno 2.9.7 (stable, release, x86_64-unknown-linux-gnu)",payload,string_len,string_len/ts/ascii/65536,ts,ts,none,,,ascii,65536,string-ascii,65536,,runtime,3,143380.36785714288,143339.88928571428,143725.44964028778,143380.36785714288,143339.88928571428,143725.44964028778,0.002689073548462785,stable,false,true
2026-09-29T10-24-40-196Z/deno/case/string_len/napi/ascii/65536,2026-09-29T10-24-40-196Z,deno,runtime,deno,,,"deno 2.9.7 (stable, release, x86_64-unknown-linux-gnu)",payload,string_len,string_len/napi/ascii/65536,napi,napi,node-api,,,ascii,65536,string-ascii,65536,,case,3,3975.1636309047235,3768.94252116651,3461.023276474769,3768.94252116651,3461.023276474769,3975.1636309047235,0.13641501602704867,unstable,false,true
2026-09-29T10-24-40-196Z/deno/runtime/string_len/napi/ascii/65536,2026-09-29T10-24-40-196Z,deno,runtime,deno,,,"deno 2.9.7 (stable, release, x86_64-unknown-linux-gnu)",payload,string_len,string_len/napi/ascii/65536,napi,napi,node-api,,,ascii,65536,string-ascii,65536,,runtime,3,3244.591138211382,3677.786844526219,3804.2185714285715,3677.786844526219,3244.591138211382,3804.2185714285715,0.1521641837536352,unstable,false,true
2026-09-29T10-24-40-196Z/deno/case/string_len/ffi/ascii/65536,2026-09-29T10-24-40-196Z,deno,runtime,deno,,,"deno 2.9.7 (stable, release, x86_64-unknown-linux-gnu)",payload,string_len,string_len/ffi/ascii/65536,ffi,ffi,Deno.dlopen,,,ascii,65536,string-ascii,65536,,case,3,2218.1020396664417,2510.758670201016,2166.8180914512923,2218.1020396664417,2166.8180914512923,2510.758670201016,0.15506075581691692,unstable,false,true
2026-09-29T10-24-40-196Z/deno/runtime/string_len/ffi/ascii/65536,2026-09-29T10-24-40-196Z,deno,runtime,deno,,,"deno 2.9.7 (stable, release, x86_64-unknown-linux-gnu)",payload,string_len,string_len/ffi/ascii/65536,ffi,ffi,Deno.dlopen,,,ascii,65536,string-ascii,65536,,runtime,3,2150.6096760305672,2156.4907087294728,2168.255857898715,2156.4907087294728,2150.6096760305672,2168.255857898715,0.008182823045198408,stable,false,true
2026-09-29T10-24-40-196Z/deno/case/string_len/ts/ascii/1048576,2026-09-29T10-24-40-196Z,deno,runtime,deno,,,"deno 2.9.7 (stable, release, x86_64-unknown-linux-gnu)",payload,string_len,string_len/ts/ascii/1048576,ts,ts,none,,,ascii,1048576,string-ascii,1048576,,case,3,2300451.833333333,2295180.055555556,2300940.555555556,2300451.833333333,2295180.055555556,2300940.555555556,0.002504073294007243,stable,false,true
2026-09-29T10-24-40-196Z/deno/runtime/string_len/ts/ascii/1048576,2026-09-29T10-24-40-196Z,deno,runtime,deno,,,"deno 2.9.7 (stable, release, x86_64-unknown-linux-gnu)",payload,string_len,string_len/ts/ascii/1048576,ts,ts,none,,,ascii,1048576,string-ascii,1048576,,runtime,3,2293754.611111111,2293179.888888889,2300255.611111111,2293754.611111111,2293179.888888889,2300255.611111111,0.0030847773288156946,stable,false,true
2026-09-29T10-24-40-196Z/deno/case/string_len/napi/ascii/1048576,2026-09-29T10-24-40-196Z,deno,runtime,deno,,,"deno 2.9.7 (stable, release, x86_64-unknown-linux-gnu)",payload,string_len,string_len/napi/ascii/1048576,napi,napi,node-api,,,ascii,1048576,string-ascii,1048576,,case,3,87072.2423580786,86637.87608695653,87849.96916299559,87072.2423580786,86637.87608695653,87849.96916299559,0.013920545092366092,stable,false,true
2026-09-29T10-24-40-196Z/deno/runtime/string_len/napi/ascii/1048576,2026-09-29T10-24-40-196Z,deno,runtime,deno,,,"deno 2.9.7 (stable, release, x86_64-unknown-linux-gnu)",payload,string_len,string_len/napi/ascii/1048576,napi,napi,node-api,,,ascii,1048576,string-ascii,1048576,,runtime,3,86231.98922413793,85937.09012875537,87529.60745614035,86231.98922413793,85937.09012875537,87529.60745614035,0.01846782547536552,stable,false,true
2026-09-29T10-24-40-196Z/deno/case/string_len/ffi/ascii/1048576,2026-09-29T10-24-40-196Z,deno,runtime,deno,,,"deno 2.9.7 (stable, release, x86_64-unknown-linux-gnu)",payload,string_len,string_len/ffi/ascii/1048576,ffi,ffi,Deno.dlopen,,,ascii,1048576,string-ascii,1048576,,case,3,67014.65924657535,68928.88235294117,67360.94880546075,67360.94880546075,67014.65924657535,68928.88235294117,0.02841740118438838,stable,false,true
2026-09-29T10-24-40-196Z/deno/runtime/string_len/ffi/ascii/1048576,2026-09-29T10-24-40-196Z,deno,runtime,deno,,,"deno 2.9.7 (stable, release, x86_64-unknown-linux-gnu)",payload,string_len,string_len/ffi/ascii/1048576,ffi,ffi,Deno.dlopen,,,ascii,1048576,string-ascii,1048576,,runtime,3,67508.23141891892,68101.1955782313,66366.06644518272,67508.23141891892,66366.06644518272,68101.1955782313,0.025702482446641618,stable,false,true
2026-09-29T10-24-40-196Z/deno/case/string_len/ts/ascii/16777216,2026-09-29T10-24-40-196Z,deno,runtime,deno,,,"deno 2.9.7 (stable, release, x86_64-unknown-linux-gnu)",payload,string_len,string_len/ts/ascii/16777216,ts,ts,none,,,ascii,16777216,string-ascii,16777216,,case,3,36705018.5,36721376,36717603.5,36717603.5,36705018.5,36721376,0.000445494761116422,stable,false,true
2026-09-29T10-24-40-196Z/deno/runtime/string_len/ts/ascii/16777216,2026-09-29T10-24-40-196Z,deno,runtime,deno,,,"deno 2.9.7 (stable, release, x86_64-unknown-linux-gnu)",payload,string_len,string_len/ts/ascii/16777216,ts,ts,none,,,ascii,16777216,string-ascii,16777216,,runtime,3,36694898.5,36724701,36694146,36694898.5,36694146,36724701,0.0008326770545502394,stable,false,true
2026-09-29T10-24-40-196Z/deno/case/string_len/napi/ascii/16777216,2026-09-29T10-24-40-196Z,deno,runtime,deno,,,"deno 2.9.7 (stable, release, x86_64-unknown-linux-gnu)",payload,string_len,string_len/napi/ascii/16777216,napi,napi,node-api,,,ascii,16777216,string-ascii,16777216,,case,3,1854545.7727272727,1930011.75,1870602.6,1870602.6,1854545.7727272727,1930011.75,0.0403431371648512,stable,false,true
2026-09-29T10-24-40-196Z/deno/runtime/string_len/napi/ascii/16777216,2026-09-29T10-24-40-196Z,deno,runtime,deno,,,"deno 2.9.7 (stable, release, x86_64-unknown-linux-gnu)",payload,string_len,string_len/napi/ascii/16777216,napi,napi,node-api,,,ascii,16777216,string-ascii,16777216,,runtime,3,1848815,1898981.5,1899440.05,1898981.5,1848815,1899440.05,0.02665905381384708,stable,false,true
2026-09-29T10-24-40-196Z/deno/case/string_len/ffi/ascii/16777216,2026-09-29T10-24-40-196Z,deno,runtime,deno,,,"deno 2.9.7 (stable, release, x86_64-unknown-linux-gnu)",payload,string_len,string_len/ffi/ascii/16777216,ffi,ffi,Deno.dlopen,,,ascii,16777216,string-ascii,16777216,,case,3,1586490.1923076923,1588468.9615384615,1596214.625,1588468.9615384615,1586490.1923076923,1596214.625,0.006121890277849341,stable,false,true
2026-09-29T10-24-40-196Z/deno/runtime/string_len/ffi/ascii/16777216,2026-09-29T10-24-40-196Z,deno,runtime,deno,,,"deno 2.9.7 (stable, release, x86_64-unknown-linux-gnu)",payload,string_len,string_len/ffi/ascii/16777216,ffi,ffi,Deno.dlopen,,,ascii,16777216,string-ascii,16777216,,runtime,3,1582957.7307692308,1596645.4583333335,1607071.5833333335,1596645.4583333335,1582957.7307692308,1607071.5833333335,0.015102822256654339,stable,false,true
2026-09-29T10-24-40-196Z/deno/case/string_len/ts/utf8/16,2026-09-29T10-24-40-196Z,deno,runtime,deno,,,"deno 2.9.7 (stable, release, x86_64-unknown-linux-gnu)",payload,string_len,string_len/ts/utf8/16,ts,ts,none,,,utf8,16,string-utf8,16,,case,3,29.10317627628239,29.142362451579256,29.732095265221425,29.142362451579256,29.10317627628239,29.732095265221425,0.021580919871681595,stable,false,true
2026-09-29T10-24-40-196Z/deno/runtime/string_len/ts/utf8/16,2026-09-29T10-24-40-196Z,deno,runtime,deno,,,"deno 2.9.7 (stable, release, x86_64-unknown-linux-gnu)",payload,string_len,string_len/ts/utf8/16,ts,ts,none,,,utf8,16,string-utf8,16,,runtime,3,29.622739248182274,29.263650479361875,29.694236391087955,29.622739248182274,29.263650479361875,29.694236391087955,0.014535654792711381,stable,false,true
2026-09-29T10-24-40-196Z/deno/case/string_len/napi/utf8/16,2026-09-29T10-24-40-196Z,deno,runtime,deno,,,"deno 2.9.7 (stable, release, x86_64-unknown-linux-gnu)",payload,string_len,string_len/napi/utf8/16,napi,napi,node-api,,,utf8,16,string-utf8,16,,case,3,121.99178301202804,124.24266081978644,123.46122921989891,123.46122921989891,121.99178301202804,124.24266081978644,0.018231454700238913,stable,false,true
2026-09-29T10-24-40-196Z/deno/runtime/string_len/napi/utf8/16,2026-09-29T10-24-40-196Z,deno,runtime,deno,,,"deno 2.9.7 (stable, release, x86_64-unknown-linux-gnu)",payload,string_len,string_len/napi/utf8/16,napi,napi,node-api,,,utf8,16,string-utf8,16,,runtime,3,121.78539991640235,122.31628213660676,122.23109857914406,122.23109857914406,121.78539991640235,122.31628213660676,0.004343266373088027,stable,false,true
2026-09-29T10-24-40-196Z/deno/case/string_len/ffi/utf8/16,2026-09-29T10-24-40-196Z,deno,runtime,deno,,,"deno 2.9.7 (stable, release, x86_64-unknown-linux-gnu)",payload,string_len,string_len/ffi/utf8/16,ffi,ffi,Deno.dlopen,,,utf8,16,string-utf8,16,,case,3,139.05149455093388,138.76226344119726,139.45558472701714,139.05149455093388,138.76226344119726,139.45558472701714,0.004986075756028044,stable,false,true
2026-09-29T10-24-40-196Z/deno/runtime/string_len/ffi/utf8/16,2026-09-29T10-24-40-196Z,deno,runtime,deno,,,"deno 2.9.7 (stable, release, x86_64-unknown-linux-gnu)",payload,string_len,string_len/ffi/utf8/16,ffi,ffi,Deno.dlopen,,,utf8,16,string-utf8,16,,runtime,3,144.72300491782914,145.44709004247218,144.96745032326734,144.96745032326734,144.72300491782914,145.44709004247218,0.004994811752765052,stable,false,true
2026-09-29T10-24-40-196Z/deno/case/string_len/ts/utf8/64,2026-09-29T10-24-40-196Z,deno,runtime,deno,,,"deno 2.9.7 (stable, release, x86_64-unknown-linux-gnu)",payload,string_len,string_len/ts/utf8/64,ts,ts,none,,,utf8,64,string-utf8,64,,case,3,130.77222218635194,130.10530194790502,130.1309879028343,130.1309879028343,130.10530194790502,130.77222218635194,0.005124991742511734,stable,false,true
2026-09-29T10-24-40-196Z/deno/runtime/string_len/ts/utf8/64,2026-09-29T10-24-40-196Z,deno,runtime,deno,,,"deno 2.9.7 (stable, release, x86_64-unknown-linux-gnu)",payload,string_len,string_len/ts/utf8/64,ts,ts,none,,,utf8,64,string-utf8,64,,runtime,3,129.31197359804452,130.58034053512662,130.41835313958507,130.41835313958507,129.31197359804452,130.58034053512662,0.009725371518260086,stable,false,true
2026-09-29T10-24-40-196Z/deno/case/string_len/napi/utf8/64,2026-09-29T10-24-40-196Z,deno,runtime,deno,,,"deno 2.9.7 (stable, release, x86_64-unknown-linux-gnu)",payload,string_len,string_len/napi/utf8/64,napi,napi,node-api,,,utf8,64,string-utf8,64,,case,3,223.21159998603952,233.33582195173733,226.68781714311777,226.68781714311777,223.21159998603952,233.33582195173733,0.044661517735229486,stable,false,true
2026-09-29T10-24-40-196Z/deno/runtime/string_len/napi/utf8/64,2026-09-29T10-24-40-196Z,deno,runtime,deno,,,"deno 2.9.7 (stable, release, x86_64-unknown-linux-gnu)",payload,string_len,string_len/napi/utf8/64,napi,napi,node-api,,,utf8,64,string-utf8,64,,runtime,3,225.05168819167397,236.17907960140406,232.9672314073728,232.9672314073728,225.05168819167397,236.17907960140406,0.04776376206434124,stable,false,true
2026-09-29T10-24-40-196Z/deno/case/string_len/ffi/utf8/64,2026-09-29T10-24-40-196Z,deno,runtime,deno,,,"deno 2.9.7 (stable, release, x86_64-unknown-linux-gnu)",payload,string_len,string_len/ffi/utf8/64,ffi,ffi,Deno.dlopen,,,utf8,64,string-utf8,64,,case,3,218.3705224532588,217.94060954798056,218.21821952950165,218.21821952950165,217.94060954798056,218.3705224532588,0.0019701054577622367,stable,false,true
2026-09-29T10-24-40-196Z/deno/runtime/string_len/ffi/utf8/64,2026-09-29T10-24-40-196Z,deno,runtime,deno,,,"deno 2.9.7 (stable, release, x86_64-unknown-linux-gnu)",payload,string_len,string_len/ffi/utf8/64,ffi,ffi,Deno.dlopen,,,utf8,64,string-utf8,64,,runtime,3,221.9975785435471,225.80551231727125,225.39646649888837,225.39646649888837,221.9975785435471,225.80551231727125,0.016894380967338453,stable,false,true
2026-09-29T10-24-40-196Z/deno/case/string_len/ts/utf8/1024,2026-09-29T10-24-40-196Z,deno,runtime,deno,,,"deno 2.9.7 (stable, release, x86_64-unknown-linux-gnu)",payload,string_len,string_len/ts/utf8/1024,ts,ts,none,,,utf8,1024,string-utf8,1024,,case,3,2141.0466391085547,2139.5043672014262,2144.4345477274755,2141.0466391085547,2139.5043672014262,2144.4345477274755,0.0023026964644273355,stable,false,true
2026-09-29T10-24-40-196Z/deno/runtime/string_len/ts/utf8/1024,2026-09-29T10-24-40-196Z,deno,runtime,deno,,,"deno 2.9.7 (stable, release, x86_64-unknown-linux-gnu)",payload,string_len,string_len/ts/utf8/1024,ts,ts,none,,,utf8,1024,string-utf8,1024,,runtime,3,2140.9096153846153,2136.120134371334,2140.420831113479,2140.420831113479,2136.120134371334,2140.9096153846153,0.002237635208768543,stable,false,true
2026-09-29T10-24-40-196Z/deno/case/string_len/napi/utf8/1024,2026-09-29T10-24-40-196Z,deno,runtime,deno,,,"deno 2.9.7 (stable, release, x86_64-unknown-linux-gnu)",payload,string_len,string_len/napi/utf8/1024,napi,napi,node-api,,,utf8,1024,string-utf8,1024,,case,3,2311.67015615963,2322.2820303383896,2318.5261874346766,2318.5261874346766,2311.67015615963,2322.2820303383896,0.004576991295707985,stable,false,true
2026-09-29T10-24-40-196Z/deno/runtime/string_len/napi/utf8/1024,2026-09-29T10-24-40-196Z,deno,runtime,deno,,,"deno 2.9.7 (stable, release, x86_64-unknown-linux-gnu)",payload,string_len,string_len/napi/utf8/1024,napi,napi,node-api,,,utf8,1024,string-utf8,1024,,runtime,3,2309.3075541652183,2319.4698361036844,2310.2542598817668,2310.2542598817668,2309.3075541652183,2319.4698361036844,0.004398772081037598,stable,false,true
2026-09-29T10-24-40-196Z/deno/case/string_len/ffi/utf8/1024,2026-09-29T10-24-40-196Z,deno,runtime,deno,,,"deno 2.9.7 (stable, release, x86_64-unknown-linux-gnu)",payload,string_len,string_len/ffi/utf8/1024,ffi,ffi,Deno.dlopen,,,utf8,1024,string-utf8,1024,,case,3,2158.490491626148,2155.203483340545,2156.2601224105465,2156.2601224105465,2155.203483340545,2158.490491626148,0.001524402483466748,stable,false,true
2026-09-29T10-24-40-196Z/deno/runtime/string_len/ffi/utf8/1024,2026-09-29T10-24-40-196Z,deno,runtime,deno,,,"deno 2.9.7 (stable, release, x86_64-unknown-linux-gnu)",payload,string_len,string_len/ffi/utf8/1024,ffi,ffi,Deno.dlopen,,,utf8,1024,string-utf8,1024,,runtime,3,2147.777688172043,2167.460529181185,2157.68862243252,2157.68862243252,2147.777688172043,2167.460529181185,0.0091221878840665,stable,false,true
2026-09-29T10-24-40-196Z/deno/case/string_len/ts/utf8/65536,2026-09-29T10-24-40-196Z,deno,runtime,deno,,,"deno 2.9.7 (stable, release, x86_64-unknown-linux-gnu)",payload,string_len,string_len/ts/utf8/65536,ts,ts,none,,,utf8,65536,string-utf8,65536,,case,3,111701.77528089887,111824.33888888889,112168.35474860335,111824.33888888889,111701.77528089887,112168.35474860335,0.004172432158692032,stable,true,true
2026-09-29T10-24-40-196Z/deno/runtime/string_len/ts/utf8/65536,2026-09-29T10-24-40-196Z,deno,runtime,deno,,,"deno 2.9.7 (stable, release, x86_64-unknown-linux-gnu)",payload,string_len,string_len/ts/utf8/65536,ts,ts,none,,,utf8,65536,string-utf8,65536,,runtime,3,123781.371875,125700.23125000001,124366.69565217392,124366.69565217392,123781.371875,125700.23125000001,0.015429045251524885,stable,true,true
2026-09-29T10-24-40-196Z/deno/case/string_len/napi/utf8/65536,2026-09-29T10-24-40-196Z,deno,runtime,deno,,,"deno 2.9.7 (stable, release, x86_64-unknown-linux-gnu)",payload,string_len,string_len/napi/utf8/65536,napi,napi,node-api,,,utf8,65536,string-utf8,65536,,case,3,138424.6206896552,140567.64084507042,138579.08450704225,138579.08450704225,138424.6206896552,140567.64084507042,0.015464239520981443,stable,false,true
2026-09-29T10-24-40-196Z/deno/runtime/string_len/napi/utf8/65536,2026-09-29T10-24-40-196Z,deno,runtime,deno,,,"deno 2.9.7 (stable, release, x86_64-unknown-linux-gnu)",payload,string_len,string_len/napi/utf8/65536,napi,napi,node-api,,,utf8,65536,string-utf8,65536,,runtime,3,138345.69097222225,140522.57394366196,140750.90492957746,140522.57394366196,138345.69097222225,140750.90492957746,0.01711621051233737,stable,false,true
2026-09-29T10-24-40-196Z/deno/case/string_len/ffi/utf8/65536,2026-09-29T10-24-40-196Z,deno,runtime,deno,,,"deno 2.9.7 (stable, release, x86_64-unknown-linux-gnu)",payload,string_len,string_len/ffi/utf8/65536,ffi,ffi,Deno.dlopen,,,utf8,65536,string-utf8,65536,,case,3,129209.25,129137.23051948052,129116.82467532468,129137.23051948052,129116.82467532468,129209.25,0.0007157140067471014,stable,false,true
2026-09-29T10-24-40-196Z/deno/runtime/string_len/ffi/utf8/65536,2026-09-29T10-24-40-196Z,deno,runtime,deno,,,"deno 2.9.7 (stable, release, x86_64-unknown-linux-gnu)",payload,string_len,string_len/ffi/utf8/65536,ffi,ffi,Deno.dlopen,,,utf8,65536,string-utf8,65536,,runtime,3,128830.26129032258,128882.51612903226,129120.07096774194,128882.51612903226,128830.26129032258,129120.07096774194,0.0022486345403841135,stable,false,true
2026-09-29T10-24-40-196Z/deno/case/string_len/ts/utf8/1048576,2026-09-29T10-24-40-196Z,deno,runtime,deno,,,"deno 2.9.7 (stable, release, x86_64-unknown-linux-gnu)",payload,string_len,string_len/ts/utf8/1048576,ts,ts,none,,,utf8,1048576,string-utf8,1048576,,case,3,1808159.9545454546,1788819.772727273,1813494.2272727273,1808159.9545454546,1788819.772727273,1813494.2272727273,0.013646168019276346,stable,true,true
2026-09-29T10-24-40-196Z/deno/runtime/string_len/ts/utf8/1048576,2026-09-29T10-24-40-196Z,deno,runtime,deno,,,"deno 2.9.7 (stable, release, x86_64-unknown-linux-gnu)",payload,string_len,string_len/ts/utf8/1048576,ts,ts,none,,,utf8,1048576,string-utf8,1048576,,runtime,3,2077621.05,2110857.8499999996,2016306.3,2077621.05,2016306.3,2110857.8499999996,0.04550952638836595,stable,true,true
2026-09-29T10-24-40-196Z/deno/case/string_len/napi/utf8/1048576,2026-09-29T10-24-40-196Z,deno,runtime,deno,,,"deno 2.9.7 (stable, release, x86_64-unknown-linux-gnu)",payload,string_len,string_len/napi/utf8/1048576,napi,napi,node-api,,,utf8,1048576,string-utf8,1048576,,case,3,2214560.111111111,2250641.111111111,2251367.888888889,2250641.111111111,2214560.111111111,2251367.888888889,0.016354352364783064,stable,false,true
2026-09-29T10-24-40-196Z/deno/runtime/string_len/napi/utf8/1048576,2026-09-29T10-24-40-196Z,deno,runtime,deno,,,"deno 2.9.7 (stable, release, x86_64-unknown-linux-gnu)",payload,string_len,string_len/napi/utf8/1048576,napi,napi,node-api,,,utf8,1048576,string-utf8,1048576,,runtime,3,2214260.611111111,2249313.277777778,2251220.9444444445,2249313.277777778,2214260.611111111,2251220.9444444445,0.016431829971611897,stable,false,true
2026-09-29T10-24-40-196Z/deno/case/string_len/ffi/utf8/1048576,2026-09-29T10-24-40-196Z,deno,runtime,deno,,,"deno 2.9.7 (stable, release, x86_64-unknown-linux-gnu)",payload,string_len,string_len/ffi/utf8/1048576,ffi,ffi,Deno.dlopen,,,utf8,1048576,string-utf8,1048576,,case,3,2065970.2,2067519.35,2065467.35,2065970.2,2065467.35,2067519.35,0.0009932379469945888,stable,false,true
2026-09-29T10-24-40-196Z/deno/runtime/string_len/ffi/utf8/1048576,2026-09-29T10-24-40-196Z,deno,runtime,deno,,,"deno 2.9.7 (stable, release, x86_64-unknown-linux-gnu)",payload,string_len,string_len/ffi/utf8/1048576,ffi,ffi,Deno.dlopen,,,utf8,1048576,string-utf8,1048576,,runtime,3,2061059.2000000002,2063372.7,2065444.05,2063372.7,2061059.2000000002,2065444.05,0.0021250886958036523,stable,false,true
2026-09-29T10-24-40-196Z/deno/case/string_len/ts/utf8/16777216,2026-09-29T10-24-40-196Z,deno,runtime,deno,,,"deno 2.9.7 (stable, release, x86_64-unknown-linux-gnu)",payload,string_len,string_len/ts/utf8/16777216,ts,ts,none,,,utf8,16777216,string-utf8,16777216,,case,3,32574700,32603390.5,32800817.5,32603390.5,32574700,32800817.5,0.006935398329201376,stable,false,true
2026-09-29T10-24-40-196Z/deno/runtime/string_len/ts/utf8/16777216,2026-09-29T10-24-40-196Z,deno,runtime,deno,,,"deno 2.9.7 (stable, release, x86_64-unknown-linux-gnu)",payload,string_len,string_len/ts/utf8/16777216,ts,ts,none,,,utf8,16777216,string-utf8,16777216,,runtime,3,34304510,33499297.5,32897732.5,33499297.5,32897732.5,34304510,0.041994238834411377,stable,false,true
2026-09-29T10-24-40-196Z/deno/case/string_len/napi/utf8/16777216,2026-09-29T10-24-40-196Z,deno,runtime,deno,,,"deno 2.9.7 (stable, release, x86_64-unknown-linux-gnu)",payload,string_len,string_len/napi/utf8/16777216,napi,napi,node-api,,,utf8,16777216,string-utf8,16777216,,case,3,35565669,35531462,35401425,35531462,35401425,35565669,0.004622494846961265,stable,false,true
2026-09-29T10-24-40-196Z/deno/runtime/string_len/napi/utf8/16777216,2026-09-29T10-24-40-196Z,deno,runtime,deno,,,"deno 2.9.7 (stable, release, x86_64-unknown-linux-gnu)",payload,string_len,string_len/napi/utf8/16777216,napi,napi,node-api,,,utf8,16777216,string-utf8,16777216,,runtime,3,35394053,36045210,35483369,35483369,35394053,36045210,0.01835104778241322,stable,false,true
2026-09-29T10-24-40-196Z/deno/case/string_len/ffi/utf8/16777216,2026-09-29T10-24-40-196Z,deno,runtime,deno,,,"deno 2.9.7 (stable, release, x86_64-unknown-linux-gnu)",payload,string_len,string_len/ffi/utf8/16777216,ffi,ffi,Deno.dlopen,,,utf8,16777216,string-utf8,16777216,,case,3,32983827.5,33010198.5,33025966.5,33010198.5,32983827.5,33025966.5,0.001276544883545611,stable,false,true
2026-09-29T10-24-40-196Z/deno/runtime/string_len/ffi/utf8/16777216,2026-09-29T10-24-40-196Z,deno,runtime,deno,,,"deno 2.9.7 (stable, release, x86_64-unknown-linux-gnu)",payload,string_len,string_len/ffi/utf8/16777216,ffi,ffi,Deno.dlopen,,,utf8,16777216,string-utf8,16777216,,runtime,3,32909857,33114727.5,33077307.5,33077307.5,32909857,33114727.5,0.006193687318715406,stable,false,true
2026-09-29T10-24-40-196Z/deno/case/bytes_len/ts/16,2026-09-29T10-24-40-196Z,deno,runtime,deno,,,"deno 2.9.7 (stable, release, x86_64-unknown-linux-gnu)",payload,bytes_len,bytes_len/ts/16,ts,ts,none,,,,16,uint8array,16,,case,3,0.5480673236191709,0.5469451425668803,0.5471136035187516,0.5471136035187516,0.5469451425668803,0.5480673236191709,0.002051093310554285,stable,false,true
2026-09-29T10-24-40-196Z/deno/runtime/bytes_len/ts/16,2026-09-29T10-24-40-196Z,deno,runtime,deno,,,"deno 2.9.7 (stable, release, x86_64-unknown-linux-gnu)",payload,bytes_len,bytes_len/ts/16,ts,ts,none,,,,16,uint8array,16,,runtime,3,0.5467351639915108,0.5469590990486649,0.5480606053297037,0.5469590990486649,0.5467351639915108,0.5480606053297037,0.0024232915047912415,stable,false,true
2026-09-29T10-24-40-196Z/deno/case/bytes_len/napi/16,2026-09-29T10-24-40-196Z,deno,runtime,deno,,,"deno 2.9.7 (stable, release, x86_64-unknown-linux-gnu)",payload,bytes_len,bytes_len/napi/16,napi,napi,node-api,,,,16,uint8array,16,,case,3,57.30140998171189,58.871029578480886,59.00889732674339,58.871029578480886,57.30140998171189,59.00889732674339,0.029003864163021753,stable,false,true
2026-09-29T10-24-40-196Z/deno/runtime/bytes_len/napi/16,2026-09-29T10-24-40-196Z,deno,runtime,deno,,,"deno 2.9.7 (stable, release, x86_64-unknown-linux-gnu)",payload,bytes_len,bytes_len/napi/16,napi,napi,node-api,,,,16,uint8array,16,,runtime,3,57.7597702866146,57.77834445440172,57.928184906294746,57.77834445440172,57.7597702866146,57.928184906294746,0.002914839829186538,stable,false,true
2026-09-29T10-24-40-196Z/deno/case/bytes_len/ffi/16,2026-09-29T10-24-40-196Z,deno,runtime,deno,,,"deno 2.9.7 (stable, release, x86_64-unknown-linux-gnu)",payload,bytes_len,bytes_len/ffi/16,ffi,ffi,Deno.dlopen,,,,16,uint8array,16,,case,3,21.44294213235318,20.09050718563479,18.73865917123149,20.09050718563479,18.73865917123149,21.44294213235318,0.13460501201559116,unstable,true,true
2026-09-29T10-24-40-196Z/deno/runtime/bytes_len/ffi/16,2026-09-29T10-24-40-196Z,deno,runtime,deno,,,"deno 2.9.7 (stable, release, x86_64-unknown-linux-gnu)",payload,bytes_len,bytes_len/ffi/16,ffi,ffi,Deno.dlopen,,,,16,uint8array,16,,runtime,3,17.980907361590994,17.971360870767118,18.045789101650342,17.980907361590994,17.971360870767118,18.045789101650342,0.00413929227188005,stable,true,true
2026-09-29T10-24-40-196Z/deno/case/bytes_len/ts/64,2026-09-29T10-24-40-196Z,deno,runtime,deno,,,"deno 2.9.7 (stable, release, x86_64-unknown-linux-gnu)",payload,bytes_len,bytes_len/ts/64,ts,ts,none,,,,64,uint8array,64,,case,3,0.546873451834306,0.5477419904270723,0.5468684467358202,0.546873451834306,0.5468684467358202,0.5477419904270723,0.001597341557396906,stable,false,true
2026-09-29T10-24-40-196Z/deno/runtime/bytes_len/ts/64,2026-09-29T10-24-40-196Z,deno,runtime,deno,,,"deno 2.9.7 (stable, release, x86_64-unknown-linux-gnu)",payload,bytes_len,bytes_len/ts/64,ts,ts,none,,,,64,uint8array,64,,runtime,3,0.5467210547768386,0.5468192724366729,0.5479336462670625,0.5468192724366729,0.5467210547768386,0.5479336462670625,0.0022175361245416456,stable,false,true
2026-09-29T10-24-40-196Z/deno/case/bytes_len/napi/64,2026-09-29T10-24-40-196Z,deno,runtime,deno,,,"deno 2.9.7 (stable, release, x86_64-unknown-linux-gnu)",payload,bytes_len,bytes_len/napi/64,napi,napi,node-api,,,,64,uint8array,64,,case,3,57.96648842499978,58.29079382579934,57.83258817542215,57.96648842499978,57.83258817542215,58.29079382579934,0.007904664623078551,stable,false,true
2026-09-29T10-24-40-196Z/deno/runtime/bytes_len/napi/64,2026-09-29T10-24-40-196Z,deno,runtime,deno,,,"deno 2.9.7 (stable, release, x86_64-unknown-linux-gnu)",payload,bytes_len,bytes_len/napi/64,napi,napi,node-api,,,,64,uint8array,64,,runtime,3,57.2213629358225,58.23029869237646,58.2292680066265,58.2292680066265,57.2213629358225,58.23029869237646,0.017326952426040168,stable,false,true
2026-09-29T10-24-40-196Z/deno/case/bytes_len/ffi/64,2026-09-29T10-24-40-196Z,deno,runtime,deno,,,"deno 2.9.7 (stable, release, x86_64-unknown-linux-gnu)",payload,bytes_len,bytes_len/ffi/64,ffi,ffi,Deno.dlopen,,,,64,uint8array,64,,case,3,17.701413102195158,17.541887714924975,17.631365617137284,17.631365617137284,17.541887714924975,17.701413102195158,0.00904781800424622,stable,false,true
2026-09-29T10-24-40-196Z/deno/runtime/bytes_len/ffi/64,2026-09-29T10-24-40-196Z,deno,runtime,deno,,,"deno 2.9.7 (stable, release, x86_64-unknown-linux-gnu)",payload,bytes_len,bytes_len/ffi/64,ffi,ffi,Deno.dlopen,,,,64,uint8array,64,,runtime,3,18.182197889339697,18.050078507896167,18.16955401101012,18.16955401101012,18.050078507896167,18.182197889339697,0.007271470800189738,stable,false,true
2026-09-29T10-24-40-196Z/deno/case/bytes_len/ts/1024,2026-09-29T10-24-40-196Z,deno,runtime,deno,,,"deno 2.9.7 (stable, release, x86_64-unknown-linux-gnu)",payload,bytes_len,bytes_len/ts/1024,ts,ts,none,,,,1024,uint8array,1024,,case,3,0.5478481074409918,0.5479496237486181,0.5469389000693314,0.5478481074409918,0.5469389000693314,0.5479496237486181,0.0018448976377919454,stable,false,true
2026-09-29T10-24-40-196Z/deno/runtime/bytes_len/ts/1024,2026-09-29T10-24-40-196Z,deno,runtime,deno,,,"deno 2.9.7 (stable, release, x86_64-unknown-linux-gnu)",payload,bytes_len,bytes_len/ts/1024,ts,ts,none,,,,1024,uint8array,1024,,runtime,3,0.5467462705548521,0.5467952734833041,0.5477884577219437,0.5467952734833041,0.5467462705548521,0.5477884577219437,0.0019059915431463815,stable,false,true
2026-09-29T10-24-40-196Z/deno/case/bytes_len/napi/1024,2026-09-29T10-24-40-196Z,deno,runtime,deno,,,"deno 2.9.7 (stable, release, x86_64-unknown-linux-gnu)",payload,bytes_len,bytes_len/napi/1024,napi,napi,node-api,,,,1024,uint8array,1024,,case,3,58.04373043505807,58.119745394638315,57.95637200985784,58.04373043505807,57.95637200985784,58.119745394638315,0.0028146603182796315,stable,false,true
2026-09-29T10-24-40-196Z/deno/runtime/bytes_len/napi/1024,2026-09-29T10-24-40-196Z,deno,runtime,deno,,,"deno 2.9.7 (stable, release, x86_64-unknown-linux-gnu)",payload,bytes_len,bytes_len/napi/1024,napi,napi,node-api,,,,1024,uint8array,1024,,runtime,3,58.132387009322045,57.70778050345986,57.90489196618072,57.90489196618072,57.70778050345986,58.132387009322045,0.007332826147230834,stable,false,true
2026-09-29T10-24-40-196Z/deno/case/bytes_len/ffi/1024,2026-09-29T10-24-40-196Z,deno,runtime,deno,,,"deno 2.9.7 (stable, release, x86_64-unknown-linux-gnu)",payload,bytes_len,bytes_len/ffi/1024,ffi,ffi,Deno.dlopen,,,,1024,uint8array,1024,,case,3,17.570861226283107,17.74543309166795,18.49079200424999,17.74543309166795,17.570861226283107,18.49079200424999,0.05184042413700344,unstable,false,true
2026-09-29T10-24-40-196Z/deno/runtime/bytes_len/ffi/1024,2026-09-29T10-24-40-196Z,deno,runtime,deno,,,"deno 2.9.7 (stable, release, x86_64-unknown-linux-gnu)",payload,bytes_len,bytes_len/ffi/1024,ffi,ffi,Deno.dlopen,,,,1024,uint8array,1024,,runtime,3,17.964385627674652,17.839134295567025,18.23628407649289,17.964385627674652,17.839134295567025,18.23628407649289,0.022107618326453894,stable,false,true
2026-09-29T10-24-40-196Z/deno/case/bytes_len/ts/65536,2026-09-29T10-24-40-196Z,deno,runtime,deno,,,"deno 2.9.7 (stable, release, x86_64-unknown-linux-gnu)",payload,bytes_len,bytes_len/ts/65536,ts,ts,none,,,,65536,uint8array,65536,,case,3,0.5469176262900137,0.547797802579747,0.5480664243976929,0.547797802579747,0.5469176262900137,0.5480664243976929,0.0020971206935646047,stable,false,true
2026-09-29T10-24-40-196Z/deno/runtime/bytes_len/ts/65536,2026-09-29T10-24-40-196Z,deno,runtime,deno,,,"deno 2.9.7 (stable, release, x86_64-unknown-linux-gnu)",payload,bytes_len,bytes_len/ts/65536,ts,ts,none,,,,65536,uint8array,65536,,runtime,3,0.5468442790291215,0.5469047319628495,0.5477426936814729,0.5469047319628495,0.5468442790291215,0.5477426936814729,0.001642726054183121,stable,false,true
2026-09-29T10-24-40-196Z/deno/case/bytes_len/napi/65536,2026-09-29T10-24-40-196Z,deno,runtime,deno,,,"deno 2.9.7 (stable, release, x86_64-unknown-linux-gnu)",payload,bytes_len,bytes_len/napi/65536,napi,napi,node-api,,,,65536,uint8array,65536,,case,3,57.4237121244743,57.73655926204926,58.680129333435374,57.73655926204926,57.4237121244743,58.680129333435374,0.02176120685090649,stable,false,true
2026-09-29T10-24-40-196Z/deno/runtime/bytes_len/napi/65536,2026-09-29T10-24-40-196Z,deno,runtime,deno,,,"deno 2.9.7 (stable, release, x86_64-unknown-linux-gnu)",payload,bytes_len,bytes_len/napi/65536,napi,napi,node-api,,,,65536,uint8array,65536,,runtime,3,57.3296473743043,57.582102150973554,57.70612819703907,57.582102150973554,57.3296473743043,57.70612819703907,0.0065381569736318625,stable,false,true
2026-09-29T10-24-40-196Z/deno/case/bytes_len/ffi/65536,2026-09-29T10-24-40-196Z,deno,runtime,deno,,,"deno 2.9.7 (stable, release, x86_64-unknown-linux-gnu)",payload,bytes_len,bytes_len/ffi/65536,ffi,ffi,Deno.dlopen,,,,65536,uint8array,65536,,case,3,17.367835162149653,18.39377013913027,17.382553901142167,17.382553901142167,17.367835162149653,18.39377013913027,0.05902095761159738,unstable,false,true
2026-09-29T10-24-40-196Z/deno/runtime/bytes_len/ffi/65536,2026-09-29T10-24-40-196Z,deno,runtime,deno,,,"deno 2.9.7 (stable, release, x86_64-unknown-linux-gnu)",payload,bytes_len,bytes_len/ffi/65536,ffi,ffi,Deno.dlopen,,,,65536,uint8array,65536,,runtime,3,18.09681236544878,17.973816410829528,18.06021296786703,18.06021296786703,17.973816410829528,18.09681236544878,0.006810326923502427,stable,false,true
2026-09-29T10-24-40-196Z/deno/case/bytes_len/ts/1048576,2026-09-29T10-24-40-196Z,deno,runtime,deno,,,"deno 2.9.7 (stable, release, x86_64-unknown-linux-gnu)",payload,bytes_len,bytes_len/ts/1048576,ts,ts,none,,,,1048576,uint8array,1048576,,case,3,0.547945045093035,0.5468159876732133,0.5467814092717577,0.5468159876732133,0.5467814092717577,0.547945045093035,0.0021280208470655197,stable,false,true
2026-09-29T10-24-40-196Z/deno/runtime/bytes_len/ts/1048576,2026-09-29T10-24-40-196Z,deno,runtime,deno,,,"deno 2.9.7 (stable, release, x86_64-unknown-linux-gnu)",payload,bytes_len,bytes_len/ts/1048576,ts,ts,none,,,,1048576,uint8array,1048576,,runtime,3,0.5468274943596692,0.5468638254773344,0.5482129758059351,0.5468638254773344,0.5468274943596692,0.5482129758059351,0.002533503555581879,stable,false,true
2026-09-29T10-24-40-196Z/deno/case/bytes_len/napi/1048576,2026-09-29T10-24-40-196Z,deno,runtime,deno,,,"deno 2.9.7 (stable, release, x86_64-unknown-linux-gnu)",payload,bytes_len,bytes_len/napi/1048576,napi,napi,node-api,,,,1048576,uint8array,1048576,,case,3,59.9022330281548,58.152057780308795,58.79136132086289,58.79136132086289,58.152057780308795,59.9022330281548,0.02976925875715229,stable,false,true
2026-09-29T10-24-40-196Z/deno/runtime/bytes_len/napi/1048576,2026-09-29T10-24-40-196Z,deno,runtime,deno,,,"deno 2.9.7 (stable, release, x86_64-unknown-linux-gnu)",payload,bytes_len,bytes_len/napi/1048576,napi,napi,node-api,,,,1048576,uint8array,1048576,,runtime,3,57.725795094131,57.52908004000703,57.47847937619017,57.52908004000703,57.47847937619017,57.725795094131,0.004298968760996003,stable,false,true
2026-09-29T10-24-40-196Z/deno/case/bytes_len/ffi/1048576,2026-09-29T10-24-40-196Z,deno,runtime,deno,,,"deno 2.9.7 (stable, release, x86_64-unknown-linux-gnu)",payload,bytes_len,bytes_len/ffi/1048576,ffi,ffi,Deno.dlopen,,,,1048576,uint8array,1048576,,case,3,18.304018588021762,17.479173041052682,17.482138293139997,17.482138293139997,17.479173041052682,18.304018588021762,0.047182188650958655,stable,false,true
2026-09-29T10-24-40-196Z/deno/runtime/bytes_len/ffi/1048576,2026-09-29T10-24-40-196Z,deno,runtime,deno,,,"deno 2.9.7 (stable, release, x86_64-unknown-linux-gnu)",payload,bytes_len,bytes_len/ffi/1048576,ffi,ffi,Deno.dlopen,,,,1048576,uint8array,1048576,,runtime,3,18.076509494556596,17.91286218403104,18.134234745915613,18.076509494556596,17.91286218403104,18.134234745915613,0.012246421907461374,stable,false,true
2026-09-29T10-24-40-196Z/deno/case/bytes_len/ts/16777216,2026-09-29T10-24-40-196Z,deno,runtime,deno,,,"deno 2.9.7 (stable, release, x86_64-unknown-linux-gnu)",payload,bytes_len,bytes_len/ts/16777216,ts,ts,none,,,,16777216,uint8array,16777216,,case,3,0.5468561965081953,0.5468510733984508,0.5469296137709612,0.5468561965081953,0.5468510733984508,0.5469296137709612,0.00014362161937967396,stable,false,true
2026-09-29T10-24-40-196Z/deno/runtime/bytes_len/ts/16777216,2026-09-29T10-24-40-196Z,deno,runtime,deno,,,"deno 2.9.7 (stable, release, x86_64-unknown-linux-gnu)",payload,bytes_len,bytes_len/ts/16777216,ts,ts,none,,,,16777216,uint8array,16777216,,runtime,3,0.5468307603815388,0.5465537991581289,0.5478927369886,0.5468307603815388,0.5465537991581289,0.5478927369886,0.002448541536940803,stable,false,true
2026-09-29T10-24-40-196Z/deno/case/bytes_len/napi/16777216,2026-09-29T10-24-40-196Z,deno,runtime,deno,,,"deno 2.9.7 (stable, release, x86_64-unknown-linux-gnu)",payload,bytes_len,bytes_len/napi/16777216,napi,napi,node-api,,,,16777216,uint8array,16777216,,case,3,59.54976737258063,57.404663826099515,58.57921974871974,58.57921974871974,57.404663826099515,59.54976737258063,0.03661884804343094,stable,false,true
2026-09-29T10-24-40-196Z/deno/runtime/bytes_len/napi/16777216,2026-09-29T10-24-40-196Z,deno,runtime,deno,,,"deno 2.9.7 (stable, release, x86_64-unknown-linux-gnu)",payload,bytes_len,bytes_len/napi/16777216,napi,napi,node-api,,,,16777216,uint8array,16777216,,runtime,3,57.570834261834406,57.93118256396994,57.53520974538004,57.570834261834406,57.53520974538004,57.93118256396994,0.006878010778669699,stable,false,true
2026-09-29T10-24-40-196Z/deno/case/bytes_len/ffi/16777216,2026-09-29T10-24-40-196Z,deno,runtime,deno,,,"deno 2.9.7 (stable, release, x86_64-unknown-linux-gnu)",payload,bytes_len,bytes_len/ffi/16777216,ffi,ffi,Deno.dlopen,,,,16777216,uint8array,16777216,,case,3,18.24160596801788,17.39247943192275,21.192113277078576,18.24160596801788,17.39247943192275,21.192113277078576,0.20829491941759612,unstable,false,true
2026-09-29T10-24-40-196Z/deno/runtime/bytes_len/ffi/16777216,2026-09-29T10-24-40-196Z,deno,runtime,deno,,,"deno 2.9.7 (stable, release, x86_64-unknown-linux-gnu)",payload,bytes_len,bytes_len/ffi/16777216,ffi,ffi,Deno.dlopen,,,,16777216,uint8array,16777216,,runtime,3,18.02920886594147,18.014147664288892,18.00122255466053,18.014147664288892,18.00122255466053,18.02920886594147,0.0015535739909815836,stable,false,true
2026-09-29T10-24-40-196Z/deno/case/checksum_bytes/ts/16,2026-09-29T10-24-40-196Z,deno,runtime,deno,,,"deno 2.9.7 (stable, release, x86_64-unknown-linux-gnu)",payload,checksum_bytes,checksum_bytes/ts/16,ts,ts,none,,,,16,uint8array,16,,case,3,16.91883890668057,17.483165170101337,16.924396639963454,16.924396639963454,16.91883890668057,17.483165170101337,0.03334395165900495,stable,true,true
2026-09-29T10-24-40-196Z/deno/runtime/checksum_bytes/ts/16,2026-09-29T10-24-40-196Z,deno,runtime,deno,,,"deno 2.9.7 (stable, release, x86_64-unknown-linux-gnu)",payload,checksum_bytes,checksum_bytes/ts/16,ts,ts,none,,,,16,uint8array,16,,runtime,3,20.554785207260295,20.524583537078964,20.506054279749478,20.524583537078964,20.506054279749478,20.554785207260295,0.0023742711964304616,stable,true,true
2026-09-29T10-24-40-196Z/deno/case/checksum_bytes/napi/16,2026-09-29T10-24-40-196Z,deno,runtime,deno,,,"deno 2.9.7 (stable, release, x86_64-unknown-linux-gnu)",payload,checksum_bytes,checksum_bytes/napi/16,napi,napi,node-api,,,,16,uint8array,16,,case,3,72.71664435358396,72.42615467337086,72.79911220145436,72.71664435358396,72.42615467337086,72.79911220145436,0.005128915551575803,stable,false,true
2026-09-29T10-24-40-196Z/deno/runtime/checksum_bytes/napi/16,2026-09-29T10-24-40-196Z,deno,runtime,deno,,,"deno 2.9.7 (stable, release, x86_64-unknown-linux-gnu)",payload,checksum_bytes,checksum_bytes/napi/16,napi,napi,node-api,,,,16,uint8array,16,,runtime,3,72.44752124179419,72.98189573597178,72.52607682373127,72.52607682373127,72.44752124179419,72.98189573597178,0.007368032541955049,stable,false,true
2026-09-29T10-24-40-196Z/deno/case/checksum_bytes/ffi/16,2026-09-29T10-24-40-196Z,deno,runtime,deno,,,"deno 2.9.7 (stable, release, x86_64-unknown-linux-gnu)",payload,checksum_bytes,checksum_bytes/ffi/16,ffi,ffi,Deno.dlopen,,,,16,uint8array,16,,case,3,24.658157317777103,24.54453960125292,24.95505391068866,24.658157317777103,24.54453960125292,24.95505391068866,0.016648215198942832,stable,false,true
2026-09-29T10-24-40-196Z/deno/runtime/checksum_bytes/ffi/16,2026-09-29T10-24-40-196Z,deno,runtime,deno,,,"deno 2.9.7 (stable, release, x86_64-unknown-linux-gnu)",payload,checksum_bytes,checksum_bytes/ffi/16,ffi,ffi,Deno.dlopen,,,,16,uint8array,16,,runtime,3,25.482369066763212,25.619662274985743,25.500000622257403,25.500000622257403,25.482369066763212,25.619662274985743,0.005384047249892831,stable,false,true
2026-09-29T10-24-40-196Z/deno/case/checksum_bytes/ts/64,2026-09-29T10-24-40-196Z,deno,runtime,deno,,,"deno 2.9.7 (stable, release, x86_64-unknown-linux-gnu)",payload,checksum_bytes,checksum_bytes/ts/64,ts,ts,none,,,,64,uint8array,64,,case,3,77.89685472452584,77.81886797600626,77.86701379554849,77.86701379554849,77.81886797600626,77.89685472452584,0.0010015376822378713,stable,true,true
2026-09-29T10-24-40-196Z/deno/runtime/checksum_bytes/ts/64,2026-09-29T10-24-40-196Z,deno,runtime,deno,,,"deno 2.9.7 (stable, release, x86_64-unknown-linux-gnu)",payload,checksum_bytes,checksum_bytes/ts/64,ts,ts,none,,,,64,uint8array,64,,runtime,3,85.23502151108978,85.06315349404683,85.18304002929492,85.18304002929492,85.06315349404683,85.23502151108978,0.002017631878174896,stable,true,true
2026-09-29T10-24-40-196Z/deno/case/checksum_bytes/napi/64,2026-09-29T10-24-40-196Z,deno,runtime,deno,,,"deno 2.9.7 (stable, release, x86_64-unknown-linux-gnu)",payload,checksum_bytes,checksum_bytes/napi/64,napi,napi,node-api,,,,64,uint8array,64,,case,3,157.1649940432515,157.14947214797306,157.50929889241246,157.1649940432515,157.14947214797306,157.50929889241246,0.002289484033196215,stable,false,true
2026-09-29T10-24-40-196Z/deno/runtime/checksum_bytes/napi/64,2026-09-29T10-24-40-196Z,deno,runtime,deno,,,"deno 2.9.7 (stable, release, x86_64-unknown-linux-gnu)",payload,checksum_bytes,checksum_bytes/napi/64,napi,napi,node-api,,,,64,uint8array,64,,runtime,3,157.0390610945554,157.29777980870745,157.12931453573165,157.12931453573165,157.0390610945554,157.29777980870745,0.00164653371598092,stable,false,true
2026-09-29T10-24-40-196Z/deno/case/checksum_bytes/ffi/64,2026-09-29T10-24-40-196Z,deno,runtime,deno,,,"deno 2.9.7 (stable, release, x86_64-unknown-linux-gnu)",payload,checksum_bytes,checksum_bytes/ffi/64,ffi,ffi,Deno.dlopen,,,,64,uint8array,64,,case,3,74.6370541820879,74.6617514691661,74.62875368373932,74.6370541820879,74.62875368373932,74.6617514691661,0.00044210996519615834,stable,false,true
2026-09-29T10-24-40-196Z/deno/runtime/checksum_bytes/ffi/64,2026-09-29T10-24-40-196Z,deno,runtime,deno,,,"deno 2.9.7 (stable, release, x86_64-unknown-linux-gnu)",payload,checksum_bytes,checksum_bytes/ffi/64,ffi,ffi,Deno.dlopen,,,,64,uint8array,64,,runtime,3,75.24230471742035,75.21557457930973,75.41918050413042,75.24230471742035,75.21557457930973,75.41918050413042,0.002706003299411866,stable,false,true
2026-09-29T10-24-40-196Z/deno/case/checksum_bytes/ts/1024,2026-09-29T10-24-40-196Z,deno,runtime,deno,,,"deno 2.9.7 (stable, release, x86_64-unknown-linux-gnu)",payload,checksum_bytes,checksum_bytes/ts/1024,ts,ts,none,,,,1024,uint8array,1024,,case,3,1748.0913764001843,1750.5605432780847,1750.737052405102,1750.5605432780847,1748.0913764001843,1750.737052405102,0.0015113307649237094,stable,false,true
2026-09-29T10-24-40-196Z/deno/runtime/checksum_bytes/ts/1024,2026-09-29T10-24-40-196Z,deno,runtime,deno,,,"deno 2.9.7 (stable, release, x86_64-unknown-linux-gnu)",payload,checksum_bytes,checksum_bytes/ts/1024,ts,ts,none,,,,1024,uint8array,1024,,runtime,3,1763.980645445728,1763.4982361760296,1766.864462882867,1763.980645445728,1763.4982361760296,1766.864462882867,0.0019083127218704463,stable,false,true
2026-09-29T10-24-40-196Z/deno/case/checksum_bytes/napi/1024,2026-09-29T10-24-40-196Z,deno,runtime,deno,,,"deno 2.9.7 (stable, release, x86_64-unknown-linux-gnu)",payload,checksum_bytes,checksum_bytes/napi/1024,napi,napi,node-api,,,,1024,uint8array,1024,,case,3,1835.4236206738274,1834.514515388149,1834.7223806457546,1834.7223806457546,1834.514515388149,1835.4236206738274,0.0004955001886216744,stable,false,true
2026-09-29T10-24-40-196Z/deno/runtime/checksum_bytes/napi/1024,2026-09-29T10-24-40-196Z,deno,runtime,deno,,,"deno 2.9.7 (stable, release, x86_64-unknown-linux-gnu)",payload,checksum_bytes,checksum_bytes/napi/1024,napi,napi,node-api,,,,1024,uint8array,1024,,runtime,3,1835.1392991468672,1834.6473152822396,1837.1186362800956,1835.1392991468672,1834.6473152822396,1837.1186362800956,0.001346666707538206,stable,false,true
2026-09-29T10-24-40-196Z/deno/case/checksum_bytes/ffi/1024,2026-09-29T10-24-40-196Z,deno,runtime,deno,,,"deno 2.9.7 (stable, release, x86_64-unknown-linux-gnu)",payload,checksum_bytes,checksum_bytes/ffi/1024,ffi,ffi,Deno.dlopen,,,,1024,uint8array,1024,,case,3,1738.1247903856902,1740.7739260087596,1741.9587224505044,1740.7739260087596,1738.1247903856902,1741.9587224505044,0.0022024296248535045,stable,false,true
2026-09-29T10-24-40-196Z/deno/runtime/checksum_bytes/ffi/1024,2026-09-29T10-24-40-196Z,deno,runtime,deno,,,"deno 2.9.7 (stable, release, x86_64-unknown-linux-gnu)",payload,checksum_bytes,checksum_bytes/ffi/1024,ffi,ffi,Deno.dlopen,,,,1024,uint8array,1024,,runtime,3,1736.80282912436,1737.3220736366793,1740.6568047337278,1737.3220736366793,1736.80282912436,1740.6568047337278,0.0022183426250380893,stable,false,true
2026-09-29T10-24-40-196Z/deno/case/checksum_bytes/ts/65536,2026-09-29T10-24-40-196Z,deno,runtime,deno,,,"deno 2.9.7 (stable, release, x86_64-unknown-linux-gnu)",payload,checksum_bytes,checksum_bytes/ts/65536,ts,ts,none,,,,65536,uint8array,65536,,case,3,195017.53428571427,195032.3936781609,194967.474137931,195017.53428571427,194967.474137931,195032.3936781609,0.0003328907857833035,stable,true,true
2026-09-29T10-24-40-196Z/deno/runtime/checksum_bytes/ts/65536,2026-09-29T10-24-40-196Z,deno,runtime,deno,,,"deno 2.9.7 (stable, release, x86_64-unknown-linux-gnu)",payload,checksum_bytes,checksum_bytes/ts/65536,ts,ts,none,,,,65536,uint8array,65536,,runtime,3,401144.8742857143,401241.64571428567,401800.6522988506,401241.64571428567,401144.8742857143,401800.6522988506,0.0016343717561243868,stable,true,true
2026-09-29T10-24-40-196Z/deno/case/checksum_bytes/napi/65536,2026-09-29T10-24-40-196Z,deno,runtime,deno,,,"deno 2.9.7 (stable, release, x86_64-unknown-linux-gnu)",payload,checksum_bytes,checksum_bytes/napi/65536,napi,napi,node-api,,,,65536,uint8array,65536,,case,3,114688.1379310345,114590.9712643678,114717.82183908045,114688.1379310345,114590.9712643678,114717.82183908045,0.0011060479052238735,stable,false,true
2026-09-29T10-24-40-196Z/deno/runtime/checksum_bytes/napi/65536,2026-09-29T10-24-40-196Z,deno,runtime,deno,,,"deno 2.9.7 (stable, release, x86_64-unknown-linux-gnu)",payload,checksum_bytes,checksum_bytes/napi/65536,napi,napi,node-api,,,,65536,uint8array,65536,,runtime,3,114567.73714285714,114576.62,114751.24712643679,114576.62,114567.73714285714,114751.24712643679,0.0016016355132456978,stable,false,true
2026-09-29T10-24-40-196Z/deno/case/checksum_bytes/ffi/65536,2026-09-29T10-24-40-196Z,deno,runtime,deno,,,"deno 2.9.7 (stable, release, x86_64-unknown-linux-gnu)",payload,checksum_bytes,checksum_bytes/ffi/65536,ffi,ffi,Deno.dlopen,,,,65536,uint8array,65536,,case,3,114632.52011494253,114758.8908045977,114849.7672413793,114758.8908045977,114632.52011494253,114849.7672413793,0.0018930744704276452,stable,false,true
2026-09-29T10-24-40-196Z/deno/runtime/checksum_bytes/ffi/65536,2026-09-29T10-24-40-196Z,deno,runtime,deno,,,"deno 2.9.7 (stable, release, x86_64-unknown-linux-gnu)",payload,checksum_bytes,checksum_bytes/ffi/65536,ffi,ffi,Deno.dlopen,,,,65536,uint8array,65536,,runtime,3,114639.4224137931,114609.27586206896,114916.05459770115,114639.4224137931,114609.27586206896,114916.05459770115,0.0026760317626590073,stable,false,true
2026-09-29T10-24-40-196Z/deno/case/checksum_bytes/ts/1048576,2026-09-29T10-24-40-196Z,deno,runtime,deno,,,"deno 2.9.7 (stable, release, x86_64-unknown-linux-gnu)",payload,checksum_bytes,checksum_bytes/ts/1048576,ts,ts,none,,,,1048576,uint8array,1048576,,case,3,1832625.7272727273,1834639.5909090908,1836312,1834639.5909090908,1832625.7272727273,1836312,0.0020092626069658204,stable,true,true
2026-09-29T10-24-40-196Z/deno/runtime/checksum_bytes/ts/1048576,2026-09-29T10-24-40-196Z,deno,runtime,deno,,,"deno 2.9.7 (stable, release, x86_64-unknown-linux-gnu)",payload,checksum_bytes,checksum_bytes/ts/1048576,ts,ts,none,,,,1048576,uint8array,1048576,,runtime,3,6455776.666666666,6453603.166666667,6461744,6455776.666666666,6453603.166666667,6461744,0.0012610153283905976,stable,true,true
2026-09-29T10-24-40-196Z/deno/case/checksum_bytes/napi/1048576,2026-09-29T10-24-40-196Z,deno,runtime,deno,,,"deno 2.9.7 (stable, release, x86_64-unknown-linux-gnu)",payload,checksum_bytes,checksum_bytes/napi/1048576,napi,napi,node-api,,,,1048576,uint8array,1048576,,case,3,1833976.4545454546,1834791.1818181816,1836773.4090909092,1834791.1818181816,1833976.4545454546,1836773.4090909092,0.0015243993829766244,stable,false,true
2026-09-29T10-24-40-196Z/deno/runtime/checksum_bytes/napi/1048576,2026-09-29T10-24-40-196Z,deno,runtime,deno,,,"deno 2.9.7 (stable, release, x86_64-unknown-linux-gnu)",payload,checksum_bytes,checksum_bytes/napi/1048576,napi,napi,node-api,,,,1048576,uint8array,1048576,,runtime,3,1832373.1818181816,1832504.6818181816,1835192,1832504.6818181816,1832373.1818181816,1835192,0.0015382324584412876,stable,false,true
2026-09-29T10-24-40-196Z/deno/case/checksum_bytes/ffi/1048576,2026-09-29T10-24-40-196Z,deno,runtime,deno,,,"deno 2.9.7 (stable, release, x86_64-unknown-linux-gnu)",payload,checksum_bytes,checksum_bytes/ffi/1048576,ffi,ffi,Deno.dlopen,,,,1048576,uint8array,1048576,,case,3,1833656.5454545454,1835810.5,1835946.2727272727,1835810.5,1833656.5454545454,1835946.2727272727,0.0012472568779442615,stable,false,true
2026-09-29T10-24-40-196Z/deno/runtime/checksum_bytes/ffi/1048576,2026-09-29T10-24-40-196Z,deno,runtime,deno,,,"deno 2.9.7 (stable, release, x86_64-unknown-linux-gnu)",payload,checksum_bytes,checksum_bytes/ffi/1048576,ffi,ffi,Deno.dlopen,,,,1048576,uint8array,1048576,,runtime,3,1834977.4090909092,1835836.7727272727,1839463.2272727273,1835836.7727272727,1834977.4090909092,1839463.2272727273,0.002443473324240096,stable,false,true
2026-09-29T10-24-40-196Z/deno/case/checksum_bytes/ts/16777216,2026-09-29T10-24-40-196Z,deno,runtime,deno,,,"deno 2.9.7 (stable, release, x86_64-unknown-linux-gnu)",payload,checksum_bytes,checksum_bytes/ts/16777216,ts,ts,none,,,,16777216,uint8array,16777216,,case,3,29366540,29412845.5,29447413.5,29412845.5,29366540,29447413.5,0.0027495979605237446,stable,true,true
2026-09-29T10-24-40-196Z/deno/runtime/checksum_bytes/ts/16777216,2026-09-29T10-24-40-196Z,deno,runtime,deno,,,"deno 2.9.7 (stable, release, x86_64-unknown-linux-gnu)",payload,checksum_bytes,checksum_bytes/ts/16777216,ts,ts,none,,,,16777216,uint8array,16777216,,runtime,3,102860394,102859441,103149157.5,102860394,102859441,103149157.5,0.0028165991664391254,stable,true,true
2026-09-29T10-24-40-196Z/deno/case/checksum_bytes/napi/16777216,2026-09-29T10-24-40-196Z,deno,runtime,deno,,,"deno 2.9.7 (stable, release, x86_64-unknown-linux-gnu)",payload,checksum_bytes,checksum_bytes/napi/16777216,napi,napi,node-api,,,,16777216,uint8array,16777216,,case,3,29400928,29360826,29414374,29400928,29360826,29414374,0.001821303055468181,stable,false,true
2026-09-29T10-24-40-196Z/deno/runtime/checksum_bytes/napi/16777216,2026-09-29T10-24-40-196Z,deno,runtime,deno,,,"deno 2.9.7 (stable, release, x86_64-unknown-linux-gnu)",payload,checksum_bytes,checksum_bytes/napi/16777216,napi,napi,node-api,,,,16777216,uint8array,16777216,,runtime,3,29340794.5,29349816,29418563.5,29349816,29340794.5,29418563.5,0.002649727003399272,stable,false,true
2026-09-29T10-24-40-196Z/deno/case/checksum_bytes/ffi/16777216,2026-09-29T10-24-40-196Z,deno,runtime,deno,,,"deno 2.9.7 (stable, release, x86_64-unknown-linux-gnu)",payload,checksum_bytes,checksum_bytes/ffi/16777216,ffi,ffi,Deno.dlopen,,,,16777216,uint8array,16777216,,case,3,29372054.5,29387531,29383608.5,29383608.5,29372054.5,29387531,0.000526705220701535,stable,false,true
2026-09-29T10-24-40-196Z/deno/runtime/checksum_bytes/ffi/16777216,2026-09-29T10-24-40-196Z,deno,runtime,deno,,,"deno 2.9.7 (stable, release, x86_64-unknown-linux-gnu)",payload,checksum_bytes,checksum_bytes/ffi/16777216,ffi,ffi,Deno.dlopen,,,,16777216,uint8array,16777216,,runtime,3,29345622.5,29349358.5,29406519.5,29349358.5,29345622.5,29406519.5,0.002074900546804115,stable,false,true
2026-09-29T10-24-40-196Z/deno/case/return_f64/ts,2026-09-29T10-24-40-196Z,deno,runtime,deno,,,"deno 2.9.7 (stable, release, x86_64-unknown-linux-gnu)",return,return_f64,return_f64/ts,ts,ts,none,,value,,,,,,case,3,0.8743566644014974,0.8735761538481703,0.8734595419932709,0.8735761538481703,0.8734595419932709,0.8743566644014974,0.0010269538657558214,stable,false,true
2026-09-29T10-24-40-196Z/deno/runtime/return_f64/ts,2026-09-29T10-24-40-196Z,deno,runtime,deno,,,"deno 2.9.7 (stable, release, x86_64-unknown-linux-gnu)",return,return_f64,return_f64/ts,ts,ts,none,,value,,,,,,runtime,3,0.8733753803263155,0.8733916923185278,0.8748247622647607,0.8733916923185278,0.8733753803263155,0.8748247622647607,0.0016594867471176325,stable,false,true
2026-09-29T10-24-40-196Z/deno/case/return_f64/napi,2026-09-29T10-24-40-196Z,deno,runtime,deno,,,"deno 2.9.7 (stable, release, x86_64-unknown-linux-gnu)",return,return_f64,return_f64/napi,napi,napi,node-api,,value,,,,,,case,3,32.48511699861497,32.49587170969647,32.33412932112461,32.48511699861497,32.33412932112461,32.49587170969647,0.0049789689407233025,stable,false,true
2026-09-29T10-24-40-196Z/deno/runtime/return_f64/napi,2026-09-29T10-24-40-196Z,deno,runtime,deno,,,"deno 2.9.7 (stable, release, x86_64-unknown-linux-gnu)",return,return_f64,return_f64/napi,napi,napi,node-api,,value,,,,,,runtime,3,32.743249129985756,32.322668976795526,32.79314247118478,32.743249129985756,32.322668976795526,32.79314247118478,0.014368564723725018,stable,false,true
2026-09-29T10-24-40-196Z/deno/case/return_f64/ffi,2026-09-29T10-24-40-196Z,deno,runtime,deno,,,"deno 2.9.7 (stable, release, x86_64-unknown-linux-gnu)",return,return_f64,return_f64/ffi,ffi,ffi,Deno.dlopen,,value,,,,,,case,3,5.223431706959225,4.850409459831033,4.418747803497451,4.850409459831033,4.418747803497451,5.223431706959225,0.16590020082341778,unstable,false,true
2026-09-29T10-24-40-196Z/deno/runtime/return_f64/ffi,2026-09-29T10-24-40-196Z,deno,runtime,deno,,,"deno 2.9.7 (stable, release, x86_64-unknown-linux-gnu)",return,return_f64,return_f64/ffi,ffi,ffi,Deno.dlopen,,value,,,,,,runtime,3,4.450908851954223,4.850474895087742,6.559174342638583,4.850474895087742,4.450908851954223,6.559174342638583,0.4346513560598942,unstable,false,true
2026-09-29T10-24-40-196Z/deno/case/return_string/napi/ascii/16,2026-09-29T10-24-40-196Z,deno,runtime,deno,,,"deno 2.9.7 (stable, release, x86_64-unknown-linux-gnu)",return,return_string,return_string/napi/ascii/16,napi,napi,node-api,,native-buffer+engine-copy,ascii,16,string-ascii,16,,case,3,82.13282997075663,82.5342218578727,84.76193968205803,82.5342218578727,82.13282997075663,84.76193968205803,0.031854782805474685,stable,false,true
2026-09-29T10-24-40-196Z/deno/runtime/return_string/napi/ascii/16,2026-09-29T10-24-40-196Z,deno,runtime,deno,,,"deno 2.9.7 (stable, release, x86_64-unknown-linux-gnu)",return,return_string,return_string/napi/ascii/16,napi,napi,node-api,,native-buffer+engine-copy,ascii,16,string-ascii,16,,runtime,3,85.80767831858982,84.65818957552953,85.69974619075325,85.69974619075325,84.65818957552953,85.80767831858982,0.013412977215845188,stable,false,true
2026-09-29T10-24-40-196Z/deno/case/return_string/ffi/ascii/16,2026-09-29T10-24-40-196Z,deno,runtime,deno,,,"deno 2.9.7 (stable, release, x86_64-unknown-linux-gnu)",return,return_string,return_string/ffi/ascii/16,ffi,ffi,Deno.dlopen,,js-buffer+TextDecoder,ascii,16,string-ascii,16,,case,3,186.99169871494232,185.71536812885927,185.6311329928344,185.71536812885927,185.6311329928344,186.99169871494232,0.007326080419816812,stable,false,true
2026-09-29T10-24-40-196Z/deno/runtime/return_string/ffi/ascii/16,2026-09-29T10-24-40-196Z,deno,runtime,deno,,,"deno 2.9.7 (stable, release, x86_64-unknown-linux-gnu)",return,return_string,return_string/ffi/ascii/16,ffi,ffi,Deno.dlopen,,js-buffer+TextDecoder,ascii,16,string-ascii,16,,runtime,3,187.32378806873345,188.2904107413152,189.37375650011305,188.2904107413152,187.32378806873345,189.37375650011305,0.010887269422317889,stable,false,true
2026-09-29T10-24-40-196Z/deno/case/return_string/napi/ascii/64,2026-09-29T10-24-40-196Z,deno,runtime,deno,,,"deno 2.9.7 (stable, release, x86_64-unknown-linux-gnu)",return,return_string,return_string/napi/ascii/64,napi,napi,node-api,,native-buffer+engine-copy,ascii,64,string-ascii,64,,case,3,111.79117414181347,112.66722512317226,113.89333908541846,112.66722512317226,111.79117414181347,113.89333908541846,0.018658176246968184,stable,false,true
2026-09-29T10-24-40-196Z/deno/runtime/return_string/napi/ascii/64,2026-09-29T10-24-40-196Z,deno,runtime,deno,,,"deno 2.9.7 (stable, release, x86_64-unknown-linux-gnu)",return,return_string,return_string/napi/ascii/64,napi,napi,node-api,,native-buffer+engine-copy,ascii,64,string-ascii,64,,runtime,3,116.57430734873334,116.36525779801428,116.1807017237668,116.36525779801428,116.1807017237668,116.57430734873334,0.0033825012071021813,stable,false,true
2026-09-29T10-24-40-196Z/deno/case/return_string/ffi/ascii/64,2026-09-29T10-24-40-196Z,deno,runtime,deno,,,"deno 2.9.7 (stable, release, x86_64-unknown-linux-gnu)",return,return_string,return_string/ffi/ascii/64,ffi,ffi,Deno.dlopen,,js-buffer+TextDecoder,ascii,64,string-ascii,64,,case,3,228.0188415672913,223.9205437627217,225.42849302978186,225.42849302978186,223.9205437627217,228.0188415672913,0.018180034606486775,stable,false,true
2026-09-29T10-24-40-196Z/deno/runtime/return_string/ffi/ascii/64,2026-09-29T10-24-40-196Z,deno,runtime,deno,,,"deno 2.9.7 (stable, release, x86_64-unknown-linux-gnu)",return,return_string,return_string/ffi/ascii/64,ffi,ffi,Deno.dlopen,,js-buffer+TextDecoder,ascii,64,string-ascii,64,,runtime,3,229.20209603177335,227.09013983791516,224.23828208443422,227.09013983791516,224.23828208443422,229.20209603177335,0.021858342026131294,stable,false,true
2026-09-29T10-24-40-196Z/deno/case/return_string/napi/ascii/1024,2026-09-29T10-24-40-196Z,deno,runtime,deno,,,"deno 2.9.7 (stable, release, x86_64-unknown-linux-gnu)",return,return_string,return_string/napi/ascii/1024,napi,napi,node-api,,native-buffer+engine-copy,ascii,1024,string-ascii,1024,,case,3,838.1823883486973,838.9030961847559,838.339715536105,838.339715536105,838.1823883486973,838.9030961847559,0.0008596847109858743,stable,false,true
2026-09-29T10-24-40-196Z/deno/runtime/return_string/napi/ascii/1024,2026-09-29T10-24-40-196Z,deno,runtime,deno,,,"deno 2.9.7 (stable, release, x86_64-unknown-linux-gnu)",return,return_string,return_string/napi/ascii/1024,napi,napi,node-api,,native-buffer+engine-copy,ascii,1024,string-ascii,1024,,runtime,3,856.6666738068717,854.5651291039671,850.5854005607,854.5651291039671,850.5854005607,856.6666738068717,0.007116219746232867,stable,false,true
2026-09-29T10-24-40-196Z/deno/case/return_string/ffi/ascii/1024,2026-09-29T10-24-40-196Z,deno,runtime,deno,,,"deno 2.9.7 (stable, release, x86_64-unknown-linux-gnu)",return,return_string,return_string/ffi/ascii/1024,ffi,ffi,Deno.dlopen,,js-buffer+TextDecoder,ascii,1024,string-ascii,1024,,case,3,945.5248972750865,951.9055618985483,949.0197119029567,949.0197119029567,945.5248972750865,951.9055618985483,0.00672342686187986,stable,false,true
2026-09-29T10-24-40-196Z/deno/runtime/return_string/ffi/ascii/1024,2026-09-29T10-24-40-196Z,deno,runtime,deno,,,"deno 2.9.7 (stable, release, x86_64-unknown-linux-gnu)",return,return_string,return_string/ffi/ascii/1024,ffi,ffi,Deno.dlopen,,js-buffer+TextDecoder,ascii,1024,string-ascii,1024,,runtime,3,966.7183354313934,965.7005401755571,972.7782240397255,966.7183354313934,965.7005401755571,972.7782240397255,0.007321350598993283,stable,false,true
2026-09-29T10-24-40-196Z/deno/case/return_string/napi/ascii/65536,2026-09-29T10-24-40-196Z,deno,runtime,deno,,,"deno 2.9.7 (stable, release, x86_64-unknown-linux-gnu)",return,return_string,return_string/napi/ascii/65536,napi,napi,node-api,,native-buffer+engine-copy,ascii,65536,string-ascii,65536,,case,3,49739.53535353535,49718.29093198992,49676.838790931986,49718.29093198992,49676.838790931986,49739.53535353535,0.0012610361584859502,stable,false,true
2026-09-29T10-24-40-196Z/deno/runtime/return_string/napi/ascii/65536,2026-09-29T10-24-40-196Z,deno,runtime,deno,,,"deno 2.9.7 (stable, release, x86_64-unknown-linux-gnu)",return,return_string,return_string/napi/ascii/65536,napi,napi,node-api,,native-buffer+engine-copy,ascii,65536,string-ascii,65536,,runtime,3,50695.99367088608,50532.60632911392,50442.85138539043,50532.60632911392,50442.85138539043,50695.99367088608,0.0050094840516825175,stable,false,true
2026-09-29T10-24-40-196Z/deno/case/return_string/ffi/ascii/65536,2026-09-29T10-24-40-196Z,deno,runtime,deno,,,"deno 2.9.7 (stable, release, x86_64-unknown-linux-gnu)",return,return_string,return_string/ffi/ascii/65536,ffi,ffi,Deno.dlopen,,js-buffer+TextDecoder,ascii,65536,string-ascii,65536,,case,3,49881.98481012658,49865.79797979798,49832.968513853906,49865.79797979798,49832.968513853906,49881.98481012658,0.0009829642411925956,stable,false,true
2026-09-29T10-24-40-196Z/deno/runtime/return_string/ffi/ascii/65536,2026-09-29T10-24-40-196Z,deno,runtime,deno,,,"deno 2.9.7 (stable, release, x86_64-unknown-linux-gnu)",return,return_string,return_string/ffi/ascii/65536,ffi,ffi,Deno.dlopen,,js-buffer+TextDecoder,ascii,65536,string-ascii,65536,,runtime,3,50645.950632911394,50696.65355329949,50648.32911392405,50648.32911392405,50645.950632911394,50696.65355329949,0.0010010778494597289,stable,false,true
2026-09-29T10-24-40-196Z/deno/case/return_string/napi/utf8/16,2026-09-29T10-24-40-196Z,deno,runtime,deno,,,"deno 2.9.7 (stable, release, x86_64-unknown-linux-gnu)",return,return_string,return_string/napi/utf8/16,napi,napi,node-api,,native-buffer+engine-copy,utf8,16,string-utf8,16,,case,3,177.02244777665646,177.41662512906328,176.53797861484537,177.02244777665646,176.53797861484537,177.41662512906328,0.004963475114333892,stable,false,true
2026-09-29T10-24-40-196Z/deno/runtime/return_string/napi/utf8/16,2026-09-29T10-24-40-196Z,deno,runtime,deno,,,"deno 2.9.7 (stable, release, x86_64-unknown-linux-gnu)",return,return_string,return_string/napi/utf8/16,napi,napi,node-api,,native-buffer+engine-copy,utf8,16,string-utf8,16,,runtime,3,178.65234565709466,177.25933073622605,179.42161887549116,178.65234565709466,177.25933073622605,179.42161887549116,0.0121033291296125,stable,false,true
2026-09-29T10-24-40-196Z/deno/case/return_string/ffi/utf8/16,2026-09-29T10-24-40-196Z,deno,runtime,deno,,,"deno 2.9.7 (stable, release, x86_64-unknown-linux-gnu)",return,return_string,return_string/ffi/utf8/16,ffi,ffi,Deno.dlopen,,js-buffer+TextDecoder,utf8,16,string-utf8,16,,case,3,269.2817651789304,272.3039473885682,269.2429527836505,269.2817651789304,269.2429527836505,272.3039473885682,0.011367255420669728,stable,false,true
2026-09-29T10-24-40-196Z/deno/runtime/return_string/ffi/utf8/16,2026-09-29T10-24-40-196Z,deno,runtime,deno,,,"deno 2.9.7 (stable, release, x86_64-unknown-linux-gnu)",return,return_string,return_string/ffi/utf8/16,ffi,ffi,Deno.dlopen,,js-buffer+TextDecoder,utf8,16,string-utf8,16,,runtime,3,270.2532400629033,273.28570254387046,270.6130209959148,270.6130209959148,270.2532400629033,273.28570254387046,0.011205900107123676,stable,false,true
2026-09-29T10-24-40-196Z/deno/case/return_string/napi/utf8/64,2026-09-29T10-24-40-196Z,deno,runtime,deno,,,"deno 2.9.7 (stable, release, x86_64-unknown-linux-gnu)",return,return_string,return_string/napi/utf8/64,napi,napi,node-api,,native-buffer+engine-copy,utf8,64,string-utf8,64,,case,3,257.73331221227954,259.5270950624474,257.330629225169,257.73331221227954,257.330629225169,259.5270950624474,0.008522242695074381,stable,false,true
2026-09-29T10-24-40-196Z/deno/runtime/return_string/napi/utf8/64,2026-09-29T10-24-40-196Z,deno,runtime,deno,,,"deno 2.9.7 (stable, release, x86_64-unknown-linux-gnu)",return,return_string,return_string/napi/utf8/64,napi,napi,node-api,,native-buffer+engine-copy,utf8,64,string-utf8,64,,runtime,3,261.0344167513087,257.17337131341316,261.1861026207973,261.0344167513087,257.17337131341316,261.1861026207973,0.015372422369909787,stable,false,true
2026-09-29T10-24-40-196Z/deno/case/return_string/ffi/utf8/64,2026-09-29T10-24-40-196Z,deno,runtime,deno,,,"deno 2.9.7 (stable, release, x86_64-unknown-linux-gnu)",return,return_string,return_string/ffi/utf8/64,ffi,ffi,Deno.dlopen,,js-buffer+TextDecoder,utf8,64,string-utf8,64,,case,3,356.16388983661244,356.9771878259221,356.7905841077186,356.7905841077186,356.16388983661244,356.9771878259221,0.0022794827709469983,stable,false,true
2026-09-29T10-24-40-196Z/deno/runtime/return_string/ffi/utf8/64,2026-09-29T10-24-40-196Z,deno,runtime,deno,,,"deno 2.9.7 (stable, release, x86_64-unknown-linux-gnu)",return,return_string,return_string/ffi/utf8/64,ffi,ffi,Deno.dlopen,,js-buffer+TextDecoder,utf8,64,string-utf8,64,,runtime,3,358.7232336639702,360.69049336410853,359.2916907149556,359.2916907149556,358.7232336639702,360.69049336410853,0.005475383235898666,stable,false,true
2026-09-29T10-24-40-196Z/deno/case/return_string/napi/utf8/1024,2026-09-29T10-24-40-196Z,deno,runtime,deno,,,"deno 2.9.7 (stable, release, x86_64-unknown-linux-gnu)",return,return_string,return_string/napi/utf8/1024,napi,napi,node-api,,native-buffer+engine-copy,utf8,1024,string-utf8,1024,,case,3,1468.8343840391603,1469.3351447926748,1492.863694555313,1469.3351447926748,1468.8343840391603,1492.863694555313,0.016353866305663885,stable,false,true
2026-09-29T10-24-40-196Z/deno/runtime/return_string/napi/utf8/1024,2026-09-29T10-24-40-196Z,deno,runtime,deno,,,"deno 2.9.7 (stable, release, x86_64-unknown-linux-gnu)",return,return_string,return_string/napi/utf8/1024,napi,napi,node-api,,native-buffer+engine-copy,utf8,1024,string-utf8,1024,,runtime,3,1486.0413972500928,1497.19244914809,1485.1995503934058,1486.0413972500928,1485.1995503934058,1497.19244914809,0.008070366530082458,stable,false,true
2026-09-29T10-24-40-196Z/deno/case/return_string/ffi/utf8/1024,2026-09-29T10-24-40-196Z,deno,runtime,deno,,,"deno 2.9.7 (stable, release, x86_64-unknown-linux-gnu)",return,return_string,return_string/ffi/utf8/1024,ffi,ffi,Deno.dlopen,,js-buffer+TextDecoder,utf8,1024,string-utf8,1024,,case,3,1627.2199651046858,1626.222328881469,1624.6062390378352,1626.222328881469,1624.6062390378352,1627.2199651046858,0.001607237842225655,stable,false,true
2026-09-29T10-24-40-196Z/deno/runtime/return_string/ffi/utf8/1024,2026-09-29T10-24-40-196Z,deno,runtime,deno,,,"deno 2.9.7 (stable, release, x86_64-unknown-linux-gnu)",return,return_string,return_string/ffi/utf8/1024,ffi,ffi,Deno.dlopen,,js-buffer+TextDecoder,utf8,1024,string-utf8,1024,,runtime,3,1637.9275774044795,1660.5685638209352,1651.0058587211247,1651.0058587211247,1637.9275774044795,1660.5685638209352,0.013713450074606932,stable,false,true
2026-09-29T10-24-40-196Z/deno/case/return_string/napi/utf8/65536,2026-09-29T10-24-40-196Z,deno,runtime,deno,,,"deno 2.9.7 (stable, release, x86_64-unknown-linux-gnu)",return,return_string,return_string/napi/utf8/65536,napi,napi,node-api,,native-buffer+engine-copy,utf8,65536,string-utf8,65536,,case,3,82326.08884297521,82234.4958677686,82882.72520661156,82326.08884297521,82234.4958677686,82882.72520661156,0.007873923660813879,stable,false,true
2026-09-29T10-24-40-196Z/deno/runtime/return_string/napi/utf8/65536,2026-09-29T10-24-40-196Z,deno,runtime,deno,,,"deno 2.9.7 (stable, release, x86_64-unknown-linux-gnu)",return,return_string,return_string/napi/utf8/65536,napi,napi,node-api,,native-buffer+engine-copy,utf8,65536,string-utf8,65536,,runtime,3,83269.1875,83435.79707112971,83261.02708333333,83269.1875,83261.02708333333,83435.79707112971,0.0020988554475372427,stable,false,true
2026-09-29T10-24-40-196Z/deno/case/return_string/ffi/utf8/65536,2026-09-29T10-24-40-196Z,deno,runtime,deno,,,"deno 2.9.7 (stable, release, x86_64-unknown-linux-gnu)",return,return_string,return_string/ffi/utf8/65536,ffi,ffi,Deno.dlopen,,js-buffer+TextDecoder,utf8,65536,string-utf8,65536,,case,3,84166.702991453,84517.13461538462,84761.07939914163,84517.13461538462,84166.702991453,84761.07939914163,0.007032614278672375,stable,false,true
2026-09-29T10-24-40-196Z/deno/runtime/return_string/ffi/utf8/65536,2026-09-29T10-24-40-196Z,deno,runtime,deno,,,"deno 2.9.7 (stable, release, x86_64-unknown-linux-gnu)",return,return_string,return_string/ffi/utf8/65536,ffi,ffi,Deno.dlopen,,js-buffer+TextDecoder,utf8,65536,string-utf8,65536,,runtime,3,85065.9085106383,85391.15170940172,85198.24680851064,85198.24680851064,85065.9085106383,85391.15170940172,0.0038174869900131536,stable,false,true
2026-09-29T10-24-40-196Z/deno/case/return_bytes/ts/16,2026-09-29T10-24-40-196Z,deno,runtime,deno,,,"deno 2.9.7 (stable, release, x86_64-unknown-linux-gnu)",return,return_bytes,return_bytes/ts/16,ts,ts,none,,js-alloc+js-fill,,16,uint8array,16,,case,3,2036.3307479224377,1777.1307098334728,1890.9818789774565,1890.9818789774565,1777.1307098334728,2036.3307479224377,0.13707166682587496,unstable,false,true
2026-09-29T10-24-40-196Z/deno/runtime/return_bytes/ts/16,2026-09-29T10-24-40-196Z,deno,runtime,deno,,,"deno 2.9.7 (stable, release, x86_64-unknown-linux-gnu)",return,return_bytes,return_bytes/ts/16,ts,ts,none,,js-alloc+js-fill,,16,uint8array,16,,runtime,3,1786.9718933210715,1766.7612999806838,1849.1323848827105,1786.9718933210715,1766.7612999806838,1849.1323848827105,0.04609534442589401,stable,false,true
2026-09-29T10-24-40-196Z/deno/case/return_bytes/napi/16,2026-09-29T10-24-40-196Z,deno,runtime,deno,,,"deno 2.9.7 (stable, release, x86_64-unknown-linux-gnu)",return,return_bytes,return_bytes/napi/16,napi,napi,node-api,,js-alloc+native-fill,,16,uint8array,16,,case,3,2039.2928624328829,1915.820628283478,1844.8890497640498,1915.820628283478,1844.8890497640498,2039.2928624328829,0.10147286744845915,unstable,false,true
2026-09-29T10-24-40-196Z/deno/runtime/return_bytes/napi/16,2026-09-29T10-24-40-196Z,deno,runtime,deno,,,"deno 2.9.7 (stable, release, x86_64-unknown-linux-gnu)",return,return_bytes,return_bytes/napi/16,napi,napi,node-api,,js-alloc+native-fill,,16,uint8array,16,,runtime,3,2012.275141467289,2101.3196668802047,2132.368774452786,2101.3196668802047,2012.275141467289,2132.368774452786,0.05715152952610881,unstable,false,true
2026-09-29T10-24-40-196Z/deno/case/return_bytes/ffi/16,2026-09-29T10-24-40-196Z,deno,runtime,deno,,,"deno 2.9.7 (stable, release, x86_64-unknown-linux-gnu)",return,return_bytes,return_bytes/ffi/16,ffi,ffi,Deno.dlopen,,js-alloc+native-fill,,16,uint8array,16,,case,3,1946.040109112952,1988.5872542306565,1939.1258849336923,1946.040109112952,1939.1258849336923,1988.5872542306565,0.025416418225577993,stable,false,true
2026-09-29T10-24-40-196Z/deno/runtime/return_bytes/ffi/16,2026-09-29T10-24-40-196Z,deno,runtime,deno,,,"deno 2.9.7 (stable, release, x86_64-unknown-linux-gnu)",return,return_bytes,return_bytes/ffi/16,ffi,ffi,Deno.dlopen,,js-alloc+native-fill,,16,uint8array,16,,runtime,3,1829.727369482411,2004.4174118884798,1914.1351855919174,1914.1351855919174,1829.727369482411,2004.4174118884798,0.09126316872548822,unstable,false,true
2026-09-29T10-24-40-196Z/deno/case/return_bytes/ts/64,2026-09-29T10-24-40-196Z,deno,runtime,deno,,,"deno 2.9.7 (stable, release, x86_64-unknown-linux-gnu)",return,return_bytes,return_bytes/ts/64,ts,ts,none,,js-alloc+js-fill,,64,uint8array,64,,case,3,1888.1910681399631,1982.4057103384757,2082.933750319122,1982.4057103384757,1888.1910681399631,2082.933750319122,0.09823553330357808,unstable,false,true
2026-09-29T10-24-40-196Z/deno/runtime/return_bytes/ts/64,2026-09-29T10-24-40-196Z,deno,runtime,deno,,,"deno 2.9.7 (stable, release, x86_64-unknown-linux-gnu)",return,return_bytes,return_bytes/ts/64,ts,ts,none,,js-alloc+js-fill,,64,uint8array,64,,runtime,3,1960.5910410216718,2154.1617256402083,2054.0229494700006,2054.0229494700006,1960.5910410216718,2154.1617256402083,0.0942397866920053,unstable,false,true
2026-09-29T10-24-40-196Z/deno/case/return_bytes/napi/64,2026-09-29T10-24-40-196Z,deno,runtime,deno,,,"deno 2.9.7 (stable, release, x86_64-unknown-linux-gnu)",return,return_bytes,return_bytes/napi/64,napi,napi,node-api,,js-alloc+native-fill,,64,uint8array,64,,case,3,2118.4789221829783,1968.2731124320221,2163.498428858723,2118.4789221829783,1968.2731124320221,2163.498428858723,0.0921535326042006,unstable,false,true
2026-09-29T10-24-40-196Z/deno/runtime/return_bytes/napi/64,2026-09-29T10-24-40-196Z,deno,runtime,deno,,,"deno 2.9.7 (stable, release, x86_64-unknown-linux-gnu)",return,return_bytes,return_bytes/napi/64,napi,napi,node-api,,js-alloc+native-fill,,64,uint8array,64,,runtime,3,2098.8397841651968,2147.9083678014636,2208.1098072989557,2147.9083678014636,2098.8397841651968,2208.1098072989557,0.050872758247878416,unstable,false,true
2026-09-29T10-24-40-196Z/deno/case/return_bytes/ffi/64,2026-09-29T10-24-40-196Z,deno,runtime,deno,,,"deno 2.9.7 (stable, release, x86_64-unknown-linux-gnu)",return,return_bytes,return_bytes/ffi/64,ffi,ffi,Deno.dlopen,,js-alloc+native-fill,,64,uint8array,64,,case,3,1797.6430187256503,1773.0392573859065,1875.1237188872622,1797.6430187256503,1773.0392573859065,1875.1237188872622,0.05678794979757627,unstable,true,true
2026-09-29T10-24-40-196Z/deno/runtime/return_bytes/ffi/64,2026-09-29T10-24-40-196Z,deno,runtime,deno,,,"deno 2.9.7 (stable, release, x86_64-unknown-linux-gnu)",return,return_bytes,return_bytes/ffi/64,ffi,ffi,Deno.dlopen,,js-alloc+native-fill,,64,uint8array,64,,runtime,3,1876.6078266554591,2050.0329166246597,1970.1887819578108,1970.1887819578108,1876.6078266554591,2050.0329166246597,0.08802460533597449,unstable,true,true
2026-09-29T10-24-40-196Z/deno/case/return_bytes/ts/1024,2026-09-29T10-24-40-196Z,deno,runtime,deno,,,"deno 2.9.7 (stable, release, x86_64-unknown-linux-gnu)",return,return_bytes,return_bytes/ts/1024,ts,ts,none,,js-alloc+js-fill,,1024,uint8array,1024,,case,3,2198.2659368339473,2169.0392654815396,2051.819332679097,2169.0392654815396,2051.819332679097,2198.2659368339473,0.06751680639692721,unstable,false,true
2026-09-29T10-24-40-196Z/deno/runtime/return_bytes/ts/1024,2026-09-29T10-24-40-196Z,deno,runtime,deno,,,"deno 2.9.7 (stable, release, x86_64-unknown-linux-gnu)",return,return_bytes,return_bytes/ts/1024,ts,ts,none,,js-alloc+js-fill,,1024,uint8array,1024,,runtime,3,2366.5799303788995,2148.868574297189,2317.279703960528,2317.279703960528,2148.868574297189,2366.5799303788995,0.09395126350505466,unstable,false,true
2026-09-29T10-24-40-196Z/deno/case/return_bytes/napi/1024,2026-09-29T10-24-40-196Z,deno,runtime,deno,,,"deno 2.9.7 (stable, release, x86_64-unknown-linux-gnu)",return,return_bytes,return_bytes/napi/1024,napi,napi,node-api,,js-alloc+native-fill,,1024,uint8array,1024,,case,3,2487.2371527363775,2476.212293773284,2291.4973271353865,2476.212293773284,2291.4973271353865,2487.2371527363775,0.07904807923504821,unstable,false,true
2026-09-29T10-24-40-196Z/deno/runtime/return_bytes/napi/1024,2026-09-29T10-24-40-196Z,deno,runtime,deno,,,"deno 2.9.7 (stable, release, x86_64-unknown-linux-gnu)",return,return_bytes,return_bytes/napi/1024,napi,napi,node-api,,js-alloc+native-fill,,1024,uint8array,1024,,runtime,3,2364.5689014152076,2138.1160732767544,2391.669719827586,2364.5689014152076,2138.1160732767544,2391.669719827586,0.10723039045260149,unstable,false,true
2026-09-29T10-24-40-196Z/deno/case/return_bytes/ffi/1024,2026-09-29T10-24-40-196Z,deno,runtime,deno,,,"deno 2.9.7 (stable, release, x86_64-unknown-linux-gnu)",return,return_bytes,return_bytes/ffi/1024,ffi,ffi,Deno.dlopen,,js-alloc+native-fill,,1024,uint8array,1024,,case,3,2166.249586461382,2112.78534438115,2035.1013600342685,2112.78534438115,2035.1013600342685,2166.249586461382,0.062073616127589985,unstable,false,true
2026-09-29T10-24-40-196Z/deno/runtime/return_bytes/ffi/1024,2026-09-29T10-24-40-196Z,deno,runtime,deno,,,"deno 2.9.7 (stable, release, x86_64-unknown-linux-gnu)",return,return_bytes,return_bytes/ffi/1024,ffi,ffi,Deno.dlopen,,js-alloc+native-fill,,1024,uint8array,1024,,runtime,3,2092.8569277108436,2235.1984028092434,2030.5035291778509,2092.8569277108436,2030.5035291778509,2235.1984028092434,0.09780643431526241,unstable,false,true
2026-09-29T10-24-40-196Z/deno/case/return_bytes/ts/65536,2026-09-29T10-24-40-196Z,deno,runtime,deno,,,"deno 2.9.7 (stable, release, x86_64-unknown-linux-gnu)",return,return_bytes,return_bytes/ts/65536,ts,ts,none,,js-alloc+js-fill,,65536,uint8array,65536,,case,3,190887.4835680751,190866.7105263158,191233.66746411484,190887.4835680751,190866.7105263158,191233.66746411484,0.0019223729651619082,stable,true,true
2026-09-29T10-24-40-196Z/deno/runtime/return_bytes/ts/65536,2026-09-29T10-24-40-196Z,deno,runtime,deno,,,"deno 2.9.7 (stable, release, x86_64-unknown-linux-gnu)",return,return_bytes,return_bytes/ts/65536,ts,ts,none,,js-alloc+js-fill,,65536,uint8array,65536,,runtime,3,69904.84541062801,70073.51923076922,69932.7990430622,69932.7990430622,69904.84541062801,70073.51923076922,0.002411941498828677,stable,true,true
2026-09-29T10-24-40-196Z/deno/case/return_bytes/napi/65536,2026-09-29T10-24-40-196Z,deno,runtime,deno,,,"deno 2.9.7 (stable, release, x86_64-unknown-linux-gnu)",return,return_bytes,return_bytes/napi/65536,napi,napi,node-api,,js-alloc+native-fill,,65536,uint8array,65536,,case,3,9082.7462585034,9020.321670428893,9094.611510791368,9082.7462585034,9020.321670428893,9094.611510791368,0.008179226662081823,stable,false,true
2026-09-29T10-24-40-196Z/deno/runtime/return_bytes/napi/65536,2026-09-29T10-24-40-196Z,deno,runtime,deno,,,"deno 2.9.7 (stable, release, x86_64-unknown-linux-gnu)",return,return_bytes,return_bytes/napi/65536,napi,napi,node-api,,js-alloc+native-fill,,65536,uint8array,65536,,runtime,3,9444.222767857143,9464.103934987168,9304.83319467554,9444.222767857143,9304.83319467554,9464.103934987168,0.016864356572961828,stable,false,true
2026-09-29T10-24-40-196Z/deno/case/return_bytes/ffi/65536,2026-09-29T10-24-40-196Z,deno,runtime,deno,,,"deno 2.9.7 (stable, release, x86_64-unknown-linux-gnu)",return,return_bytes,return_bytes/ffi/65536,ffi,ffi,Deno.dlopen,,js-alloc+native-fill,,65536,uint8array,65536,,case,3,9047.188162137263,9072.205258302583,9088.67088607595,9072.205258302583,9047.188162137263,9088.67088607595,0.0045725072082913034,stable,false,true
2026-09-29T10-24-40-196Z/deno/runtime/return_bytes/ffi/65536,2026-09-29T10-24-40-196Z,deno,runtime,deno,,,"deno 2.9.7 (stable, release, x86_64-unknown-linux-gnu)",return,return_bytes,return_bytes/ffi/65536,ffi,ffi,Deno.dlopen,,js-alloc+native-fill,,65536,uint8array,65536,,runtime,3,8901.606586559858,8949.681919147046,8943.083556149733,8943.083556149733,8901.606586559858,8949.681919147046,0.005375699811518499,stable,false,true
2026-09-29T10-24-40-196Z/deno/case/return_bytes/ts/1048576,2026-09-29T10-24-40-196Z,deno,runtime,deno,,,"deno 2.9.7 (stable, release, x86_64-unknown-linux-gnu)",return,return_bytes,return_bytes/ts/1048576,ts,ts,none,,js-alloc+js-fill,,1048576,uint8array,1048576,,case,3,1113781.153846154,1113870.153846154,1115501,1113870.153846154,1113781.153846154,1115501,0.0015440275043796111,stable,false,true
2026-09-29T10-24-40-196Z/deno/runtime/return_bytes/ts/1048576,2026-09-29T10-24-40-196Z,deno,runtime,deno,,,"deno 2.9.7 (stable, release, x86_64-unknown-linux-gnu)",return,return_bytes,return_bytes/ts/1048576,ts,ts,none,,js-alloc+js-fill,,1048576,uint8array,1048576,,runtime,3,1111703.138888889,1111607.9722222222,1111332.638888889,1111607.9722222222,1111332.638888889,1111703.138888889,0.0003333009561449359,stable,false,true
2026-09-29T10-24-40-196Z/deno/case/return_bytes/napi/1048576,2026-09-29T10-24-40-196Z,deno,runtime,deno,,,"deno 2.9.7 (stable, release, x86_64-unknown-linux-gnu)",return,return_bytes,return_bytes/napi/1048576,napi,napi,node-api,,js-alloc+native-fill,,1048576,uint8array,1048576,,case,3,141133.2875,143770.3076923077,152461.9,143770.3076923077,141133.2875,152461.9,0.07879660746254434,unstable,false,true
2026-09-29T10-24-40-196Z/deno/runtime/return_bytes/napi/1048576,2026-09-29T10-24-40-196Z,deno,runtime,deno,,,"deno 2.9.7 (stable, release, x86_64-unknown-linux-gnu)",return,return_bytes,return_bytes/napi/1048576,napi,napi,node-api,,js-alloc+native-fill,,1048576,uint8array,1048576,,runtime,3,140680.01408450704,139919.17021276595,140365.86971830987,140365.86971830987,139919.17021276595,140680.01408450704,0.005420433565994159,stable,false,true
2026-09-29T10-24-40-196Z/deno/case/return_bytes/ffi/1048576,2026-09-29T10-24-40-196Z,deno,runtime,deno,,,"deno 2.9.7 (stable, release, x86_64-unknown-linux-gnu)",return,return_bytes,return_bytes/ffi/1048576,ffi,ffi,Deno.dlopen,,js-alloc+native-fill,,1048576,uint8array,1048576,,case,3,147935.91249999998,151887.125,151642.54054054053,151642.54054054053,147935.91249999998,151887.125,0.026056095380067146,stable,false,true
2026-09-29T10-24-40-196Z/deno/runtime/return_bytes/ffi/1048576,2026-09-29T10-24-40-196Z,deno,runtime,deno,,,"deno 2.9.7 (stable, release, x86_64-unknown-linux-gnu)",return,return_bytes,return_bytes/ffi/1048576,ffi,ffi,Deno.dlopen,,js-alloc+native-fill,,1048576,uint8array,1048576,,runtime,3,173412.48581560282,139932.9184397163,140633.1338028169,140633.1338028169,139932.9184397163,173412.48581560282,0.2380631538996247,unstable,false,true
2026-09-29T10-24-40-196Z/deno/case/return_bytes/ts/16777216,2026-09-29T10-24-40-196Z,deno,runtime,deno,,,"deno 2.9.7 (stable, release, x86_64-unknown-linux-gnu)",return,return_bytes,return_bytes/ts/16777216,ts,ts,none,,js-alloc+js-fill,,16777216,uint8array,16777216,,case,3,37496312.5,37507608,37515254.5,37507608,37496312.5,37515254.5,0.0005050175420410707,stable,true,true
2026-09-29T10-24-40-196Z/deno/runtime/return_bytes/ts/16777216,2026-09-29T10-24-40-196Z,deno,runtime,deno,,,"deno 2.9.7 (stable, release, x86_64-unknown-linux-gnu)",return,return_bytes,return_bytes/ts/16777216,ts,ts,none,,js-alloc+js-fill,,16777216,uint8array,16777216,,runtime,3,14853181,13537442.5,13537990,13537990,13537442.5,14853181,0.09718861514892536,unstable,true,true
2026-09-29T10-24-40-196Z/deno/case/return_bytes/napi/16777216,2026-09-29T10-24-40-196Z,deno,runtime,deno,,,"deno 2.9.7 (stable, release, x86_64-unknown-linux-gnu)",return,return_bytes,return_bytes/napi/16777216,napi,napi,node-api,,js-alloc+native-fill,,16777216,uint8array,16777216,,case,3,2200092.333333333,1986170.35,2001617.7,2001617.7,1986170.35,2200092.333333333,0.1068745461899807,unstable,false,true
2026-09-29T10-24-40-196Z/deno/runtime/return_bytes/napi/16777216,2026-09-29T10-24-40-196Z,deno,runtime,deno,,,"deno 2.9.7 (stable, release, x86_64-unknown-linux-gnu)",return,return_bytes,return_bytes/napi/16777216,napi,napi,node-api,,js-alloc+native-fill,,16777216,uint8array,16777216,,runtime,3,2001773.65,1991579.6,1999902.65,1999902.65,1991579.6,2001773.65,0.005097273109768525,stable,false,true
2026-09-29T10-24-40-196Z/deno/case/return_bytes/ffi/16777216,2026-09-29T10-24-40-196Z,deno,runtime,deno,,,"deno 2.9.7 (stable, release, x86_64-unknown-linux-gnu)",return,return_bytes,return_bytes/ffi/16777216,ffi,ffi,Deno.dlopen,,js-alloc+native-fill,,16777216,uint8array,16777216,,case,3,2354377.833333333,2023922.888888889,2158020.125,2158020.125,2023922.888888889,2354377.833333333,0.15312875937356887,unstable,false,true
2026-09-29T10-24-40-196Z/deno/runtime/return_bytes/ffi/16777216,2026-09-29T10-24-40-196Z,deno,runtime,deno,,,"deno 2.9.7 (stable, release, x86_64-unknown-linux-gnu)",return,return_bytes,return_bytes/ffi/16777216,ffi,ffi,Deno.dlopen,,js-alloc+native-fill,,16777216,uint8array,16777216,,runtime,3,2001075.5833333333,2031897.6428571427,2407199.375,2031897.6428571427,2001075.5833333333,2407199.375,0.19987413888408168,unstable,false,true
2026-09-29T10-24-40-196Z/deno/case/return_rows/ts/1,2026-09-29T10-24-40-196Z,deno,runtime,deno,,,"deno 2.9.7 (stable, release, x86_64-unknown-linux-gnu)",return,return_rows,return_rows/ts/1,ts,ts,none,,js-objects,,1,rows,,1,case,3,21.22699859914049,24.107096559590552,21.584339766888398,21.584339766888398,21.22699859914049,24.107096559590552,0.1334346100717102,unstable,false,true
2026-09-29T10-24-40-196Z/deno/runtime/return_rows/ts/1,2026-09-29T10-24-40-196Z,deno,runtime,deno,,,"deno 2.9.7 (stable, release, x86_64-unknown-linux-gnu)",return,return_rows,return_rows/ts/1,ts,ts,none,,js-objects,,1,rows,,1,runtime,3,20.212041643402802,23.656737971736526,23.811537339451956,23.656737971736526,20.212041643402802,23.811537339451956,0.152155199941327,unstable,false,true
2026-09-29T10-24-40-196Z/deno/case/return_rows/napi.objects/1,2026-09-29T10-24-40-196Z,deno,runtime,deno,,,"deno 2.9.7 (stable, release, x86_64-unknown-linux-gnu)",return,return_rows,return_rows/napi.objects/1,napi.objects,napi,node-api,objects,native-objects,,1,rows,,1,case,3,1148.6505699901627,1150.6424406857934,1150.0081652815716,1150.0081652815716,1148.6505699901627,1150.6424406857934,0.0017320491764882622,stable,false,true
2026-09-29T10-24-40-196Z/deno/runtime/return_rows/napi.objects/1,2026-09-29T10-24-40-196Z,deno,runtime,deno,,,"deno 2.9.7 (stable, release, x86_64-unknown-linux-gnu)",return,return_rows,return_rows/napi.objects/1,napi.objects,napi,node-api,objects,native-objects,,1,rows,,1,runtime,3,1156.8769848194033,1170.8811887002994,1171.6278892855053,1170.8811887002994,1156.8769848194033,1171.6278892855053,0.012598122344484599,stable,false,true
2026-09-29T10-24-40-196Z/deno/case/return_rows/napi.packed/1,2026-09-29T10-24-40-196Z,deno,runtime,deno,,,"deno 2.9.7 (stable, release, x86_64-unknown-linux-gnu)",return,return_rows,return_rows/napi.packed/1,napi.packed,napi,node-api,packed,js-alloc+native-fill+js-decode,,1,rows,,1,case,3,2116.93316035288,2102.215889287545,2316.704167670441,2116.93316035288,2102.215889287545,2316.704167670441,0.10132028842476173,unstable,false,true
2026-09-29T10-24-40-196Z/deno/runtime/return_rows/napi.packed/1,2026-09-29T10-24-40-196Z,deno,runtime,deno,,,"deno 2.9.7 (stable, release, x86_64-unknown-linux-gnu)",return,return_rows,return_rows/napi.packed/1,napi.packed,napi,node-api,packed,js-alloc+native-fill+js-decode,,1,rows,,1,runtime,3,2253.326436523108,2256.1042204995692,2241.701941314292,2253.326436523108,2241.701941314292,2256.1042204995692,0.006391563579886784,stable,false,true
2026-09-29T10-24-40-196Z/deno/case/return_rows/ffi.packed/1,2026-09-29T10-24-40-196Z,deno,runtime,deno,,,"deno 2.9.7 (stable, release, x86_64-unknown-linux-gnu)",return,return_rows,return_rows/ffi.packed/1,ffi.packed,ffi,Deno.dlopen,packed,js-alloc+native-fill+js-decode,,1,rows,,1,case,3,2250.7051567014896,2158.7416458852867,2188.891554467564,2188.891554467564,2158.7416458852867,2250.7051567014896,0.04201373550393751,stable,false,true
2026-09-29T10-24-40-196Z/deno/runtime/return_rows/ffi.packed/1,2026-09-29T10-24-40-196Z,deno,runtime,deno,,,"deno 2.9.7 (stable, release, x86_64-unknown-linux-gnu)",return,return_rows,return_rows/ffi.packed/1,ffi.packed,ffi,Deno.dlopen,packed,js-alloc+native-fill+js-decode,,1,rows,,1,runtime,3,2302.181134194273,2312.6714379730174,2243.5257815017726,2302.181134194273,2243.5257815017726,2312.6714379730174,0.03003484627869853,stable,false,true
2026-09-29T10-24-40-196Z/deno/case/return_rows/ts/10,2026-09-29T10-24-40-196Z,deno,runtime,deno,,,"deno 2.9.7 (stable, release, x86_64-unknown-linux-gnu)",return,return_rows,return_rows/ts/10,ts,ts,none,,js-objects,,10,rows,,10,case,3,191.6450012507296,238.92034467510427,201.81795089413788,201.81795089413788,191.6450012507296,238.92034467510427,0.2342474651780238,unstable,false,true
2026-09-29T10-24-40-196Z/deno/runtime/return_rows/ts/10,2026-09-29T10-24-40-196Z,deno,runtime,deno,,,"deno 2.9.7 (stable, release, x86_64-unknown-linux-gnu)",return,return_rows,return_rows/ts/10,ts,ts,none,,js-objects,,10,rows,,10,runtime,3,231.93307692307692,227.73813407368846,228.24602701742725,228.24602701742725,227.73813407368846,231.93307692307692,0.018379039951780505,stable,false,true
2026-09-29T10-24-40-196Z/deno/case/return_rows/napi.objects/10,2026-09-29T10-24-40-196Z,deno,runtime,deno,,,"deno 2.9.7 (stable, release, x86_64-unknown-linux-gnu)",return,return_rows,return_rows/napi.objects/10,napi.objects,napi,node-api,objects,native-objects,,10,rows,,10,case,3,10289.866114377339,10296.40948044992,10351.446178686761,10296.40948044992,10289.866114377339,10351.446178686761,0.0059807318683611395,stable,false,true
2026-09-29T10-24-40-196Z/deno/runtime/return_rows/napi.objects/10,2026-09-29T10-24-40-196Z,deno,runtime,deno,,,"deno 2.9.7 (stable, release, x86_64-unknown-linux-gnu)",return,return_rows,return_rows/napi.objects/10,napi.objects,napi,node-api,objects,native-objects,,10,rows,,10,runtime,3,10369.202639751553,10529.886375591794,10535.394266175697,10529.886375591794,10369.202639751553,10535.394266175697,0.015782850877610187,stable,false,true
2026-09-29T10-24-40-196Z/deno/case/return_rows/napi.packed/10,2026-09-29T10-24-40-196Z,deno,runtime,deno,,,"deno 2.9.7 (stable, release, x86_64-unknown-linux-gnu)",return,return_rows,return_rows/napi.packed/10,napi.packed,napi,node-api,packed,js-alloc+native-fill+js-decode,,10,rows,,10,case,3,3078.0880910959986,3060.90093676815,3148.7782206632655,3078.0880910959986,3060.90093676815,3148.7782206632655,0.028549307652798655,stable,false,true
2026-09-29T10-24-40-196Z/deno/runtime/return_rows/napi.packed/10,2026-09-29T10-24-40-196Z,deno,runtime,deno,,,"deno 2.9.7 (stable, release, x86_64-unknown-linux-gnu)",return,return_rows,return_rows/napi.packed/10,napi.packed,napi,node-api,packed,js-alloc+native-fill+js-decode,,10,rows,,10,runtime,3,3176.924060751399,3158.716533546326,3183.643364546335,3176.924060751399,3158.716533546326,3183.643364546335,0.007846215560504528,stable,false,true
2026-09-29T10-24-40-196Z/deno/case/return_rows/ffi.packed/10,2026-09-29T10-24-40-196Z,deno,runtime,deno,,,"deno 2.9.7 (stable, release, x86_64-unknown-linux-gnu)",return,return_rows,return_rows/ffi.packed/10,ffi.packed,ffi,Deno.dlopen,packed,js-alloc+native-fill+js-decode,,10,rows,,10,case,3,2997.7049789848043,3045.738033213937,3032.1494556252064,3032.1494556252064,2997.7049789848043,3045.738033213937,0.015841255496170315,stable,false,true
2026-09-29T10-24-40-196Z/deno/runtime/return_rows/ffi.packed/10,2026-09-29T10-24-40-196Z,deno,runtime,deno,,,"deno 2.9.7 (stable, release, x86_64-unknown-linux-gnu)",return,return_rows,return_rows/ffi.packed/10,ffi.packed,ffi,Deno.dlopen,packed,js-alloc+native-fill+js-decode,,10,rows,,10,runtime,3,3059.9444873975567,3060.287251655629,3061.7296603773584,3060.287251655629,3059.9444873975567,3061.7296603773584,0.0005833351032116066,stable,false,true
2026-09-29T10-24-40-196Z/deno/case/return_rows/ts/100,2026-09-29T10-24-40-196Z,deno,runtime,deno,,,"deno 2.9.7 (stable, release, x86_64-unknown-linux-gnu)",return,return_rows,return_rows/ts/100,ts,ts,none,,js-objects,,100,rows,,100,case,3,1577.8501396891916,1576.6187574671444,1629.501895690771,1577.8501396891916,1576.6187574671444,1629.501895690771,0.0335159448248005,stable,false,true
2026-09-29T10-24-40-196Z/deno/runtime/return_rows/ts/100,2026-09-29T10-24-40-196Z,deno,runtime,deno,,,"deno 2.9.7 (stable, release, x86_64-unknown-linux-gnu)",return,return_rows,return_rows/ts/100,ts,ts,none,,js-objects,,100,rows,,100,runtime,3,2292.00102470682,2225.8638157131254,1524.8780697445973,2225.8638157131254,1524.8780697445973,2292.00102470682,0.34464056136176985,unstable,false,true
2026-09-29T10-24-40-196Z/deno/case/return_rows/napi.objects/100,2026-09-29T10-24-40-196Z,deno,runtime,deno,,,"deno 2.9.7 (stable, release, x86_64-unknown-linux-gnu)",return,return_rows,return_rows/napi.objects/100,napi.objects,napi,node-api,objects,native-objects,,100,rows,,100,case,3,101616.00510204081,103057.17357512953,101522.87244897959,101616.00510204081,101522.87244897959,103057.17357512953,0.015099010481756622,stable,false,true
2026-09-29T10-24-40-196Z/deno/runtime/return_rows/napi.objects/100,2026-09-29T10-24-40-196Z,deno,runtime,deno,,,"deno 2.9.7 (stable, release, x86_64-unknown-linux-gnu)",return,return_rows,return_rows/napi.objects/100,napi.objects,napi,node-api,objects,native-objects,,100,rows,,100,runtime,3,102374.71282051282,103973.58376963351,103685.29166666667,103685.29166666667,102374.71282051282,103973.58376963351,0.015420421965545734,stable,false,true
2026-09-29T10-24-40-196Z/deno/case/return_rows/napi.packed/100,2026-09-29T10-24-40-196Z,deno,runtime,deno,,,"deno 2.9.7 (stable, release, x86_64-unknown-linux-gnu)",return,return_rows,return_rows/napi.packed/100,napi.packed,napi,node-api,packed,js-alloc+native-fill+js-decode,,100,rows,,100,case,3,23265.465370595382,23367.83707201889,23227.08687727825,23265.465370595382,23227.08687727825,23367.83707201889,0.0060497476624100655,stable,false,true
2026-09-29T10-24-40-196Z/deno/runtime/return_rows/napi.packed/100,2026-09-29T10-24-40-196Z,deno,runtime,deno,,,"deno 2.9.7 (stable, release, x86_64-unknown-linux-gnu)",return,return_rows,return_rows/napi.packed/100,napi.packed,napi,node-api,packed,js-alloc+native-fill+js-decode,,100,rows,,100,runtime,3,23026.539473684214,22857.48392652124,22874.58563218391,22874.58563218391,22857.48392652124,23026.539473684214,0.007390540308853404,stable,false,true
2026-09-29T10-24-40-196Z/deno/case/return_rows/ffi.packed/100,2026-09-29T10-24-40-196Z,deno,runtime,deno,,,"deno 2.9.7 (stable, release, x86_64-unknown-linux-gnu)",return,return_rows,return_rows/ffi.packed/100,ffi.packed,ffi,Deno.dlopen,packed,js-alloc+native-fill+js-decode,,100,rows,,100,case,3,23261.018867924526,23404.58382180539,23343.239928909952,23343.239928909952,23261.018867924526,23404.58382180539,0.006150172568935625,stable,false,true
2026-09-29T10-24-40-196Z/deno/runtime/return_rows/ffi.packed/100,2026-09-29T10-24-40-196Z,deno,runtime,deno,,,"deno 2.9.7 (stable, release, x86_64-unknown-linux-gnu)",return,return_rows,return_rows/ffi.packed/100,ffi.packed,ffi,Deno.dlopen,packed,js-alloc+native-fill+js-decode,,100,rows,,100,runtime,3,22848.380297823598,22632.61657142857,22917.627272727274,22848.380297823598,22632.61657142857,22917.627272727274,0.012474000239126412,stable,false,true
2026-09-29T10-24-40-196Z/deno/case/return_rows/ts/1000,2026-09-29T10-24-40-196Z,deno,runtime,deno,,,"deno 2.9.7 (stable, release, x86_64-unknown-linux-gnu)",return,return_rows,return_rows/ts/1000,ts,ts,none,,js-objects,,1000,rows,,1000,case,3,23594.78125,16753.21152228764,23628.751773049647,23594.78125,16753.21152228764,23628.751773049647,0.2914008897947299,unstable,false,true
2026-09-29T10-24-40-196Z/deno/runtime/return_rows/ts/1000,2026-09-29T10-24-40-196Z,deno,runtime,deno,,,"deno 2.9.7 (stable, release, x86_64-unknown-linux-gnu)",return,return_rows,return_rows/ts/1000,ts,ts,none,,js-objects,,1000,rows,,1000,runtime,3,23189.509860788865,23152.16338354577,16058.328046744575,23152.16338354577,16058.328046744575,23189.509860788865,0.3080136268869119,unstable,false,true
2026-09-29T10-24-40-196Z/deno/case/return_rows/napi.objects/1000,2026-09-29T10-24-40-196Z,deno,runtime,deno,,,"deno 2.9.7 (stable, release, x86_64-unknown-linux-gnu)",return,return_rows,return_rows/napi.objects/1000,napi.objects,napi,node-api,objects,native-objects,,1000,rows,,1000,case,3,1014497.375,1017338.2749999999,1014522.55,1014522.55,1014497.375,1017338.2749999999,0.0028002334694284584,stable,false,true
2026-09-29T10-24-40-196Z/deno/runtime/return_rows/napi.objects/1000,2026-09-29T10-24-40-196Z,deno,runtime,deno,,,"deno 2.9.7 (stable, release, x86_64-unknown-linux-gnu)",return,return_rows,return_rows/napi.objects/1000,napi.objects,napi,node-api,objects,native-objects,,1000,rows,,1000,runtime,3,1021352.55,1038717.3157894737,1036815.9736842106,1036815.9736842106,1021352.55,1038717.3157894737,0.016748165759609097,stable,false,true
2026-09-29T10-24-40-196Z/deno/case/return_rows/napi.packed/1000,2026-09-29T10-24-40-196Z,deno,runtime,deno,,,"deno 2.9.7 (stable, release, x86_64-unknown-linux-gnu)",return,return_rows,return_rows/napi.packed/1000,napi.packed,napi,node-api,packed,js-alloc+native-fill+js-decode,,1000,rows,,1000,case,3,223155.22413793104,224193.4022988506,225884.63636363635,224193.4022988506,223155.22413793104,225884.63636363635,0.012174364623214886,stable,false,true
2026-09-29T10-24-40-196Z/deno/runtime/return_rows/napi.packed/1000,2026-09-29T10-24-40-196Z,deno,runtime,deno,,,"deno 2.9.7 (stable, release, x86_64-unknown-linux-gnu)",return,return_rows,return_rows/napi.packed/1000,napi.packed,napi,node-api,packed,js-alloc+native-fill+js-decode,,1000,rows,,1000,runtime,3,220281.73888888888,221522.75274725276,222716.54494382022,221522.75274725276,220281.73888888888,222716.54494382022,0.010991223360741363,stable,false,true
2026-09-29T10-24-40-196Z/deno/case/return_rows/ffi.packed/1000,2026-09-29T10-24-40-196Z,deno,runtime,deno,,,"deno 2.9.7 (stable, release, x86_64-unknown-linux-gnu)",return,return_rows,return_rows/ffi.packed/1000,ffi.packed,ffi,Deno.dlopen,packed,js-alloc+native-fill+js-decode,,1000,rows,,1000,case,3,226914.38953488372,227358.5,228259.738372093,227358.5,226914.38953488372,228259.738372093,0.005917301694061508,stable,false,true
2026-09-29T10-24-40-196Z/deno/runtime/return_rows/ffi.packed/1000,2026-09-29T10-24-40-196Z,deno,runtime,deno,,,"deno 2.9.7 (stable, release, x86_64-unknown-linux-gnu)",return,return_rows,return_rows/ffi.packed/1000,ffi.packed,ffi,Deno.dlopen,packed,js-alloc+native-fill+js-decode,,1000,rows,,1000,runtime,3,222990.1208791209,221298.52222222224,223855.84444444446,222990.1208791209,221298.52222222224,223855.84444444446,0.011468320713671909,stable,false,true
2026-09-29T10-24-40-196Z/deno/case/return_rows/ts/10000,2026-09-29T10-24-40-196Z,deno,runtime,deno,,,"deno 2.9.7 (stable, release, x86_64-unknown-linux-gnu)",return,return_rows,return_rows/ts/10000,ts,ts,none,,js-objects,,10000,rows,,10000,case,3,273976.4224137931,273308.05,275417.4210526316,273976.4224137931,273308.05,275417.4210526316,0.007699097002755045,stable,false,true
2026-09-29T10-24-40-196Z/deno/runtime/return_rows/ts/10000,2026-09-29T10-24-40-196Z,deno,runtime,deno,,,"deno 2.9.7 (stable, release, x86_64-unknown-linux-gnu)",return,return_rows,return_rows/ts/10000,ts,ts,none,,js-objects,,10000,rows,,10000,runtime,3,251772.9019607843,281673.8823529412,278169.4051724138,278169.4051724138,251772.9019607843,281673.8823529412,0.10749198091581566,unstable,false,true
2026-09-29T10-24-40-196Z/deno/case/return_rows/napi.objects/10000,2026-09-29T10-24-40-196Z,deno,runtime,deno,,,"deno 2.9.7 (stable, release, x86_64-unknown-linux-gnu)",return,return_rows,return_rows/napi.objects/10000,napi.objects,napi,node-api,objects,native-objects,,10000,rows,,10000,case,3,10303742.75,10439998,10298188,10303742.75,10298188,10439998,0.013762960066137133,stable,false,true
2026-09-29T10-24-40-196Z/deno/runtime/return_rows/napi.objects/10000,2026-09-29T10-24-40-196Z,deno,runtime,deno,,,"deno 2.9.7 (stable, release, x86_64-unknown-linux-gnu)",return,return_rows,return_rows/napi.objects/10000,napi.objects,napi,node-api,objects,native-objects,,10000,rows,,10000,runtime,3,10216408.75,10393325,10360606.5,10360606.5,10216408.75,10393325,0.017075858445159558,stable,false,true
2026-09-29T10-24-40-196Z/deno/case/return_rows/napi.packed/10000,2026-09-29T10-24-40-196Z,deno,runtime,deno,,,"deno 2.9.7 (stable, release, x86_64-unknown-linux-gnu)",return,return_rows,return_rows/napi.packed/10000,napi.packed,napi,node-api,packed,js-alloc+native-fill+js-decode,,10000,rows,,10000,case,3,2256805.4285714286,2234386.777777778,2208549.2857142854,2234386.777777778,2208549.2857142854,2256805.4285714286,0.021597041003409718,stable,false,true
2026-09-29T10-24-40-196Z/deno/runtime/return_rows/napi.packed/10000,2026-09-29T10-24-40-196Z,deno,runtime,deno,,,"deno 2.9.7 (stable, release, x86_64-unknown-linux-gnu)",return,return_rows,return_rows/napi.packed/10000,napi.packed,napi,node-api,packed,js-alloc+native-fill+js-decode,,10000,rows,,10000,runtime,3,2167486.5555555555,2271092.444444444,2274042.611111111,2271092.444444444,2167486.5555555555,2274042.611111111,0.0469184140065339,stable,false,true
2026-09-29T10-24-40-196Z/deno/case/return_rows/ffi.packed/10000,2026-09-29T10-24-40-196Z,deno,runtime,deno,,,"deno 2.9.7 (stable, release, x86_64-unknown-linux-gnu)",return,return_rows,return_rows/ffi.packed/10000,ffi.packed,ffi,Deno.dlopen,packed,js-alloc+native-fill+js-decode,,10000,rows,,10000,case,3,2211547.1875,2265146.571428572,2256389.6428571427,2256389.6428571427,2211547.1875,2265146.571428572,0.023754489433262006,stable,false,true
2026-09-29T10-24-40-196Z/deno/runtime/return_rows/ffi.packed/10000,2026-09-29T10-24-40-196Z,deno,runtime,deno,,,"deno 2.9.7 (stable, release, x86_64-unknown-linux-gnu)",return,return_rows,return_rows/ffi.packed/10000,ffi.packed,ffi,Deno.dlopen,packed,js-alloc+native-fill+js-decode,,10000,rows,,10000,runtime,3,2177272.111111111,2170271.611111111,2281091.888888889,2177272.111111111,2170271.611111111,2281091.888888889,0.050898680606910406,unstable,false,true
2026-09-29T10-24-40-196Z/scriptc/case/noop/ts,2026-09-29T10-24-40-196Z,scriptc,runtime,scriptc,,,0.1.7,boundary,noop,noop/ts,ts,ts,none,,,,,,,,case,3,0.8737792054762645,0.8736173596967828,0.8733953954028533,0.8736173596967828,0.8733953954028533,0.8737792054762645,0.0004393343025423341,stable,false,true
2026-09-29T10-24-40-196Z/scriptc/runtime/noop/ts,2026-09-29T10-24-40-196Z,scriptc,runtime,scriptc,,,0.1.7,boundary,noop,noop/ts,ts,ts,none,,,,,,,,runtime,3,0.8741267326589194,0.873472893063791,0.8737224180448715,0.8737224180448715,0.873472893063791,0.8741267326589194,0.0007483378949936213,stable,false,true
2026-09-29T10-24-40-196Z/scriptc/case/noop/ffi,2026-09-29T10-24-40-196Z,scriptc,runtime,scriptc,,,0.1.7,boundary,noop,noop/ffi,ffi,ffi,scriptc-ffi,,,,,,,,case,3,3.501712793723203,3.5005523894911827,3.5039783644430624,3.501712793723203,3.5005523894911827,3.5039783644430624,0.0009783712010935682,stable,false,true
2026-09-29T10-24-40-196Z/scriptc/runtime/noop/ffi,2026-09-29T10-24-40-196Z,scriptc,runtime,scriptc,,,0.1.7,boundary,noop,noop/ffi,ffi,ffi,scriptc-ffi,,,,,,,,runtime,3,3.5023842837145738,3.498854640913202,3.5011243291702785,3.5011243291702785,3.498854640913202,3.5023842837145738,0.0010081455182735712,stable,false,true
2026-09-29T10-24-40-196Z/scriptc/case/add_i32/ts,2026-09-29T10-24-40-196Z,scriptc,runtime,scriptc,,,0.1.7,boundary,add_i32,add_i32/ts,ts,ts,none,,,,,,,,case,3,6.695347726230096,6.692950027520569,6.711219259309084,6.695347726230096,6.692950027520569,6.711219259309084,0.002728645700796531,stable,false,true
2026-09-29T10-24-40-196Z/scriptc/runtime/add_i32/ts,2026-09-29T10-24-40-196Z,scriptc,runtime,scriptc,,,0.1.7,boundary,add_i32,add_i32/ts,ts,ts,none,,,,,,,,runtime,3,6.698763683826085,6.693793667265144,6.693716268335007,6.693793667265144,6.693716268335007,6.698763683826085,0.0007540440805281701,stable,false,true
2026-09-29T10-24-40-196Z/scriptc/case/add_i32/ffi,2026-09-29T10-24-40-196Z,scriptc,runtime,scriptc,,,0.1.7,boundary,add_i32,add_i32/ffi,ffi,ffi,scriptc-ffi,,,,,,,,case,3,31.613987995871042,31.460193226778266,31.078483427953522,31.460193226778266,31.078483427953522,31.613987995871042,0.017021655399805685,stable,false,true
2026-09-29T10-24-40-196Z/scriptc/runtime/add_i32/ffi,2026-09-29T10-24-40-196Z,scriptc,runtime,scriptc,,,0.1.7,boundary,add_i32,add_i32/ffi,ffi,ffi,scriptc-ffi,,,,,,,,runtime,3,31.572524328534428,31.818229285878342,31.297389626601507,31.572524328534428,31.297389626601507,31.818229285878342,0.01649661122617659,stable,false,true
2026-09-29T10-24-40-196Z/scriptc/case/sum_i32/ts/1,2026-09-29T10-24-40-196Z,scriptc,runtime,scriptc,,,0.1.7,boundary,sum_i32,sum_i32/ts/1,ts,ts,none,,,,1,int32array,4,,case,3,9.099091978000015,9.080072181116297,9.100830645221622,9.099091978000015,9.080072181116297,9.100830645221622,0.002281377543552239,stable,false,true
2026-09-29T10-24-40-196Z/scriptc/runtime/sum_i32/ts/1,2026-09-29T10-24-40-196Z,scriptc,runtime,scriptc,,,0.1.7,boundary,sum_i32,sum_i32/ts/1,ts,ts,none,,,,1,int32array,4,,runtime,3,9.100127483846144,9.086172840257946,9.08244946624268,9.086172840257946,9.08244946624268,9.100127483846144,0.0019455955674910757,stable,false,true
2026-09-29T10-24-40-196Z/scriptc/case/sum_i32/ffi/1,2026-09-29T10-24-40-196Z,scriptc,runtime,scriptc,,,0.1.7,boundary,sum_i32,sum_i32/ffi/1,ffi,ffi,scriptc-ffi,,borrowed-byte-alias,,1,int32array,4,,case,3,8.846527739978082,8.852503141885995,8.866399917593712,8.852503141885995,8.846527739978082,8.866399917593712,0.002244808874633892,stable,false,true
2026-09-29T10-24-40-196Z/scriptc/runtime/sum_i32/ffi/1,2026-09-29T10-24-40-196Z,scriptc,runtime,scriptc,,,0.1.7,boundary,sum_i32,sum_i32/ffi/1,ffi,ffi,scriptc-ffi,,borrowed-byte-alias,,1,int32array,4,,runtime,3,8.861235334664727,8.840219763053604,8.845819190644889,8.845819190644889,8.840219763053604,8.861235334664727,0.0023757631891626993,stable,false,true
2026-09-29T10-24-40-196Z/scriptc/case/sum_i32/ts/10,2026-09-29T10-24-40-196Z,scriptc,runtime,scriptc,,,0.1.7,boundary,sum_i32,sum_i32/ts/10,ts,ts,none,,,,10,int32array,40,,case,3,30.796024030880623,30.76641015448427,30.770188041107183,30.770188041107183,30.76641015448427,30.796024030880623,0.0009624210406771524,stable,false,true
2026-09-29T10-24-40-196Z/scriptc/runtime/sum_i32/ts/10,2026-09-29T10-24-40-196Z,scriptc,runtime,scriptc,,,0.1.7,boundary,sum_i32,sum_i32/ts/10,ts,ts,none,,,,10,int32array,40,,runtime,3,30.78699240315877,30.76298837482184,30.76023804746434,30.76298837482184,30.76023804746434,30.78699240315877,0.0008696930014876654,stable,false,true
2026-09-29T10-24-40-196Z/scriptc/case/sum_i32/ffi/10,2026-09-29T10-24-40-196Z,scriptc,runtime,scriptc,,,0.1.7,boundary,sum_i32,sum_i32/ffi/10,ffi,ffi,scriptc-ffi,,borrowed-byte-alias,,10,int32array,40,,case,3,12.413910848686012,12.151110934695687,11.98086862886412,12.151110934695687,11.98086862886412,12.413910848686012,0.03563807639887504,stable,false,true
2026-09-29T10-24-40-196Z/scriptc/runtime/sum_i32/ffi/10,2026-09-29T10-24-40-196Z,scriptc,runtime,scriptc,,,0.1.7,boundary,sum_i32,sum_i32/ffi/10,ffi,ffi,scriptc-ffi,,borrowed-byte-alias,,10,int32array,40,,runtime,3,12.169513301344283,11.888046927130185,11.8001224654528,11.888046927130185,11.8001224654528,12.169513301344283,0.031072457751532064,stable,false,true
2026-09-29T10-24-40-196Z/scriptc/case/sum_i32/ts/100,2026-09-29T10-24-40-196Z,scriptc,runtime,scriptc,,,0.1.7,boundary,sum_i32,sum_i32/ts/100,ts,ts,none,,,,100,int32array,400,,case,3,604.6546510173687,604.4031478488012,604.3734014294209,604.4031478488012,604.3734014294209,604.6546510173687,0.0004653344194992496,stable,false,true
2026-09-29T10-24-40-196Z/scriptc/runtime/sum_i32/ts/100,2026-09-29T10-24-40-196Z,scriptc,runtime,scriptc,,,0.1.7,boundary,sum_i32,sum_i32/ts/100,ts,ts,none,,,,100,int32array,400,,runtime,3,604.6311683671429,604.331485612913,604.3265259865797,604.331485612913,604.3265259865797,604.6311683671429,0.0005040981445046749,stable,false,true
2026-09-29T10-24-40-196Z/scriptc/case/sum_i32/ffi/100,2026-09-29T10-24-40-196Z,scriptc,runtime,scriptc,,,0.1.7,boundary,sum_i32,sum_i32/ffi/100,ffi,ffi,scriptc-ffi,,borrowed-byte-alias,,100,int32array,400,,case,3,22.38917200757896,22.172566316924907,22.567826223266753,22.38917200757896,22.172566316924907,22.567826223266753,0.017654065376247318,stable,false,true
2026-09-29T10-24-40-196Z/scriptc/runtime/sum_i32/ffi/100,2026-09-29T10-24-40-196Z,scriptc,runtime,scriptc,,,0.1.7,boundary,sum_i32,sum_i32/ffi/100,ffi,ffi,scriptc-ffi,,borrowed-byte-alias,,100,int32array,400,,runtime,3,22.72480070060209,22.485476782657162,22.34771440143134,22.485476782657162,22.34771440143134,22.72480070060209,0.01677021585157545,stable,false,true
2026-09-29T10-24-40-196Z/scriptc/case/sum_i32/ts/1000,2026-09-29T10-24-40-196Z,scriptc,runtime,scriptc,,,0.1.7,boundary,sum_i32,sum_i32/ts/1000,ts,ts,none,,,,1000,int32array,4000,,case,3,6560.374549066201,6560.7311353185205,6562.52986564132,6560.7311353185205,6560.374549066201,6562.52986564132,0.0003285177414931114,stable,false,true
2026-09-29T10-24-40-196Z/scriptc/runtime/sum_i32/ts/1000,2026-09-29T10-24-40-196Z,scriptc,runtime,scriptc,,,0.1.7,boundary,sum_i32,sum_i32/ts/1000,ts,ts,none,,,,1000,int32array,4000,,runtime,3,6558.98310365082,6559.531486029017,6559.6455053042555,6559.531486029017,6558.98310365082,6559.6455053042555,0.00010098307399636495,stable,false,true
2026-09-29T10-24-40-196Z/scriptc/case/sum_i32/ffi/1000,2026-09-29T10-24-40-196Z,scriptc,runtime,scriptc,,,0.1.7,boundary,sum_i32,sum_i32/ffi/1000,ffi,ffi,scriptc-ffi,,borrowed-byte-alias,,1000,int32array,4000,,case,3,78.25001454942421,77.917202256748,78.23452203146194,78.23452203146194,77.917202256748,78.25001454942421,0.004254033692982351,stable,false,true
2026-09-29T10-24-40-196Z/scriptc/runtime/sum_i32/ffi/1000,2026-09-29T10-24-40-196Z,scriptc,runtime,scriptc,,,0.1.7,boundary,sum_i32,sum_i32/ffi/1000,ffi,ffi,scriptc-ffi,,borrowed-byte-alias,,1000,int32array,4000,,runtime,3,78.29533843993408,78.1934687084292,78.56065367604702,78.29533843993408,78.1934687084292,78.56065367604702,0.004689742389957543,stable,false,true
2026-09-29T10-24-40-196Z/scriptc/case/sum_i32/ts/10000,2026-09-29T10-24-40-196Z,scriptc,runtime,scriptc,,,0.1.7,boundary,sum_i32,sum_i32/ts/10000,ts,ts,none,,,,10000,int32array,40000,,case,3,66154.28642264956,66152.8443714098,66238.3758247096,66154.28642264956,66152.8443714098,66238.3758247096,0.001292908712722778,stable,false,true
2026-09-29T10-24-40-196Z/scriptc/runtime/sum_i32/ts/10000,2026-09-29T10-24-40-196Z,scriptc,runtime,scriptc,,,0.1.7,boundary,sum_i32,sum_i32/ts/10000,ts,ts,none,,,,10000,int32array,40000,,runtime,3,66140.81953522682,66142.25165647091,66133.67715147354,66140.81953522682,66133.67715147354,66142.25165647091,0.00012964013838377304,stable,false,true
2026-09-29T10-24-40-196Z/scriptc/case/sum_i32/ffi/10000,2026-09-29T10-24-40-196Z,scriptc,runtime,scriptc,,,0.1.7,boundary,sum_i32,sum_i32/ffi/10000,ffi,ffi,scriptc-ffi,,borrowed-byte-alias,,10000,int32array,40000,,case,3,702.4790246677569,702.6555941968631,702.3992951352166,702.4790246677569,702.3992951352166,702.6555941968631,0.00036484941563601203,stable,false,true
2026-09-29T10-24-40-196Z/scriptc/runtime/sum_i32/ffi/10000,2026-09-29T10-24-40-196Z,scriptc,runtime,scriptc,,,0.1.7,boundary,sum_i32,sum_i32/ffi/10000,ffi,ffi,scriptc-ffi,,borrowed-byte-alias,,10000,int32array,40000,,runtime,3,704.564228744248,702.4791300857028,702.2149859222723,702.4791300857028,702.2149859222723,704.564228744248,0.0033442172462676964,stable,false,true
2026-09-29T10-24-40-196Z/scriptc/case/sum_i32/ts/100000,2026-09-29T10-24-40-196Z,scriptc,runtime,scriptc,,,0.1.7,boundary,sum_i32,sum_i32/ts/100000,ts,ts,none,,,,100000,int32array,400000,,case,3,663006.9666542113,662948.533333838,663829.6333141625,663006.9666542113,662948.533333838,663829.6333141625,0.0013289452820848579,stable,false,true
2026-09-29T10-24-40-196Z/scriptc/runtime/sum_i32/ts/100000,2026-09-29T10-24-40-196Z,scriptc,runtime,scriptc,,,0.1.7,boundary,sum_i32,sum_i32/ts/100000,ts,ts,none,,,,100000,int32array,400000,,runtime,3,663062.2666794807,662815.8666503927,663025.5166751642,663025.5166751642,662815.8666503927,663062.2666794807,0.0003716297833055193,stable,false,true
2026-09-29T10-24-40-196Z/scriptc/case/sum_i32/ffi/100000,2026-09-29T10-24-40-196Z,scriptc,runtime,scriptc,,,0.1.7,boundary,sum_i32,sum_i32/ffi/100000,ffi,ffi,scriptc-ffi,,borrowed-byte-alias,,100000,int32array,400000,,case,3,7421.691323574225,7504.337720836339,7411.426797942752,7421.691323574225,7411.426797942752,7504.337720836339,0.01251883416364474,stable,false,true
2026-09-29T10-24-40-196Z/scriptc/runtime/sum_i32/ffi/100000,2026-09-29T10-24-40-196Z,scriptc,runtime,scriptc,,,0.1.7,boundary,sum_i32,sum_i32/ffi/100000,ffi,ffi,scriptc-ffi,,borrowed-byte-alias,,100000,int32array,400000,,runtime,3,7496.647114029107,7407.467036887452,7407.989996137245,7407.989996137245,7407.467036887452,7496.647114029107,0.012038363603103668,stable,false,true
2026-09-29T10-24-40-196Z/scriptc/case/sum_i32/ts/1000000,2026-09-29T10-24-40-196Z,scriptc,runtime,scriptc,,,0.1.7,boundary,sum_i32,sum_i32/ts/1000000,ts,ts,none,,,,1000000,int32array,4000000,,case,3,6633536.833338439,6646147.833516201,6633978.666427234,6633978.666427234,6633536.833338439,6646147.833516201,0.00190097086708801,stable,false,true
2026-09-29T10-24-40-196Z/scriptc/runtime/sum_i32/ts/1000000,2026-09-29T10-24-40-196Z,scriptc,runtime,scriptc,,,0.1.7,boundary,sum_i32,sum_i32/ts/1000000,ts,ts,none,,,,1000000,int32array,4000000,,runtime,3,6631154.166689763,6628086.999990046,6628751.500199239,6628751.500199239,6628086.999990046,6631154.166689763,0.00046270654430545966,stable,false,true
2026-09-29T10-24-40-196Z/scriptc/case/sum_i32/ffi/1000000,2026-09-29T10-24-40-196Z,scriptc,runtime,scriptc,,,0.1.7,boundary,sum_i32,sum_i32/ffi/1000000,ffi,ffi,scriptc-ffi,,borrowed-byte-alias,,1000000,int32array,4000000,,case,3,121423.31097502171,121441.86363527269,121125.26060505347,121423.31097502171,121125.26060505347,121441.86363527269,0.0026074320299530637,stable,false,true
2026-09-29T10-24-40-196Z/scriptc/runtime/sum_i32/ffi/1000000,2026-09-29T10-24-40-196Z,scriptc,runtime,scriptc,,,0.1.7,boundary,sum_i32,sum_i32/ffi/1000000,ffi,ffi,scriptc-ffi,,borrowed-byte-alias,,1000000,int32array,4000000,,runtime,3,127489.89808984147,121507.47271988427,121391.74242249943,121507.47271988427,121391.74242249943,127489.89808984147,0.05018749489918491,unstable,false,true
2026-09-29T10-24-40-196Z/scriptc/case/string_len/ts/ascii/16,2026-09-29T10-24-40-196Z,scriptc,runtime,scriptc,,,0.1.7,payload,string_len,string_len/ts/ascii/16,ts,ts,none,,,ascii,16,string-ascii,16,,case,3,193.95414758035415,193.70592341469842,194.03269538898917,193.95414758035415,193.70592341469842,194.03269538898917,0.0016847898246433238,stable,false,true
2026-09-29T10-24-40-196Z/scriptc/runtime/string_len/ts/ascii/16,2026-09-29T10-24-40-196Z,scriptc,runtime,scriptc,,,0.1.7,payload,string_len,string_len/ts/ascii/16,ts,ts,none,,,ascii,16,string-ascii,16,,runtime,3,193.45523016207068,193.79075685601643,193.65569374234724,193.65569374234724,193.45523016207068,193.79075685601643,0.0017325940046573577,stable,false,true
2026-09-29T10-24-40-196Z/scriptc/case/string_len/ffi.borrowed/ascii/16,2026-09-29T10-24-40-196Z,scriptc,runtime,scriptc,,,0.1.7,payload,string_len,string_len/ffi.borrowed/ascii/16,ffi.borrowed,ffi,scriptc-ffi,borrowed,borrowed-utf8-string,ascii,16,string-ascii,16,,case,3,8.894302235790434,8.902562800502816,8.889643610274284,8.894302235790434,8.889643610274284,8.902562800502816,0.0014525243111871376,stable,false,true
2026-09-29T10-24-40-196Z/scriptc/runtime/string_len/ffi.borrowed/ascii/16,2026-09-29T10-24-40-196Z,scriptc,runtime,scriptc,,,0.1.7,payload,string_len,string_len/ffi.borrowed/ascii/16,ffi.borrowed,ffi,scriptc-ffi,borrowed,borrowed-utf8-string,ascii,16,string-ascii,16,,runtime,3,8.8899696426536,8.87180391908702,8.89028341569017,8.8899696426536,8.87180391908702,8.89028341569017,0.0020786906306729212,stable,false,true
2026-09-29T10-24-40-196Z/scriptc/case/string_len/ts/ascii/64,2026-09-29T10-24-40-196Z,scriptc,runtime,scriptc,,,0.1.7,payload,string_len,string_len/ts/ascii/64,ts,ts,none,,,ascii,64,string-ascii,64,,case,3,676.1709231308296,677.0724635300726,676.5019110032447,676.5019110032447,676.1709231308296,677.0724635300726,0.0013326501885353576,stable,false,true
2026-09-29T10-24-40-196Z/scriptc/runtime/string_len/ts/ascii/64,2026-09-29T10-24-40-196Z,scriptc,runtime,scriptc,,,0.1.7,payload,string_len,string_len/ts/ascii/64,ts,ts,none,,,ascii,64,string-ascii,64,,runtime,3,676.128681069341,676.1929919194395,676.0314220286259,676.128681069341,676.0314220286259,676.1929919194395,0.00023896322599127075,stable,false,true
2026-09-29T10-24-40-196Z/scriptc/case/string_len/ffi.borrowed/ascii/64,2026-09-29T10-24-40-196Z,scriptc,runtime,scriptc,,,0.1.7,payload,string_len,string_len/ffi.borrowed/ascii/64,ffi.borrowed,ffi,scriptc-ffi,borrowed,borrowed-utf8-string,ascii,64,string-ascii,64,,case,3,8.885543897157051,8.899681272125175,8.900480197659721,8.899681272125175,8.885543897157051,8.900480197659721,0.0016782961148791445,stable,false,true
2026-09-29T10-24-40-196Z/scriptc/runtime/string_len/ffi.borrowed/ascii/64,2026-09-29T10-24-40-196Z,scriptc,runtime,scriptc,,,0.1.7,payload,string_len,string_len/ffi.borrowed/ascii/64,ffi.borrowed,ffi,scriptc-ffi,borrowed,borrowed-utf8-string,ascii,64,string-ascii,64,,runtime,3,8.888251526401039,8.879808479509144,8.88703185625146,8.88703185625146,8.879808479509144,8.888251526401039,0.0009500412543199587,stable,false,true
2026-09-29T10-24-40-196Z/scriptc/case/string_len/ts/ascii/1024,2026-09-29T10-24-40-196Z,scriptc,runtime,scriptc,,,0.1.7,payload,string_len,string_len/ts/ascii/1024,ts,ts,none,,,ascii,1024,string-ascii,1024,,case,3,10322.376096906755,10341.345934474148,10320.77789273929,10322.376096906755,10320.77789273929,10341.345934474148,0.0019925685270294614,stable,false,true
2026-09-29T10-24-40-196Z/scriptc/runtime/string_len/ts/ascii/1024,2026-09-29T10-24-40-196Z,scriptc,runtime,scriptc,,,0.1.7,payload,string_len,string_len/ts/ascii/1024,ts,ts,none,,,ascii,1024,string-ascii,1024,,runtime,3,10771.536348787813,10770.503502311025,10770.341679835004,10770.503502311025,10770.341679835004,10771.536348787813,0.00011092043677923042,stable,false,true
2026-09-29T10-24-40-196Z/scriptc/case/string_len/ffi.borrowed/ascii/1024,2026-09-29T10-24-40-196Z,scriptc,runtime,scriptc,,,0.1.7,payload,string_len,string_len/ffi.borrowed/ascii/1024,ffi.borrowed,ffi,scriptc-ffi,borrowed,borrowed-utf8-string,ascii,1024,string-ascii,1024,,case,3,8.893294145988165,8.888028817713781,8.8845083833095,8.888028817713781,8.8845083833095,8.893294145988165,0.000988493946054129,stable,false,true
2026-09-29T10-24-40-196Z/scriptc/runtime/string_len/ffi.borrowed/ascii/1024,2026-09-29T10-24-40-196Z,scriptc,runtime,scriptc,,,0.1.7,payload,string_len,string_len/ffi.borrowed/ascii/1024,ffi.borrowed,ffi,scriptc-ffi,borrowed,borrowed-utf8-string,ascii,1024,string-ascii,1024,,runtime,3,8.890147379846361,8.880919687612074,8.885751345132725,8.885751345132725,8.880919687612074,8.890147379846361,0.0010384819331391098,stable,false,true
2026-09-29T10-24-40-196Z/scriptc/case/string_len/ts/ascii/65536,2026-09-29T10-24-40-196Z,scriptc,runtime,scriptc,,,0.1.7,payload,string_len,string_len/ts/ascii/65536,ts,ts,none,,,ascii,65536,string-ascii,65536,,case,3,650003.3225954301,650604.112884931,651119.741941652,650604.112884931,650003.3225954301,651119.741941652,0.0017159733916705363,stable,false,true
2026-09-29T10-24-40-196Z/scriptc/runtime/string_len/ts/ascii/65536,2026-09-29T10-24-40-196Z,scriptc,runtime,scriptc,,,0.1.7,payload,string_len,string_len/ts/ascii/65536,ts,ts,none,,,ascii,65536,string-ascii,65536,,runtime,3,651049.0000007614,649772.8709852503,650299.99998308,650299.99998308,649772.8709852503,651049.0000007614,0.001962369699437524,stable,false,true
2026-09-29T10-24-40-196Z/scriptc/case/string_len/ffi.borrowed/ascii/65536,2026-09-29T10-24-40-196Z,scriptc,runtime,scriptc,,,0.1.7,payload,string_len,string_len/ffi.borrowed/ascii/65536,ffi.borrowed,ffi,scriptc-ffi,borrowed,borrowed-utf8-string,ascii,65536,string-ascii,65536,,case,3,8.886038218330087,8.890609496544073,8.890064012848203,8.890064012848203,8.886038218330087,8.890609496544073,0.0005142008209815983,stable,false,true
2026-09-29T10-24-40-196Z/scriptc/runtime/string_len/ffi.borrowed/ascii/65536,2026-09-29T10-24-40-196Z,scriptc,runtime,scriptc,,,0.1.7,payload,string_len,string_len/ffi.borrowed/ascii/65536,ffi.borrowed,ffi,scriptc-ffi,borrowed,borrowed-utf8-string,ascii,65536,string-ascii,65536,,runtime,3,8.885443068061775,8.900429143840444,8.887600853882713,8.887600853882713,8.885443068061775,8.900429143840444,0.0016861778589125228,stable,false,true
2026-09-29T10-24-40-196Z/scriptc/case/string_len/ts/ascii/1048576,2026-09-29T10-24-40-196Z,scriptc,runtime,scriptc,,,0.1.7,payload,string_len,string_len/ts/ascii/1048576,ts,ts,none,,,ascii,1048576,string-ascii,1048576,,case,3,10251207.249704748,10245002.249721438,10276343.000121415,10251207.249704748,10245002.249721438,10276343.000121415,0.0030572740982170304,stable,false,true
2026-09-29T10-24-40-196Z/scriptc/runtime/string_len/ts/ascii/1048576,2026-09-29T10-24-40-196Z,scriptc,runtime,scriptc,,,0.1.7,payload,string_len,string_len/ts/ascii/1048576,ts,ts,none,,,ascii,1048576,string-ascii,1048576,,runtime,3,10536678.249947727,10552676.749881357,10538744.749967009,10538744.749967009,10536678.249947727,10552676.749881357,0.0015180650365101888,stable,false,true
2026-09-29T10-24-40-196Z/scriptc/case/string_len/ffi.borrowed/ascii/1048576,2026-09-29T10-24-40-196Z,scriptc,runtime,scriptc,,,0.1.7,payload,string_len,string_len/ffi.borrowed/ascii/1048576,ffi.borrowed,ffi,scriptc-ffi,borrowed,borrowed-utf8-string,ascii,1048576,string-ascii,1048576,,case,3,8.897484260121619,8.887666075069202,8.88865961502913,8.88865961502913,8.887666075069202,8.897484260121619,0.0011045743090236303,stable,false,true
2026-09-29T10-24-40-196Z/scriptc/runtime/string_len/ffi.borrowed/ascii/1048576,2026-09-29T10-24-40-196Z,scriptc,runtime,scriptc,,,0.1.7,payload,string_len,string_len/ffi.borrowed/ascii/1048576,ffi.borrowed,ffi,scriptc-ffi,borrowed,borrowed-utf8-string,ascii,1048576,string-ascii,1048576,,runtime,3,8.887756504444399,8.899515938720116,8.886984316076674,8.887756504444399,8.886984316076674,8.899515938720116,0.0014099871702352804,stable,false,true
2026-09-29T10-24-40-196Z/scriptc/case/string_len/ts/ascii/16777216,2026-09-29T10-24-40-196Z,scriptc,runtime,scriptc,,,0.1.7,payload,string_len,string_len/ts/ascii/16777216,ts,ts,none,,,ascii,16777216,string-ascii,16777216,,case,3,164356951.50028914,164238963.00047636,164018491.99924618,164238963.00047636,164018491.99924618,164356951.50028914,0.002060774708142674,stable,true,true
2026-09-29T10-24-40-196Z/scriptc/runtime/string_len/ts/ascii/16777216,2026-09-29T10-24-40-196Z,scriptc,runtime,scriptc,,,0.1.7,payload,string_len,string_len/ts/ascii/16777216,ts,ts,none,,,ascii,16777216,string-ascii,16777216,,runtime,3,175833834.5005177,175881724.50009733,175657840.99977463,175833834.5005177,175657840.99977463,175881724.50009733,0.0012732674627649117,stable,true,true
2026-09-29T10-24-40-196Z/scriptc/case/string_len/ffi.borrowed/ascii/16777216,2026-09-29T10-24-40-196Z,scriptc,runtime,scriptc,,,0.1.7,payload,string_len,string_len/ffi.borrowed/ascii/16777216,ffi.borrowed,ffi,scriptc-ffi,borrowed,borrowed-utf8-string,ascii,16777216,string-ascii,16777216,,case,3,8.891826945526732,8.89950276138579,8.892464992304452,8.892464992304452,8.891826945526732,8.89950276138579,0.0008631820159764678,stable,false,true
2026-09-29T10-24-40-196Z/scriptc/runtime/string_len/ffi.borrowed/ascii/16777216,2026-09-29T10-24-40-196Z,scriptc,runtime,scriptc,,,0.1.7,payload,string_len,string_len/ffi.borrowed/ascii/16777216,ffi.borrowed,ffi,scriptc-ffi,borrowed,borrowed-utf8-string,ascii,16777216,string-ascii,16777216,,runtime,3,8.886351476332534,8.887513055200209,8.886414289464977,8.886414289464977,8.886351476332534,8.887513055200209,0.00013071401240570026,stable,false,true
2026-09-29T10-24-40-196Z/scriptc/case/string_len/ts/utf8/16,2026-09-29T10-24-40-196Z,scriptc,runtime,scriptc,,,0.1.7,payload,string_len,string_len/ts/utf8/16,ts,ts,none,,,utf8,16,string-utf8,16,,case,3,191.8594681300949,193.29063270282003,193.3899776601623,193.29063270282003,191.8594681300949,193.3899776601623,0.007918177454675213,stable,false,true
2026-09-29T10-24-40-196Z/scriptc/runtime/string_len/ts/utf8/16,2026-09-29T10-24-40-196Z,scriptc,runtime,scriptc,,,0.1.7,payload,string_len,string_len/ts/utf8/16,ts,ts,none,,,utf8,16,string-utf8,16,,runtime,3,195.01890508261974,196.87138045938013,192.494262677505,195.01890508261974,192.494262677505,196.87138045938013,0.02244458187282293,stable,false,true
2026-09-29T10-24-40-196Z/scriptc/case/string_len/ffi.borrowed/utf8/16,2026-09-29T10-24-40-196Z,scriptc,runtime,scriptc,,,0.1.7,payload,string_len,string_len/ffi.borrowed/utf8/16,ffi.borrowed,ffi,scriptc-ffi,borrowed,borrowed-utf8-string,utf8,16,string-utf8,16,,case,3,8.89795997299189,8.89253034901313,8.888324364149014,8.89253034901313,8.888324364149014,8.89795997299189,0.0010835620981541308,stable,false,true
2026-09-29T10-24-40-196Z/scriptc/runtime/string_len/ffi.borrowed/utf8/16,2026-09-29T10-24-40-196Z,scriptc,runtime,scriptc,,,0.1.7,payload,string_len,string_len/ffi.borrowed/utf8/16,ffi.borrowed,ffi,scriptc-ffi,borrowed,borrowed-utf8-string,utf8,16,string-utf8,16,,runtime,3,8.884274538308272,8.888225399163213,8.879171759576884,8.884274538308272,8.879171759576884,8.888225399163213,0.0010190634640217368,stable,false,true
2026-09-29T10-24-40-196Z/scriptc/case/string_len/ts/utf8/64,2026-09-29T10-24-40-196Z,scriptc,runtime,scriptc,,,0.1.7,payload,string_len,string_len/ts/utf8/64,ts,ts,none,,,utf8,64,string-utf8,64,,case,3,652.8115402386404,654.6488218149489,664.7656512551614,654.6488218149489,652.8115402386404,664.7656512551614,0.01826034145051907,stable,false,true
2026-09-29T10-24-40-196Z/scriptc/runtime/string_len/ts/utf8/64,2026-09-29T10-24-40-196Z,scriptc,runtime,scriptc,,,0.1.7,payload,string_len,string_len/ts/utf8/64,ts,ts,none,,,utf8,64,string-utf8,64,,runtime,3,650.4866664512875,659.023107498511,659.3393930527016,659.023107498511,650.4866664512875,659.3393930527016,0.013433105001457057,stable,false,true
2026-09-29T10-24-40-196Z/scriptc/case/string_len/ffi.borrowed/utf8/64,2026-09-29T10-24-40-196Z,scriptc,runtime,scriptc,,,0.1.7,payload,string_len,string_len/ffi.borrowed/utf8/64,ffi.borrowed,ffi,scriptc-ffi,borrowed,borrowed-utf8-string,utf8,64,string-utf8,64,,case,3,8.886660774842255,8.888060086384424,8.886003311638238,8.886660774842255,8.886003311638238,8.888060086384424,0.00023144517364829053,stable,false,true
2026-09-29T10-24-40-196Z/scriptc/runtime/string_len/ffi.borrowed/utf8/64,2026-09-29T10-24-40-196Z,scriptc,runtime,scriptc,,,0.1.7,payload,string_len,string_len/ffi.borrowed/utf8/64,ffi.borrowed,ffi,scriptc-ffi,borrowed,borrowed-utf8-string,utf8,64,string-utf8,64,,runtime,3,8.8847460213346,8.882880968702395,8.887117324394584,8.8847460213346,8.882880968702395,8.887117324394584,0.0004768122444937161,stable,false,true
2026-09-29T10-24-40-196Z/scriptc/case/string_len/ts/utf8/1024,2026-09-29T10-24-40-196Z,scriptc,runtime,scriptc,,,0.1.7,payload,string_len,string_len/ts/utf8/1024,ts,ts,none,,,utf8,1024,string-utf8,1024,,case,3,10118.218987378516,9996.505758249885,10006.951879625929,10006.951879625929,9996.505758249885,10118.218987378516,0.012162867433832457,stable,false,true
2026-09-29T10-24-40-196Z/scriptc/runtime/string_len/ts/utf8/1024,2026-09-29T10-24-40-196Z,scriptc,runtime,scriptc,,,0.1.7,payload,string_len,string_len/ts/utf8/1024,ts,ts,none,,,utf8,1024,string-utf8,1024,,runtime,3,10000.815551079319,9997.640244238744,10016.171851521667,10000.815551079319,9997.640244238744,10016.171851521667,0.0018530096058938703,stable,false,true
2026-09-29T10-24-40-196Z/scriptc/case/string_len/ffi.borrowed/utf8/1024,2026-09-29T10-24-40-196Z,scriptc,runtime,scriptc,,,0.1.7,payload,string_len,string_len/ffi.borrowed/utf8/1024,ffi.borrowed,ffi,scriptc-ffi,borrowed,borrowed-utf8-string,utf8,1024,string-utf8,1024,,case,3,8.885978429163023,8.903447403433958,8.897965271250529,8.897965271250529,8.885978429163023,8.903447403433958,0.00196325493957339,stable,false,true
2026-09-29T10-24-40-196Z/scriptc/runtime/string_len/ffi.borrowed/utf8/1024,2026-09-29T10-24-40-196Z,scriptc,runtime,scriptc,,,0.1.7,payload,string_len,string_len/ffi.borrowed/utf8/1024,ffi.borrowed,ffi,scriptc-ffi,borrowed,borrowed-utf8-string,utf8,1024,string-utf8,1024,,runtime,3,8.887132400541077,8.886294674257737,8.884826668046276,8.886294674257737,8.884826668046276,8.887132400541077,0.000259470631947414,stable,false,true
2026-09-29T10-24-40-196Z/scriptc/case/string_len/ts/utf8/65536,2026-09-29T10-24-40-196Z,scriptc,runtime,scriptc,,,0.1.7,payload,string_len,string_len/ts/utf8/65536,ts,ts,none,,,utf8,65536,string-utf8,65536,,case,3,1183643.1176566025,1184255.1177148432,1184084.6470611938,1184084.6470611938,1183643.1176566025,1184255.1177148432,0.0005168549898520005,stable,false,true
2026-09-29T10-24-40-196Z/scriptc/runtime/string_len/ts/utf8/65536,2026-09-29T10-24-40-196Z,scriptc,runtime,scriptc,,,0.1.7,payload,string_len,string_len/ts/utf8/65536,ts,ts,none,,,utf8,65536,string-utf8,65536,,runtime,3,1200255.9117698933,1200409.0588649404,1204227.676450768,1200409.0588649404,1200255.9117698933,1204227.676450768,0.003308676031344108,stable,false,true
2026-09-29T10-24-40-196Z/scriptc/case/string_len/ffi.borrowed/utf8/65536,2026-09-29T10-24-40-196Z,scriptc,runtime,scriptc,,,0.1.7,payload,string_len,string_len/ffi.borrowed/utf8/65536,ffi.borrowed,ffi,scriptc-ffi,borrowed,borrowed-utf8-string,utf8,65536,string-utf8,65536,,case,3,8.890071428407712,8.90471928152326,8.887264948946125,8.890071428407712,8.887264948946125,8.90471928152326,0.0019633512191319703,stable,false,true
2026-09-29T10-24-40-196Z/scriptc/runtime/string_len/ffi.borrowed/utf8/65536,2026-09-29T10-24-40-196Z,scriptc,runtime,scriptc,,,0.1.7,payload,string_len,string_len/ffi.borrowed/utf8/65536,ffi.borrowed,ffi,scriptc-ffi,borrowed,borrowed-utf8-string,utf8,65536,string-utf8,65536,,runtime,3,8.884500329135836,8.88664233039106,8.887137263029976,8.88664233039106,8.884500329135836,8.887137263029976,0.00029673005800196525,stable,false,true
2026-09-29T10-24-40-196Z/scriptc/case/string_len/ts/utf8/1048576,2026-09-29T10-24-40-196Z,scriptc,runtime,scriptc,,,0.1.7,payload,string_len,string_len/ts/utf8/1048576,ts,ts,none,,,utf8,1048576,string-utf8,1048576,,case,3,21964813.500177115,21964538.999833167,21929507.500492036,21964538.999833167,21929507.500492036,21964813.500177115,0.001607409091779574,stable,false,true
2026-09-29T10-24-40-196Z/scriptc/runtime/string_len/ts/utf8/1048576,2026-09-29T10-24-40-196Z,scriptc,runtime,scriptc,,,0.1.7,payload,string_len,string_len/ts/utf8/1048576,ts,ts,none,,,utf8,1048576,string-utf8,1048576,,runtime,3,21874023.00024405,21855110.999196768,22001522.99925685,21874023.00024405,21855110.999196768,22001522.99925685,0.006693418949886262,stable,false,true
2026-09-29T10-24-40-196Z/scriptc/case/string_len/ffi.borrowed/utf8/1048576,2026-09-29T10-24-40-196Z,scriptc,runtime,scriptc,,,0.1.7,payload,string_len,string_len/ffi.borrowed/utf8/1048576,ffi.borrowed,ffi,scriptc-ffi,borrowed,borrowed-utf8-string,utf8,1048576,string-utf8,1048576,,case,3,8.899277833087618,8.887667240752876,8.899207587829729,8.899207587829729,8.887667240752876,8.899277833087618,0.0013046770985116179,stable,false,true
2026-09-29T10-24-40-196Z/scriptc/runtime/string_len/ffi.borrowed/utf8/1048576,2026-09-29T10-24-40-196Z,scriptc,runtime,scriptc,,,0.1.7,payload,string_len,string_len/ffi.borrowed/utf8/1048576,ffi.borrowed,ffi,scriptc-ffi,borrowed,borrowed-utf8-string,utf8,1048576,string-utf8,1048576,,runtime,3,8.887000236763374,8.88461456574249,8.88728869614813,8.887000236763374,8.88461456574249,8.88728869614813,0.0003009036046355425,stable,false,true
2026-09-29T10-24-40-196Z/scriptc/case/string_len/ts/utf8/16777216,2026-09-29T10-24-40-196Z,scriptc,runtime,scriptc,,,0.1.7,payload,string_len,string_len/ts/utf8/16777216,ts,ts,none,,,utf8,16777216,string-utf8,16777216,,case,3,397419077.00011504,399695972.00024873,397285579.9989775,397419077.00011504,397285579.9989775,399695972.00024873,0.00606511398362125,stable,false,true
2026-09-29T10-24-40-196Z/scriptc/runtime/string_len/ts/utf8/16777216,2026-09-29T10-24-40-196Z,scriptc,runtime,scriptc,,,0.1.7,payload,string_len,string_len/ts/utf8/16777216,ts,ts,none,,,utf8,16777216,string-utf8,16777216,,runtime,3,396531408.4999263,395835938.50024045,397989982.499741,396531408.4999263,395835938.50024045,397989982.499741,0.005432215338626758,stable,false,true
2026-09-29T10-24-40-196Z/scriptc/case/string_len/ffi.borrowed/utf8/16777216,2026-09-29T10-24-40-196Z,scriptc,runtime,scriptc,,,0.1.7,payload,string_len,string_len/ffi.borrowed/utf8/16777216,ffi.borrowed,ffi,scriptc-ffi,borrowed,borrowed-utf8-string,utf8,16777216,string-utf8,16777216,,case,3,8.89596440164831,8.88958928661042,8.883973666573707,8.88958928661042,8.883973666573707,8.89596440164831,0.0013488514134914493,stable,false,true
2026-09-29T10-24-40-196Z/scriptc/runtime/string_len/ffi.borrowed/utf8/16777216,2026-09-29T10-24-40-196Z,scriptc,runtime,scriptc,,,0.1.7,payload,string_len,string_len/ffi.borrowed/utf8/16777216,ffi.borrowed,ffi,scriptc-ffi,borrowed,borrowed-utf8-string,utf8,16777216,string-utf8,16777216,,runtime,3,8.887006627997595,8.887605852744368,8.880924801996969,8.887006627997595,8.880924801996969,8.887605852744368,0.0007517774012175926,stable,false,true
2026-09-29T10-24-40-196Z/scriptc/case/bytes_len/ts/16,2026-09-29T10-24-40-196Z,scriptc,runtime,scriptc,,,0.1.7,payload,bytes_len,bytes_len/ts/16,ts,ts,none,,,,16,uint8array,16,,case,3,9.18550938507611,9.182349559870993,9.172115201335705,9.182349559870993,9.172115201335705,9.18550938507611,0.0014586880681323477,stable,false,true
2026-09-29T10-24-40-196Z/scriptc/runtime/bytes_len/ts/16,2026-09-29T10-24-40-196Z,scriptc,runtime,scriptc,,,0.1.7,payload,bytes_len,bytes_len/ts/16,ts,ts,none,,,,16,uint8array,16,,runtime,3,9.170952019811148,9.17121184195291,9.170735062645592,9.170952019811148,9.170735062645592,9.17121184195291,0.00005198798404878927,stable,false,true
2026-09-29T10-24-40-196Z/scriptc/case/bytes_len/ffi/16,2026-09-29T10-24-40-196Z,scriptc,runtime,scriptc,,,0.1.7,payload,bytes_len,bytes_len/ffi/16,ffi,ffi,scriptc-ffi,,borrowed,,16,uint8array,16,,case,3,8.911785455654414,8.899295831384459,8.89671997522271,8.899295831384459,8.89671997522271,8.911785455654414,0.0016928845514465232,stable,false,true
2026-09-29T10-24-40-196Z/scriptc/runtime/bytes_len/ffi/16,2026-09-29T10-24-40-196Z,scriptc,runtime,scriptc,,,0.1.7,payload,bytes_len,bytes_len/ffi/16,ffi,ffi,scriptc-ffi,,borrowed,,16,uint8array,16,,runtime,3,8.906061559766963,8.904949700278554,8.900682364749438,8.904949700278554,8.900682364749438,8.906061559766963,0.0006040679845004624,stable,false,true
2026-09-29T10-24-40-196Z/scriptc/case/bytes_len/ts/64,2026-09-29T10-24-40-196Z,scriptc,runtime,scriptc,,,0.1.7,payload,bytes_len,bytes_len/ts/64,ts,ts,none,,,,64,uint8array,64,,case,3,9.177695233456713,9.172293113905923,9.172088322952934,9.172293113905923,9.172088322952934,9.177695233456713,0.0006112877591404859,stable,false,true
2026-09-29T10-24-40-196Z/scriptc/runtime/bytes_len/ts/64,2026-09-29T10-24-40-196Z,scriptc,runtime,scriptc,,,0.1.7,payload,bytes_len,bytes_len/ts/64,ts,ts,none,,,,64,uint8array,64,,runtime,3,9.170793400309133,9.171538101179603,9.170805555658186,9.170805555658186,9.170793400309133,9.171538101179603,0.00008120343038030273,stable,false,true
2026-09-29T10-24-40-196Z/scriptc/case/bytes_len/ffi/64,2026-09-29T10-24-40-196Z,scriptc,runtime,scriptc,,,0.1.7,payload,bytes_len,bytes_len/ffi/64,ffi,ffi,scriptc-ffi,,borrowed,,64,uint8array,64,,case,3,8.910988768582747,8.920964854718704,8.912481607571642,8.912481607571642,8.910988768582747,8.920964854718704,0.0011193387627842942,stable,false,true
2026-09-29T10-24-40-196Z/scriptc/runtime/bytes_len/ffi/64,2026-09-29T10-24-40-196Z,scriptc,runtime,scriptc,,,0.1.7,payload,bytes_len,bytes_len/ffi/64,ffi,ffi,scriptc-ffi,,borrowed,,64,uint8array,64,,runtime,3,8.9030307235966,8.902359334560323,8.902614353664301,8.902614353664301,8.902359334560323,8.9030307235966,0.00007541481744642355,stable,false,true
2026-09-29T10-24-40-196Z/scriptc/case/bytes_len/ts/1024,2026-09-29T10-24-40-196Z,scriptc,runtime,scriptc,,,0.1.7,payload,bytes_len,bytes_len/ts/1024,ts,ts,none,,,,1024,uint8array,1024,,case,3,9.180266375986598,9.17236760192829,9.181162381199556,9.180266375986598,9.17236760192829,9.181162381199556,0.0009580091591101551,stable,false,true
2026-09-29T10-24-40-196Z/scriptc/runtime/bytes_len/ts/1024,2026-09-29T10-24-40-196Z,scriptc,runtime,scriptc,,,0.1.7,payload,bytes_len,bytes_len/ts/1024,ts,ts,none,,,,1024,uint8array,1024,,runtime,3,9.170465842596006,9.170487670160442,9.169907173728838,9.170465842596006,9.169907173728838,9.170487670160442,0.00006330064814244888,stable,false,true
2026-09-29T10-24-40-196Z/scriptc/case/bytes_len/ffi/1024,2026-09-29T10-24-40-196Z,scriptc,runtime,scriptc,,,0.1.7,payload,bytes_len,bytes_len/ffi/1024,ffi,ffi,scriptc-ffi,,borrowed,,1024,uint8array,1024,,case,3,8.9054241004159,8.906879206978992,8.909479071990056,8.906879206978992,8.9054241004159,8.909479071990056,0.0004552628906181825,stable,false,true
2026-09-29T10-24-40-196Z/scriptc/runtime/bytes_len/ffi/1024,2026-09-29T10-24-40-196Z,scriptc,runtime,scriptc,,,0.1.7,payload,bytes_len,bytes_len/ffi/1024,ffi,ffi,scriptc-ffi,,borrowed,,1024,uint8array,1024,,runtime,3,8.889667272442226,8.908638247479338,8.896526331514796,8.896526331514796,8.889667272442226,8.908638247479338,0.0021324025052238244,stable,false,true
2026-09-29T10-24-40-196Z/scriptc/case/bytes_len/ts/65536,2026-09-29T10-24-40-196Z,scriptc,runtime,scriptc,,,0.1.7,payload,bytes_len,bytes_len/ts/65536,ts,ts,none,,,,65536,uint8array,65536,,case,3,9.175778642640893,9.17231116304134,9.183325310802374,9.175778642640893,9.17231116304134,9.183325310802374,0.0012003502035076148,stable,false,true
2026-09-29T10-24-40-196Z/scriptc/runtime/bytes_len/ts/65536,2026-09-29T10-24-40-196Z,scriptc,runtime,scriptc,,,0.1.7,payload,bytes_len,bytes_len/ts/65536,ts,ts,none,,,,65536,uint8array,65536,,runtime,3,9.170796597424314,9.170489464402474,9.170236474758378,9.170489464402474,9.170236474758378,9.170796597424314,0.00006107881897803232,stable,false,true
2026-09-29T10-24-40-196Z/scriptc/case/bytes_len/ffi/65536,2026-09-29T10-24-40-196Z,scriptc,runtime,scriptc,,,0.1.7,payload,bytes_len,bytes_len/ffi/65536,ffi,ffi,scriptc-ffi,,borrowed,,65536,uint8array,65536,,case,3,8.908621287270496,8.906233543728028,8.907630973811962,8.907630973811962,8.906233543728028,8.908621287270496,0.0002680559566833371,stable,false,true
2026-09-29T10-24-40-196Z/scriptc/runtime/bytes_len/ffi/65536,2026-09-29T10-24-40-196Z,scriptc,runtime,scriptc,,,0.1.7,payload,bytes_len,bytes_len/ffi/65536,ffi,ffi,scriptc-ffi,,borrowed,,65536,uint8array,65536,,runtime,3,8.893006703980838,8.899828869692548,8.905267678329038,8.899828869692548,8.893006703980838,8.905267678329038,0.0013776640571093815,stable,false,true
2026-09-29T10-24-40-196Z/scriptc/case/bytes_len/ts/1048576,2026-09-29T10-24-40-196Z,scriptc,runtime,scriptc,,,0.1.7,payload,bytes_len,bytes_len/ts/1048576,ts,ts,none,,,,1048576,uint8array,1048576,,case,3,9.180005673869687,9.171621195274453,9.17466847218628,9.17466847218628,9.171621195274453,9.180005673869687,0.0009138726506197206,stable,false,true
2026-09-29T10-24-40-196Z/scriptc/runtime/bytes_len/ts/1048576,2026-09-29T10-24-40-196Z,scriptc,runtime,scriptc,,,0.1.7,payload,bytes_len,bytes_len/ts/1048576,ts,ts,none,,,,1048576,uint8array,1048576,,runtime,3,9.170921212204142,9.170923976564147,9.171876319633713,9.170923976564147,9.170921212204142,9.171876319633713,0.00010414516923388752,stable,false,true
2026-09-29T10-24-40-196Z/scriptc/case/bytes_len/ffi/1048576,2026-09-29T10-24-40-196Z,scriptc,runtime,scriptc,,,0.1.7,payload,bytes_len,bytes_len/ffi/1048576,ffi,ffi,scriptc-ffi,,borrowed,,1048576,uint8array,1048576,,case,3,8.916254307444737,8.905056017568626,8.889562299040639,8.905056017568626,8.889562299040639,8.916254307444737,0.0029973992697448944,stable,false,true
2026-09-29T10-24-40-196Z/scriptc/runtime/bytes_len/ffi/1048576,2026-09-29T10-24-40-196Z,scriptc,runtime,scriptc,,,0.1.7,payload,bytes_len,bytes_len/ffi/1048576,ffi,ffi,scriptc-ffi,,borrowed,,1048576,uint8array,1048576,,runtime,3,9.090018640213088,9.08729276380214,8.885502728791261,9.08729276380214,8.885502728791261,9.090018640213088,0.022505702934595202,stable,false,true
2026-09-29T10-24-40-196Z/scriptc/case/bytes_len/ts/16777216,2026-09-29T10-24-40-196Z,scriptc,runtime,scriptc,,,0.1.7,payload,bytes_len,bytes_len/ts/16777216,ts,ts,none,,,,16777216,uint8array,16777216,,case,3,9.183512806061081,9.172871234016625,9.186206703448502,9.183512806061081,9.172871234016625,9.186206703448502,0.0014521098531135907,stable,false,true
2026-09-29T10-24-40-196Z/scriptc/runtime/bytes_len/ts/16777216,2026-09-29T10-24-40-196Z,scriptc,runtime,scriptc,,,0.1.7,payload,bytes_len,bytes_len/ts/16777216,ts,ts,none,,,,16777216,uint8array,16777216,,runtime,3,9.170451440163658,9.170593783729238,9.17104940280953,9.170593783729238,9.170451440163658,9.17104940280953,0.00006520435426246269,stable,false,true
2026-09-29T10-24-40-196Z/scriptc/case/bytes_len/ffi/16777216,2026-09-29T10-24-40-196Z,scriptc,runtime,scriptc,,,0.1.7,payload,bytes_len,bytes_len/ffi/16777216,ffi,ffi,scriptc-ffi,,borrowed,,16777216,uint8array,16777216,,case,3,8.916365516502687,8.908308931430193,8.892917597580553,8.908308931430193,8.892917597580553,8.916365516502687,0.002632140297627674,stable,false,true
2026-09-29T10-24-40-196Z/scriptc/runtime/bytes_len/ffi/16777216,2026-09-29T10-24-40-196Z,scriptc,runtime,scriptc,,,0.1.7,payload,bytes_len,bytes_len/ffi/16777216,ffi,ffi,scriptc-ffi,,borrowed,,16777216,uint8array,16777216,,runtime,3,8.890508053492463,8.906880525029411,8.903310020124884,8.903310020124884,8.890508053492463,8.906880525029411,0.0018389196265142522,stable,false,true
2026-09-29T10-24-40-196Z/scriptc/case/checksum_bytes/ts/16,2026-09-29T10-24-40-196Z,scriptc,runtime,scriptc,,,0.1.7,payload,checksum_bytes,checksum_bytes/ts/16,ts,ts,none,,,,16,uint8array,16,,case,3,61.4223420767307,61.4904798950857,61.4036393122794,61.4223420767307,61.4036393122794,61.4904798950857,0.0014138272796210243,stable,false,true
2026-09-29T10-24-40-196Z/scriptc/runtime/checksum_bytes/ts/16,2026-09-29T10-24-40-196Z,scriptc,runtime,scriptc,,,0.1.7,payload,checksum_bytes,checksum_bytes/ts/16,ts,ts,none,,,,16,uint8array,16,,runtime,3,61.40605956316223,61.40568882189521,61.40958998610863,61.40605956316223,61.40568882189521,61.40958998610863,0.00006353060660738675,stable,false,true
2026-09-29T10-24-40-196Z/scriptc/case/checksum_bytes/ffi/16,2026-09-29T10-24-40-196Z,scriptc,runtime,scriptc,,,0.1.7,payload,checksum_bytes,checksum_bytes/ffi/16,ffi,ffi,scriptc-ffi,,borrowed,,16,uint8array,16,,case,3,13.765656892303479,13.732040954432602,13.613913788303044,13.732040954432602,13.613913788303044,13.765656892303479,0.011050295036547579,stable,false,true
2026-09-29T10-24-40-196Z/scriptc/runtime/checksum_bytes/ffi/16,2026-09-29T10-24-40-196Z,scriptc,runtime,scriptc,,,0.1.7,payload,checksum_bytes,checksum_bytes/ffi/16,ffi,ffi,scriptc-ffi,,borrowed,,16,uint8array,16,,runtime,3,13.757294948630829,13.72583387469226,13.718097173846797,13.72583387469226,13.718097173846797,13.757294948630829,0.0028557663703263365,stable,false,true
2026-09-29T10-24-40-196Z/scriptc/case/checksum_bytes/ts/64,2026-09-29T10-24-40-196Z,scriptc,runtime,scriptc,,,0.1.7,payload,checksum_bytes,checksum_bytes/ts/64,ts,ts,none,,,,64,uint8array,64,,case,3,388.9946886205387,388.48667119973925,389.09281815812966,388.9946886205387,388.48667119973925,389.09281815812966,0.0015582396781301635,stable,false,true
2026-09-29T10-24-40-196Z/scriptc/runtime/checksum_bytes/ts/64,2026-09-29T10-24-40-196Z,scriptc,runtime,scriptc,,,0.1.7,payload,checksum_bytes,checksum_bytes/ts/64,ts,ts,none,,,,64,uint8array,64,,runtime,3,388.44128391382856,388.4111080966088,388.4364416590141,388.4364416590141,388.4111080966088,388.44128391382856,0.00007768534046615531,stable,false,true
2026-09-29T10-24-40-196Z/scriptc/case/checksum_bytes/ffi/64,2026-09-29T10-24-40-196Z,scriptc,runtime,scriptc,,,0.1.7,payload,checksum_bytes,checksum_bytes/ffi/64,ffi,ffi,scriptc-ffi,,borrowed,,64,uint8array,64,,case,3,68.70124987681454,68.79749588031673,68.66282273378991,68.70124987681454,68.66282273378991,68.79749588031673,0.001960272145969674,stable,false,true
2026-09-29T10-24-40-196Z/scriptc/runtime/checksum_bytes/ffi/64,2026-09-29T10-24-40-196Z,scriptc,runtime,scriptc,,,0.1.7,payload,checksum_bytes,checksum_bytes/ffi/64,ffi,ffi,scriptc-ffi,,borrowed,,64,uint8array,64,,runtime,3,68.64362915512197,68.6512149819275,68.63350390816781,68.64362915512197,68.63350390816781,68.6512149819275,0.0002580148220261063,stable,false,true
2026-09-29T10-24-40-196Z/scriptc/case/checksum_bytes/ts/1024,2026-09-29T10-24-40-196Z,scriptc,runtime,scriptc,,,0.1.7,payload,checksum_bytes,checksum_bytes/ts/1024,ts,ts,none,,,,1024,uint8array,1024,,case,3,7098.567317741167,7104.354810378295,7108.930071477788,7104.354810378295,7098.567317741167,7108.930071477788,0.0014586481127720052,stable,false,true
2026-09-29T10-24-40-196Z/scriptc/runtime/checksum_bytes/ts/1024,2026-09-29T10-24-40-196Z,scriptc,runtime,scriptc,,,0.1.7,payload,checksum_bytes,checksum_bytes/ts/1024,ts,ts,none,,,,1024,uint8array,1024,,runtime,3,7095.9348828089605,7096.0766502316965,7095.909542323174,7095.9348828089605,7095.909542323174,7096.0766502316965,0.00002354980862740331,stable,false,true
2026-09-29T10-24-40-196Z/scriptc/case/checksum_bytes/ffi/1024,2026-09-29T10-24-40-196Z,scriptc,runtime,scriptc,,,0.1.7,payload,checksum_bytes,checksum_bytes/ffi/1024,ffi,ffi,scriptc-ffi,,borrowed,,1024,uint8array,1024,,case,3,1726.845572966199,1725.484732174384,1727.9988761694644,1726.845572966199,1725.484732174384,1727.9988761694644,0.0014559170978803802,stable,false,true
2026-09-29T10-24-40-196Z/scriptc/runtime/checksum_bytes/ffi/1024,2026-09-29T10-24-40-196Z,scriptc,runtime,scriptc,,,0.1.7,payload,checksum_bytes,checksum_bytes/ffi/1024,ffi,ffi,scriptc-ffi,,borrowed,,1024,uint8array,1024,,runtime,3,1725.2467650058245,1725.1795325996968,1724.9729099770482,1725.1795325996968,1724.9729099770482,1725.2467650058245,0.00015874001725701482,stable,false,true
2026-09-29T10-24-40-196Z/scriptc/case/checksum_bytes/ts/65536,2026-09-29T10-24-40-196Z,scriptc,runtime,scriptc,,,0.1.7,payload,checksum_bytes,checksum_bytes/ts/65536,ts,ts,none,,,,65536,uint8array,65536,,case,3,457966.31817409594,458685.93181314116,458715.9318087454,458685.93181314116,457966.31817409594,458715.9318087454,0.0016342634091398467,stable,false,true
2026-09-29T10-24-40-196Z/scriptc/runtime/checksum_bytes/ts/65536,2026-09-29T10-24-40-196Z,scriptc,runtime,scriptc,,,0.1.7,payload,checksum_bytes,checksum_bytes/ts/65536,ts,ts,none,,,,65536,uint8array,65536,,runtime,3,457906.1363633214,457909.70456701785,457892.51137863507,457906.1363633214,457892.51137863507,457909.70456701785,0.00003754740768343087,stable,false,true
2026-09-29T10-24-40-196Z/scriptc/case/checksum_bytes/ffi/65536,2026-09-29T10-24-40-196Z,scriptc,runtime,scriptc,,,0.1.7,payload,checksum_bytes,checksum_bytes/ffi/65536,ffi,ffi,scriptc-ffi,,borrowed,,65536,uint8array,65536,,case,3,114554.44827804278,114508.1457069942,114620.18857044834,114554.44827804278,114508.1457069942,114620.18857044834,0.000978075187287351,stable,false,true
2026-09-29T10-24-40-196Z/scriptc/runtime/checksum_bytes/ffi/65536,2026-09-29T10-24-40-196Z,scriptc,runtime,scriptc,,,0.1.7,payload,checksum_bytes,checksum_bytes/ffi/65536,ffi,ffi,scriptc-ffi,,borrowed,,65536,uint8array,65536,,runtime,3,114431.10285592932,114421.15428192275,114434.7657156842,114431.10285592932,114421.15428192275,114434.7657156842,0.00011894872479375915,stable,false,true
2026-09-29T10-24-40-196Z/scriptc/case/checksum_bytes/ts/1048576,2026-09-29T10-24-40-196Z,scriptc,runtime,scriptc,,,0.1.7,payload,checksum_bytes,checksum_bytes/ts/1048576,ts,ts,none,,,,1048576,uint8array,1048576,,case,3,7326874.666536847,7329567.166666189,7328221.666626632,7328221.666626632,7326874.666536847,7329567.166666189,0.00036741521365326083,stable,false,true
2026-09-29T10-24-40-196Z/scriptc/runtime/checksum_bytes/ts/1048576,2026-09-29T10-24-40-196Z,scriptc,runtime,scriptc,,,0.1.7,payload,checksum_bytes,checksum_bytes/ts/1048576,ts,ts,none,,,,1048576,uint8array,1048576,,runtime,3,7328114.666665593,7327322.166723509,7326934.666683277,7327322.166723509,7326934.666683277,7328114.666665593,0.0001610410946136543,stable,false,true
2026-09-29T10-24-40-196Z/scriptc/case/checksum_bytes/ffi/1048576,2026-09-29T10-24-40-196Z,scriptc,runtime,scriptc,,,0.1.7,payload,checksum_bytes,checksum_bytes/ffi/1048576,ffi,ffi,scriptc-ffi,,borrowed,,1048576,uint8array,1048576,,case,3,1833969.4090695544,1833682.1363561533,1832282.8181765296,1833682.1363561533,1832282.8181765296,1833969.4090695544,0.0009197836743811892,stable,false,true
2026-09-29T10-24-40-196Z/scriptc/runtime/checksum_bytes/ffi/1048576,2026-09-29T10-24-40-196Z,scriptc,runtime,scriptc,,,0.1.7,payload,checksum_bytes,checksum_bytes/ffi/1048576,ffi,ffi,scriptc-ffi,,borrowed,,1048576,uint8array,1048576,,runtime,3,1832299.272741445,1832074.7272704137,1832138.1363679064,1832138.1363679064,1832074.7272704137,1832299.272741445,0.00012255924734834583,stable,false,true
2026-09-29T10-24-40-196Z/scriptc/case/checksum_bytes/ts/16777216,2026-09-29T10-24-40-196Z,scriptc,runtime,scriptc,,,0.1.7,payload,checksum_bytes,checksum_bytes/ts/16777216,ts,ts,none,,,,16777216,uint8array,16777216,,case,3,117364017.50007644,117278026.49978548,117271072.00026512,117278026.49978548,117271072.00026512,117364017.50007644,0.0007925227136346084,stable,false,true
2026-09-29T10-24-40-196Z/scriptc/runtime/checksum_bytes/ts/16777216,2026-09-29T10-24-40-196Z,scriptc,runtime,scriptc,,,0.1.7,payload,checksum_bytes,checksum_bytes/ts/16777216,ts,ts,none,,,,16777216,uint8array,16777216,,runtime,3,117254871.00007012,117252479.00001705,117257947.99998403,117254871.00007012,117252479.00001705,117257947.99998403,0.000046641985278170286,stable,false,true
2026-09-29T10-24-40-196Z/scriptc/case/checksum_bytes/ffi/16777216,2026-09-29T10-24-40-196Z,scriptc,runtime,scriptc,,,0.1.7,payload,checksum_bytes,checksum_bytes/ffi/16777216,ffi,ffi,scriptc-ffi,,borrowed,,16777216,uint8array,16777216,,case,3,29393736.500293016,29358319.99965012,29344783.49983692,29358319.99965012,29344783.49983692,29393736.500293016,0.0016674319394528753,stable,false,true
2026-09-29T10-24-40-196Z/scriptc/runtime/checksum_bytes/ffi/16777216,2026-09-29T10-24-40-196Z,scriptc,runtime,scriptc,,,0.1.7,payload,checksum_bytes,checksum_bytes/ffi/16777216,ffi,ffi,scriptc-ffi,,borrowed,,16777216,uint8array,16777216,,runtime,3,29346411.499660462,29354292.99902171,29349856.99877143,29349856.99877143,29346411.499660462,29354292.99902171,0.00026853620995757286,stable,false,true
2026-09-29T10-24-40-196Z/scriptc/case/return_f64/ts,2026-09-29T10-24-40-196Z,scriptc,runtime,scriptc,,,0.1.7,return,return_f64,return_f64/ts,ts,ts,none,,value,,,,,,case,3,0.8735528803453657,0.8743309288950014,0.8735413776925378,0.8735528803453657,0.8735413776925378,0.8743309288950014,0.0009038390465285237,stable,false,true
2026-09-29T10-24-40-196Z/scriptc/runtime/return_f64/ts,2026-09-29T10-24-40-196Z,scriptc,runtime,scriptc,,,0.1.7,return,return_f64,return_f64/ts,ts,ts,none,,value,,,,,,runtime,3,0.8733396925277541,0.8733905356042895,0.8733983497821236,0.8733905356042895,0.8733396925277541,0.8733983497821236,0.00006716039615531569,stable,false,true
2026-09-29T10-24-40-196Z/scriptc/case/return_f64/ffi,2026-09-29T10-24-40-196Z,scriptc,runtime,scriptc,,,0.1.7,return,return_f64,return_f64/ffi,ffi,ffi,scriptc-ffi,,value,,,,,,case,3,3.5550176257150885,3.556930363930568,3.5594184819395775,3.556930363930568,3.5550176257150885,3.5594184819395775,0.0012372624072476649,stable,false,true
2026-09-29T10-24-40-196Z/scriptc/runtime/return_f64/ffi,2026-09-29T10-24-40-196Z,scriptc,runtime,scriptc,,,0.1.7,return,return_f64,return_f64/ffi,ffi,ffi,scriptc-ffi,,value,,,,,,runtime,3,3.550122546188158,3.5470515001702037,3.5475078937646467,3.5475078937646467,3.5470515001702037,3.550122546188158,0.0008656911020133457,stable,false,true
2026-09-29T10-24-40-196Z/scriptc/case/return_bytes/ts/16,2026-09-29T10-24-40-196Z,scriptc,runtime,scriptc,,,0.1.7,return,return_bytes,return_bytes/ts/16,ts,ts,none,,js-alloc+js-fill,,16,uint8array,16,,case,3,104.24711789051193,103.9130330174736,103.88821439279658,103.9130330174736,103.88821439279658,104.24711789051193,0.0034538833801049215,stable,false,true
2026-09-29T10-24-40-196Z/scriptc/runtime/return_bytes/ts/16,2026-09-29T10-24-40-196Z,scriptc,runtime,scriptc,,,0.1.7,return,return_bytes,return_bytes/ts/16,ts,ts,none,,js-alloc+js-fill,,16,uint8array,16,,runtime,3,107.40434153509257,104.98946895488618,104.98396374056331,104.98946895488618,104.98396374056331,107.40434153509257,0.023053529259865972,stable,false,true
2026-09-29T10-24-40-196Z/scriptc/case/return_bytes/ts/64,2026-09-29T10-24-40-196Z,scriptc,runtime,scriptc,,,0.1.7,return,return_bytes,return_bytes/ts/64,ts,ts,none,,js-alloc+js-fill,,64,uint8array,64,,case,3,307.8262561042913,307.6292307467263,307.48914882322515,307.6292307467263,307.48914882322515,307.8262561042913,0.0010958233073231466,stable,false,true
2026-09-29T10-24-40-196Z/scriptc/runtime/return_bytes/ts/64,2026-09-29T10-24-40-196Z,scriptc,runtime,scriptc,,,0.1.7,return,return_bytes,return_bytes/ts/64,ts,ts,none,,js-alloc+js-fill,,64,uint8array,64,,runtime,3,307.38136687375123,307.59486077133164,307.69681661851314,307.59486077133164,307.38136687375123,307.69681661851314,0.001025536460430053,stable,false,true
2026-09-29T10-24-40-196Z/scriptc/case/return_bytes/ts/1024,2026-09-29T10-24-40-196Z,scriptc,runtime,scriptc,,,0.1.7,return,return_bytes,return_bytes/ts/1024,ts,ts,none,,js-alloc+js-fill,,1024,uint8array,1024,,case,3,4256.512348321821,4257.1326098835,4255.530293349835,4256.512348321821,4255.530293349835,4257.1326098835,0.0003764388312643721,stable,false,true
2026-09-29T10-24-40-196Z/scriptc/runtime/return_bytes/ts/1024,2026-09-29T10-24-40-196Z,scriptc,runtime,scriptc,,,0.1.7,return,return_bytes,return_bytes/ts/1024,ts,ts,none,,js-alloc+js-fill,,1024,uint8array,1024,,runtime,3,4251.92802463637,4252.359057646575,4251.653447494423,4251.92802463637,4251.653447494423,4252.359057646575,0.00016595063417434509,stable,false,true
2026-09-29T10-24-40-196Z/scriptc/case/return_bytes/ts/65536,2026-09-29T10-24-40-196Z,scriptc,runtime,scriptc,,,0.1.7,return,return_bytes,return_bytes/ts/65536,ts,ts,none,,js-alloc+js-fill,,65536,uint8array,65536,,case,3,269672.6959437837,269953.55405567866,269659.28378489777,269672.6959437837,269659.28378489777,269953.55405567866,0.0010912127004590669,stable,false,true
2026-09-29T10-24-40-196Z/scriptc/runtime/return_bytes/ts/65536,2026-09-29T10-24-40-196Z,scriptc,runtime,scriptc,,,0.1.7,return,return_bytes,return_bytes/ts/65536,ts,ts,none,,js-alloc+js-fill,,65536,uint8array,65536,,runtime,3,269728.9864897627,269677.15539944335,269462.9662091265,269677.15539944335,269462.9662091265,269728.9864897627,0.0009864398051892083,stable,false,true
2026-09-29T10-24-40-196Z/scriptc/case/return_bytes/ts/1048576,2026-09-29T10-24-40-196Z,scriptc,runtime,scriptc,,,0.1.7,return,return_bytes,return_bytes/ts/1048576,ts,ts,none,,js-alloc+js-fill,,1048576,uint8array,1048576,,case,3,4316645.099967718,4316389.3001154065,4316373.899951577,4316389.3001154065,4316373.899951577,4316645.099967718,0.00006283029571352305,stable,false,true
2026-09-29T10-24-40-196Z/scriptc/runtime/return_bytes/ts/1048576,2026-09-29T10-24-40-196Z,scriptc,runtime,scriptc,,,0.1.7,return,return_bytes,return_bytes/ts/1048576,ts,ts,none,,js-alloc+js-fill,,1048576,uint8array,1048576,,runtime,3,4318902.199994773,4315016.900002956,4314727.099984884,4315016.900002956,4314727.099984884,4318902.199994773,0.0009675744282451246,stable,false,true
2026-09-29T10-24-40-196Z/scriptc/case/return_bytes/ts/16777216,2026-09-29T10-24-40-196Z,scriptc,runtime,scriptc,,,0.1.7,return,return_bytes,return_bytes/ts/16777216,ts,ts,none,,js-alloc+js-fill,,16777216,uint8array,16777216,,case,3,69294235.49957573,69343217.49955416,69283555.99939823,69294235.49957573,69283555.99939823,69343217.49955416,0.0008609879267127644,stable,false,true
2026-09-29T10-24-40-196Z/scriptc/runtime/return_bytes/ts/16777216,2026-09-29T10-24-40-196Z,scriptc,runtime,scriptc,,,0.1.7,return,return_bytes,return_bytes/ts/16777216,ts,ts,none,,js-alloc+js-fill,,16777216,uint8array,16777216,,runtime,3,69238357.00005293,69218255.00018895,69267713.00006658,69238357.00005293,69218255.00018895,69267713.00006658,0.0007143150418429752,stable,false,true
2026-09-29T10-24-40-196Z/scriptc/case/return_rows/ts/1,2026-09-29T10-24-40-196Z,scriptc,runtime,scriptc,,,0.1.7,return,return_rows,return_rows/ts/1,ts,ts,none,,js-objects,,1,rows,,1,case,3,164.4330126298509,168.28830817567763,168.38768381117222,168.28830817567763,164.4330126298509,168.38768381117222,0.023499381651594008,stable,false,true
2026-09-29T10-24-40-196Z/scriptc/runtime/return_rows/ts/1,2026-09-29T10-24-40-196Z,scriptc,runtime,scriptc,,,0.1.7,return,return_rows,return_rows/ts/1,ts,ts,none,,js-objects,,1,rows,,1,runtime,3,167.33219413679757,166.3703922553073,166.79383098316822,166.79383098316822,166.3703922553073,167.33219413679757,0.005766411598204245,stable,false,true
2026-09-29T10-24-40-196Z/scriptc/case/return_rows/ts/10,2026-09-29T10-24-40-196Z,scriptc,runtime,scriptc,,,0.1.7,return,return_rows,return_rows/ts/10,ts,ts,none,,js-objects,,10,rows,,10,case,3,1235.6772555940934,1234.9193391987797,1246.957408292837,1235.6772555940934,1234.9193391987797,1246.957408292837,0.00974208195510541,stable,false,true
2026-09-29T10-24-40-196Z/scriptc/runtime/return_rows/ts/10,2026-09-29T10-24-40-196Z,scriptc,runtime,scriptc,,,0.1.7,return,return_rows,return_rows/ts/10,ts,ts,none,,js-objects,,10,rows,,10,runtime,3,1241.5998033305123,1245.3795139335284,1263.7143555252596,1245.3795139335284,1241.5998033305123,1263.7143555252596,0.017757279566048594,stable,false,true
2026-09-29T10-24-40-196Z/scriptc/case/return_rows/ts/100,2026-09-29T10-24-40-196Z,scriptc,runtime,scriptc,,,0.1.7,return,return_rows,return_rows/ts/100,ts,ts,none,,js-objects,,100,rows,,100,case,3,15150.312500224374,14533.888205600157,14504.960231720022,14533.888205600157,14504.960231720022,15150.312500224374,0.04440327731815678,stable,false,true
2026-09-29T10-24-40-196Z/scriptc/runtime/return_rows/ts/100,2026-09-29T10-24-40-196Z,scriptc,runtime,scriptc,,,0.1.7,return,return_rows,return_rows/ts/100,ts,ts,none,,js-objects,,100,rows,,100,runtime,3,14552.178443991164,14923.095683024512,14828.411420455439,14828.411420455439,14552.178443991164,14923.095683024512,0.025013956553813742,stable,false,true
2026-09-29T10-24-40-196Z/scriptc/case/return_rows/ts/1000,2026-09-29T10-24-40-196Z,scriptc,runtime,scriptc,,,0.1.7,return,return_rows,return_rows/ts/1000,ts,ts,none,,js-objects,,1000,rows,,1000,case,3,141065.43309671778,141889.29496453606,140635.80419503516,141065.43309671778,140635.80419503516,141889.29496453606,0.008885881835002623,stable,false,true
2026-09-29T10-24-40-196Z/scriptc/runtime/return_rows/ts/1000,2026-09-29T10-24-40-196Z,scriptc,runtime,scriptc,,,0.1.7,return,return_rows,return_rows/ts/1000,ts,ts,none,,js-objects,,1000,rows,,1000,runtime,3,139569.53471966297,140342.93006480363,143271.20566938785,140342.93006480363,139569.53471966297,143271.20566938785,0.026375899006922738,stable,false,true
2026-09-29T10-24-40-196Z/scriptc/case/return_rows/ts/10000,2026-09-29T10-24-40-196Z,scriptc,runtime,scriptc,,,0.1.7,return,return_rows,return_rows/ts/10000,ts,ts,none,,js-objects,,10000,rows,,10000,case,3,1464409.1071427932,1472741.071467421,1474047.00005427,1472741.071467421,1464409.1071427932,1474047.00005427,0.006544186957367668,stable,false,true
2026-09-29T10-24-40-196Z/scriptc/runtime/return_rows/ts/10000,2026-09-29T10-24-40-196Z,scriptc,runtime,scriptc,,,0.1.7,return,return_rows,return_rows/ts/10000,ts,ts,none,,js-objects,,10000,rows,,10000,runtime,3,1473315.6071244073,1469035.6786096734,1469491.4285625732,1469491.4285625732,1469035.6786096734,1473315.6071244073,0.0029125236333773312,stable,false,true
2026-09-29T11-49-48-358Z/chromium.main/case/noop/ts,2026-09-29T11-49-48-358Z,chromium.main,browser,,chromium,main,Google Chrome for Testing 153.0.8010.12,boundary,noop,noop/ts,ts,ts,none,,,,,,,,case,3,0.5468765577441416,0.5468848677603058,0.5483013151560847,0.5468848677603058,0.5468765577441416,0.5483013151560847,0.0026052236877170316,stable,false,true
2026-09-29T11-49-48-358Z/chromium.main/runtime/noop/ts,2026-09-29T11-49-48-358Z,chromium.main,browser,,chromium,main,Google Chrome for Testing 153.0.8010.12,boundary,noop,noop/ts,ts,ts,none,,,,,,,,runtime,3,0.5469836064556436,0.5469348124737982,0.5479600588998819,0.5469836064556436,0.5469348124737982,0.5479600588998819,0.0018743640832805171,stable,false,true
2026-09-29T11-49-48-358Z/chromium.main/case/noop/wasm.inlineable,2026-09-29T11-49-48-358Z,chromium.main,browser,,chromium,main,Google Chrome for Testing 153.0.8010.12,boundary,noop,noop/wasm.inlineable,wasm.inlineable,wasm,WebAssembly,inlineable,,,,,,,case,3,0.8208487284041427,0.8202687899297468,0.8204407955181374,0.8204407955181374,0.8202687899297468,0.8208487284041427,0.0007068620643487216,stable,false,true
2026-09-29T11-49-48-358Z/chromium.main/runtime/noop/wasm.inlineable,2026-09-29T11-49-48-358Z,chromium.main,browser,,chromium,main,Google Chrome for Testing 153.0.8010.12,boundary,noop,noop/wasm.inlineable,wasm.inlineable,wasm,WebAssembly,inlineable,,,,,,,runtime,3,0.819861875410264,0.8203089127506725,0.8218189038275779,0.8203089127506725,0.819861875410264,0.8218189038275779,0.002385721265360381,stable,false,true
2026-09-29T11-49-48-358Z/chromium.main/case/add_i32/ts,2026-09-29T11-49-48-358Z,chromium.main,browser,,chromium,main,Google Chrome for Testing 153.0.8010.12,boundary,add_i32,add_i32/ts,ts,ts,none,,,,,,,,case,3,0.5564316129333191,0.555649070190691,0.555718500273693,0.555718500273693,0.555649070190691,0.5564316129333191,0.0014081639215586998,stable,false,true
2026-09-29T11-49-48-358Z/chromium.main/runtime/add_i32/ts,2026-09-29T11-49-48-358Z,chromium.main,browser,,chromium,main,Google Chrome for Testing 153.0.8010.12,boundary,add_i32,add_i32/ts,ts,ts,none,,,,,,,,runtime,3,0.555579640107689,0.5554318490951881,0.5564559224847856,0.555579640107689,0.5554318490951881,0.5564559224847856,0.0018432521922492283,stable,false,true
2026-09-29T11-49-48-358Z/chromium.main/case/add_i32/wasm.inlineable,2026-09-29T11-49-48-358Z,chromium.main,browser,,chromium,main,Google Chrome for Testing 153.0.8010.12,boundary,add_i32,add_i32/wasm.inlineable,wasm.inlineable,wasm,WebAssembly,inlineable,,,,,,,case,3,3.6778869560073217,3.6790081841875133,3.730960205308497,3.6790081841875133,3.6778869560073217,3.730960205308497,0.014425966631247409,stable,false,true
2026-09-29T11-49-48-358Z/chromium.main/runtime/add_i32/wasm.inlineable,2026-09-29T11-49-48-358Z,chromium.main,browser,,chromium,main,Google Chrome for Testing 153.0.8010.12,boundary,add_i32,add_i32/wasm.inlineable,wasm.inlineable,wasm,WebAssembly,inlineable,,,,,,,runtime,3,3.611531517641583,3.82517952656186,3.6352490382724003,3.6352490382724003,3.611531517641583,3.82517952656186,0.05877121668170777,unstable,false,true
2026-09-29T11-49-48-358Z/chromium.main/case/sum_i32/ts/1,2026-09-29T11-49-48-358Z,chromium.main,browser,,chromium,main,Google Chrome for Testing 153.0.8010.12,boundary,sum_i32,sum_i32/ts/1,ts,ts,none,,,,1,int32array,4,,case,3,3.0621945423932413,3.0700359710208507,3.062284641057781,3.062284641057781,3.0621945423932413,3.0700359710208507,0.0025606465586101718,stable,true,true
2026-09-29T11-49-48-358Z/chromium.main/runtime/sum_i32/ts/1,2026-09-29T11-49-48-358Z,chromium.main,browser,,chromium,main,Google Chrome for Testing 153.0.8010.12,boundary,sum_i32,sum_i32/ts/1,ts,ts,none,,,,1,int32array,4,,runtime,3,5.25116864758252,5.25116864758252,5.260458483620479,5.25116864758252,5.25116864758252,5.260458483620479,0.0017690987780854275,stable,true,true
2026-09-29T11-49-48-358Z/chromium.main/case/sum_i32/wasm.copy/1,2026-09-29T11-49-48-358Z,chromium.main,browser,,chromium,main,Google Chrome for Testing 153.0.8010.12,boundary,sum_i32,sum_i32/wasm.copy/1,wasm.copy,wasm,WebAssembly,copy,js-to-wasm-memory-copy,,1,int32array,4,,case,3,21.120146860781794,21.18052166231868,21.282155018570542,21.18052166231868,21.120146860781794,21.282155018570542,0.007648921984625574,stable,false,true
2026-09-29T11-49-48-358Z/chromium.main/runtime/sum_i32/wasm.copy/1,2026-09-29T11-49-48-358Z,chromium.main,browser,,chromium,main,Google Chrome for Testing 153.0.8010.12,boundary,sum_i32,sum_i32/wasm.copy/1,wasm.copy,wasm,WebAssembly,copy,js-to-wasm-memory-copy,,1,int32array,4,,runtime,3,21.05449901454894,21.109942973496842,21.29860066511736,21.109942973496842,21.05449901454894,21.29860066511736,0.011563349596675024,stable,false,true
2026-09-29T11-49-48-358Z/chromium.main/case/sum_i32/wasm.resident/1,2026-09-29T11-49-48-358Z,chromium.main,browser,,chromium,main,Google Chrome for Testing 153.0.8010.12,boundary,sum_i32,sum_i32/wasm.resident/1,wasm.resident,wasm,WebAssembly,resident,wasm-memory-resident,,1,int32array,4,,case,3,5.602749354246397,5.749429336977428,5.644475586813838,5.644475586813838,5.602749354246397,5.749429336977428,0.02598646773735601,stable,false,true
2026-09-29T11-49-48-358Z/chromium.main/runtime/sum_i32/wasm.resident/1,2026-09-29T11-49-48-358Z,chromium.main,browser,,chromium,main,Google Chrome for Testing 153.0.8010.12,boundary,sum_i32,sum_i32/wasm.resident/1,wasm.resident,wasm,WebAssembly,resident,wasm-memory-resident,,1,int32array,4,,runtime,3,5.548517810684346,5.567465583859702,5.866095794553395,5.567465583859702,5.548517810684346,5.866095794553395,0.05704175070066354,unstable,false,true
2026-09-29T11-49-48-358Z/chromium.main/case/sum_i32/wasm.simd128.copy/1,2026-09-29T11-49-48-358Z,chromium.main,browser,,chromium,main,Google Chrome for Testing 153.0.8010.12,boundary,sum_i32,sum_i32/wasm.simd128.copy/1,wasm.simd128.copy,wasm,WebAssembly+simd128,copy,js-to-wasm-memory-copy,,1,int32array,4,,case,3,20.554087343583205,20.4097043634005,20.5058493807668,20.5058493807668,20.4097043634005,20.554087343583205,0.0070410631377272855,stable,false,true
2026-09-29T11-49-48-358Z/chromium.main/runtime/sum_i32/wasm.simd128.copy/1,2026-09-29T11-49-48-358Z,chromium.main,browser,,chromium,main,Google Chrome for Testing 153.0.8010.12,boundary,sum_i32,sum_i32/wasm.simd128.copy/1,wasm.simd128.copy,wasm,WebAssembly+simd128,copy,js-to-wasm-memory-copy,,1,int32array,4,,runtime,3,20.870085276235276,20.9642985826266,20.8431383950048,20.870085276235276,20.8431383950048,20.9642985826266,0.005805447654771461,stable,false,true
2026-09-29T11-49-48-358Z/chromium.main/case/sum_i32/wasm.simd128.resident/1,2026-09-29T11-49-48-358Z,chromium.main,browser,,chromium,main,Google Chrome for Testing 153.0.8010.12,boundary,sum_i32,sum_i32/wasm.simd128.resident/1,wasm.simd128.resident,wasm,WebAssembly+simd128,resident,wasm-memory-resident,,1,int32array,4,,case,3,5.516857671684611,5.528133420184428,5.4981370716472355,5.516857671684611,5.4981370716472355,5.528133420184428,0.005437216314488132,stable,false,true
2026-09-29T11-49-48-358Z/chromium.main/runtime/sum_i32/wasm.simd128.resident/1,2026-09-29T11-49-48-358Z,chromium.main,browser,,chromium,main,Google Chrome for Testing 153.0.8010.12,boundary,sum_i32,sum_i32/wasm.simd128.resident/1,wasm.simd128.resident,wasm,WebAssembly+simd128,resident,wasm-memory-resident,,1,int32array,4,,runtime,3,5.774879038544141,5.634500661683722,5.507301018605768,5.634500661683722,5.507301018605768,5.774879038544141,0.04748921617100572,stable,false,true
2026-09-29T11-49-48-358Z/chromium.main/case/sum_i32/ts/10,2026-09-29T11-49-48-358Z,chromium.main,browser,,chromium,main,Google Chrome for Testing 153.0.8010.12,boundary,sum_i32,sum_i32/ts/10,ts,ts,none,,,,10,int32array,40,,case,3,9.424626771454358,9.430836827890184,9.41034907941317,9.424626771454358,9.41034907941317,9.430836827890184,0.002173852500882979,stable,true,true
2026-09-29T11-49-48-358Z/chromium.main/runtime/sum_i32/ts/10,2026-09-29T11-49-48-358Z,chromium.main,browser,,chromium,main,Google Chrome for Testing 153.0.8010.12,boundary,sum_i32,sum_i32/ts/10,ts,ts,none,,,,10,int32array,40,,runtime,3,13.383882783094167,13.360017777467593,13.421016412193397,13.383882783094167,13.360017777467593,13.421016412193397,0.004557618720544562,stable,true,true
2026-09-29T11-49-48-358Z/chromium.main/case/sum_i32/wasm.copy/10,2026-09-29T11-49-48-358Z,chromium.main,browser,,chromium,main,Google Chrome for Testing 153.0.8010.12,boundary,sum_i32,sum_i32/wasm.copy/10,wasm.copy,wasm,WebAssembly,copy,js-to-wasm-memory-copy,,10,int32array,40,,case,3,22.913860634336213,22.91963337784663,22.957617237187304,22.91963337784663,22.913860634336213,22.957617237187304,0.001909131883993562,stable,true,true
2026-09-29T11-49-48-358Z/chromium.main/runtime/sum_i32/wasm.copy/10,2026-09-29T11-49-48-358Z,chromium.main,browser,,chromium,main,Google Chrome for Testing 153.0.8010.12,boundary,sum_i32,sum_i32/wasm.copy/10,wasm.copy,wasm,WebAssembly,copy,js-to-wasm-memory-copy,,10,int32array,40,,runtime,3,24.135496168600778,24.080927468414163,24.124441357152968,24.124441357152968,24.080927468414163,24.135496168600778,0.002261967412167014,stable,true,true
2026-09-29T11-49-48-358Z/chromium.main/case/sum_i32/wasm.resident/10,2026-09-29T11-49-48-358Z,chromium.main,browser,,chromium,main,Google Chrome for Testing 153.0.8010.12,boundary,sum_i32,sum_i32/wasm.resident/10,wasm.resident,wasm,WebAssembly,resident,wasm-memory-resident,,10,int32array,40,,case,3,8.588775613915637,8.590456280232223,8.584655509661088,8.588775613915637,8.584655509661088,8.590456280232223,0.0006753896983565653,stable,false,true
2026-09-29T11-49-48-358Z/chromium.main/runtime/sum_i32/wasm.resident/10,2026-09-29T11-49-48-358Z,chromium.main,browser,,chromium,main,Google Chrome for Testing 153.0.8010.12,boundary,sum_i32,sum_i32/wasm.resident/10,wasm.resident,wasm,WebAssembly,resident,wasm-memory-resident,,10,int32array,40,,runtime,3,8.563384018376782,8.589266591422474,8.603465018533136,8.589266591422474,8.563384018376782,8.603465018533136,0.004666405417708197,stable,false,true
2026-09-29T11-49-48-358Z/chromium.main/case/sum_i32/wasm.simd128.copy/10,2026-09-29T11-49-48-358Z,chromium.main,browser,,chromium,main,Google Chrome for Testing 153.0.8010.12,boundary,sum_i32,sum_i32/wasm.simd128.copy/10,wasm.simd128.copy,wasm,WebAssembly+simd128,copy,js-to-wasm-memory-copy,,10,int32array,40,,case,3,23.45743440230374,23.40099995694815,23.398825843226735,23.40099995694815,23.398825843226735,23.45743440230374,0.002504532250110227,stable,false,true
2026-09-29T11-49-48-358Z/chromium.main/runtime/sum_i32/wasm.simd128.copy/10,2026-09-29T11-49-48-358Z,chromium.main,browser,,chromium,main,Google Chrome for Testing 153.0.8010.12,boundary,sum_i32,sum_i32/wasm.simd128.copy/10,wasm.simd128.copy,wasm,WebAssembly+simd128,copy,js-to-wasm-memory-copy,,10,int32array,40,,runtime,3,24.37762244645583,24.34862409873363,24.427602031580804,24.37762244645583,24.34862409873363,24.427602031580804,0.0032397717628388366,stable,false,true
2026-09-29T11-49-48-358Z/chromium.main/case/sum_i32/wasm.simd128.resident/10,2026-09-29T11-49-48-358Z,chromium.main,browser,,chromium,main,Google Chrome for Testing 153.0.8010.12,boundary,sum_i32,sum_i32/wasm.simd128.resident/10,wasm.simd128.resident,wasm,WebAssembly+simd128,resident,wasm-memory-resident,,10,int32array,40,,case,3,7.195435557880055,7.282317601457523,7.17713914208246,7.195435557880055,7.17713914208246,7.282317601457523,0.01461738605384035,stable,false,true
2026-09-29T11-49-48-358Z/chromium.main/runtime/sum_i32/wasm.simd128.resident/10,2026-09-29T11-49-48-358Z,chromium.main,browser,,chromium,main,Google Chrome for Testing 153.0.8010.12,boundary,sum_i32,sum_i32/wasm.simd128.resident/10,wasm.simd128.resident,wasm,WebAssembly+simd128,resident,wasm-memory-resident,,10,int32array,40,,runtime,3,7.228060329748827,7.31235210031224,7.298335705208391,7.298335705208391,7.228060329748827,7.31235210031224,0.01154945099377374,stable,false,true
2026-09-29T11-49-48-358Z/chromium.main/case/sum_i32/ts/100,2026-09-29T11-49-48-358Z,chromium.main,browser,,chromium,main,Google Chrome for Testing 153.0.8010.12,boundary,sum_i32,sum_i32/ts/100,ts,ts,none,,,,100,int32array,400,,case,3,80.83365797375397,80.7422103664052,80.30032658080478,80.7422103664052,80.30032658080478,80.83365797375397,0.006605360325521871,stable,true,true
2026-09-29T11-49-48-358Z/chromium.main/runtime/sum_i32/ts/100,2026-09-29T11-49-48-358Z,chromium.main,browser,,chromium,main,Google Chrome for Testing 153.0.8010.12,boundary,sum_i32,sum_i32/ts/100,ts,ts,none,,,,100,int32array,400,,runtime,3,99.53067449266997,99.3575974327112,100.46852123139544,99.53067449266997,99.3575974327112,100.46852123139544,0.011161622327457,stable,true,true
2026-09-29T11-49-48-358Z/chromium.main/case/sum_i32/wasm.copy/100,2026-09-29T11-49-48-358Z,chromium.main,browser,,chromium,main,Google Chrome for Testing 153.0.8010.12,boundary,sum_i32,sum_i32/wasm.copy/100,wasm.copy,wasm,WebAssembly,copy,js-to-wasm-memory-copy,,100,int32array,400,,case,3,66.59162914877695,66.39877535598279,66.36783591867737,66.39877535598279,66.36783591867737,66.59162914877695,0.0033704421339061505,stable,false,true
2026-09-29T11-49-48-358Z/chromium.main/runtime/sum_i32/wasm.copy/100,2026-09-29T11-49-48-358Z,chromium.main,browser,,chromium,main,Google Chrome for Testing 153.0.8010.12,boundary,sum_i32,sum_i32/wasm.copy/100,wasm.copy,wasm,WebAssembly,copy,js-to-wasm-memory-copy,,100,int32array,400,,runtime,3,68.37736855060989,68.33981182363219,68.02657450041916,68.33981182363219,68.02657450041916,68.37736855060989,0.005133084812935093,stable,false,true
2026-09-29T11-49-48-358Z/chromium.main/case/sum_i32/wasm.resident/100,2026-09-29T11-49-48-358Z,chromium.main,browser,,chromium,main,Google Chrome for Testing 153.0.8010.12,boundary,sum_i32,sum_i32/wasm.resident/100,wasm.resident,wasm,WebAssembly,resident,wasm-memory-resident,,100,int32array,400,,case,3,43.61464891445091,43.64945757891662,43.55569489667235,43.61464891445091,43.55569489667235,43.64945757891662,0.00214979793665613,stable,false,true
2026-09-29T11-49-48-358Z/chromium.main/runtime/sum_i32/wasm.resident/100,2026-09-29T11-49-48-358Z,chromium.main,browser,,chromium,main,Google Chrome for Testing 153.0.8010.12,boundary,sum_i32,sum_i32/wasm.resident/100,wasm.resident,wasm,WebAssembly,resident,wasm-memory-resident,,100,int32array,400,,runtime,3,43.58291040454108,43.64417979402707,43.72188487603872,43.64417979402707,43.58291040454108,43.72188487603872,0.003184261272717504,stable,false,true
2026-09-29T11-49-48-358Z/chromium.main/case/sum_i32/wasm.simd128.copy/100,2026-09-29T11-49-48-358Z,chromium.main,browser,,chromium,main,Google Chrome for Testing 153.0.8010.12,boundary,sum_i32,sum_i32/wasm.simd128.copy/100,wasm.simd128.copy,wasm,WebAssembly+simd128,copy,js-to-wasm-memory-copy,,100,int32array,400,,case,3,34.218329971854544,36.831798984205875,34.09412881275418,34.218329971854544,34.09412881275418,36.831798984205875,0.08000595510369737,unstable,false,true
2026-09-29T11-49-48-358Z/chromium.main/runtime/sum_i32/wasm.simd128.copy/100,2026-09-29T11-49-48-358Z,chromium.main,browser,,chromium,main,Google Chrome for Testing 153.0.8010.12,boundary,sum_i32,sum_i32/wasm.simd128.copy/100,wasm.simd128.copy,wasm,WebAssembly+simd128,copy,js-to-wasm-memory-copy,,100,int32array,400,,runtime,3,35.57384109279163,36.68742755363395,35.36429559738666,35.57384109279163,35.36429559738666,36.68742755363395,0.03719395813333755,stable,false,true
2026-09-29T11-49-48-358Z/chromium.main/case/sum_i32/wasm.simd128.resident/100,2026-09-29T11-49-48-358Z,chromium.main,browser,,chromium,main,Google Chrome for Testing 153.0.8010.12,boundary,sum_i32,sum_i32/wasm.simd128.resident/100,wasm.simd128.resident,wasm,WebAssembly+simd128,resident,wasm-memory-resident,,100,int32array,400,,case,3,16.13625959015918,16.133217504744845,16.106653603187745,16.133217504744845,16.106653603187745,16.13625959015918,0.0018350950120599933,stable,false,true
2026-09-29T11-49-48-358Z/chromium.main/runtime/sum_i32/wasm.simd128.resident/100,2026-09-29T11-49-48-358Z,chromium.main,browser,,chromium,main,Google Chrome for Testing 153.0.8010.12,boundary,sum_i32,sum_i32/wasm.simd128.resident/100,wasm.simd128.resident,wasm,WebAssembly+simd128,resident,wasm-memory-resident,,100,int32array,400,,runtime,3,15.506132392279175,15.485866142771274,15.50793522957034,15.506132392279175,15.485866142771274,15.50793522957034,0.0014232489598795433,stable,false,true
2026-09-29T11-49-48-358Z/chromium.main/case/sum_i32/ts/1000,2026-09-29T11-49-48-358Z,chromium.main,browser,,chromium,main,Google Chrome for Testing 153.0.8010.12,boundary,sum_i32,sum_i32/ts/1000,ts,ts,none,,,,1000,int32array,4000,,case,3,746.899662061277,743.4235605241868,742.1289356997881,743.4235605241868,742.1289356997881,746.899662061277,0.006417238590239241,stable,true,true
2026-09-29T11-49-48-358Z/chromium.main/runtime/sum_i32/ts/1000,2026-09-29T11-49-48-358Z,chromium.main,browser,,chromium,main,Google Chrome for Testing 153.0.8010.12,boundary,sum_i32,sum_i32/ts/1000,ts,ts,none,,,,1000,int32array,4000,,runtime,3,1003.2605969400552,1003.3092659334377,1005.314881659333,1003.3092659334377,1003.2605969400552,1005.314881659333,0.002047508967602906,stable,true,true
2026-09-29T11-49-48-358Z/chromium.main/case/sum_i32/wasm.copy/1000,2026-09-29T11-49-48-358Z,chromium.main,browser,,chromium,main,Google Chrome for Testing 153.0.8010.12,boundary,sum_i32,sum_i32/wasm.copy/1000,wasm.copy,wasm,WebAssembly,copy,js-to-wasm-memory-copy,,1000,int32array,4000,,case,3,517.7099196379102,515.5285998049574,515.7020538847491,515.7020538847491,515.5285998049574,517.7099196379102,0.004229806370793093,stable,false,true
2026-09-29T11-49-48-358Z/chromium.main/runtime/sum_i32/wasm.copy/1000,2026-09-29T11-49-48-358Z,chromium.main,browser,,chromium,main,Google Chrome for Testing 153.0.8010.12,boundary,sum_i32,sum_i32/wasm.copy/1000,wasm.copy,wasm,WebAssembly,copy,js-to-wasm-memory-copy,,1000,int32array,4000,,runtime,3,521.7493718729465,524.3063727364279,521.7975125853588,521.7975125853588,521.7493718729465,524.3063727364279,0.004900369974575233,stable,false,true
2026-09-29T11-49-48-358Z/chromium.main/case/sum_i32/wasm.resident/1000,2026-09-29T11-49-48-358Z,chromium.main,browser,,chromium,main,Google Chrome for Testing 153.0.8010.12,boundary,sum_i32,sum_i32/wasm.resident/1000,wasm.resident,wasm,WebAssembly,resident,wasm-memory-resident,,1000,int32array,4000,,case,3,438.26470202922985,438.429154061127,438.5752894896343,438.429154061127,438.26470202922985,438.5752894896343,0.0007084096883784329,stable,false,true
2026-09-29T11-49-48-358Z/chromium.main/runtime/sum_i32/wasm.resident/1000,2026-09-29T11-49-48-358Z,chromium.main,browser,,chromium,main,Google Chrome for Testing 153.0.8010.12,boundary,sum_i32,sum_i32/wasm.resident/1000,wasm.resident,wasm,WebAssembly,resident,wasm-memory-resident,,1000,int32array,4000,,runtime,3,438.7317627836568,439.91037328179857,439.8915501224445,439.8915501224445,438.7317627836568,439.91037328179857,0.0026793206139415753,stable,false,true
2026-09-29T11-49-48-358Z/chromium.main/case/sum_i32/wasm.simd128.copy/1000,2026-09-29T11-49-48-358Z,chromium.main,browser,,chromium,main,Google Chrome for Testing 153.0.8010.12,boundary,sum_i32,sum_i32/wasm.simd128.copy/1000,wasm.simd128.copy,wasm,WebAssembly+simd128,copy,js-to-wasm-memory-copy,,1000,int32array,4000,,case,3,221.016615626231,221.4311772473194,221.30501399067103,221.30501399067103,221.016615626231,221.4311772473194,0.0018732590537053335,stable,false,true
2026-09-29T11-49-48-358Z/chromium.main/runtime/sum_i32/wasm.simd128.copy/1000,2026-09-29T11-49-48-358Z,chromium.main,browser,,chromium,main,Google Chrome for Testing 153.0.8010.12,boundary,sum_i32,sum_i32/wasm.simd128.copy/1000,wasm.simd128.copy,wasm,WebAssembly+simd128,copy,js-to-wasm-memory-copy,,1000,int32array,4000,,runtime,3,224.06676137202518,227.070096032824,222.86205319529225,224.06676137202518,222.86205319529225,227.070096032824,0.01878030820709287,stable,false,true
2026-09-29T11-49-48-358Z/chromium.main/case/sum_i32/wasm.simd128.resident/1000,2026-09-29T11-49-48-358Z,chromium.main,browser,,chromium,main,Google Chrome for Testing 153.0.8010.12,boundary,sum_i32,sum_i32/wasm.simd128.resident/1000,wasm.simd128.resident,wasm,WebAssembly+simd128,resident,wasm-memory-resident,,1000,int32array,4000,,case,3,146.67247178971274,146.5410145739043,146.46150468520392,146.5410145739043,146.46150468520392,146.67247178971274,0.0014396454475373434,stable,false,true
2026-09-29T11-49-48-358Z/chromium.main/runtime/sum_i32/wasm.simd128.resident/1000,2026-09-29T11-49-48-358Z,chromium.main,browser,,chromium,main,Google Chrome for Testing 153.0.8010.12,boundary,sum_i32,sum_i32/wasm.simd128.resident/1000,wasm.simd128.resident,wasm,WebAssembly+simd128,resident,wasm-memory-resident,,1000,int32array,4000,,runtime,3,145.90358119147177,145.87543500070592,146.25555158289984,145.90358119147177,145.87543500070592,146.25555158289984,0.0026052587543762017,stable,false,true
2026-09-29T11-49-48-358Z/chromium.main/case/sum_i32/ts/10000,2026-09-29T11-49-48-358Z,chromium.main,browser,,chromium,main,Google Chrome for Testing 153.0.8010.12,boundary,sum_i32,sum_i32/ts/10000,ts,ts,none,,,,10000,int32array,40000,,case,3,71174.24242791127,71168.5823726243,71146.61654415436,71168.5823726243,71146.61654415436,71174.24242791127,0.000388175271108745,stable,true,true
2026-09-29T11-49-48-358Z/chromium.main/runtime/sum_i32/ts/10000,2026-09-29T11-49-48-358Z,chromium.main,browser,,chromium,main,Google Chrome for Testing 153.0.8010.12,boundary,sum_i32,sum_i32/ts/10000,ts,ts,none,,,,10000,int32array,40000,,runtime,3,9868.096647034647,9864.331524475461,9881.481481371102,9868.096647034647,9864.331524475461,9881.481481371102,0.0017379194295582944,stable,true,true
2026-09-29T11-49-48-358Z/chromium.main/case/sum_i32/wasm.copy/10000,2026-09-29T11-49-48-358Z,chromium.main,browser,,chromium,main,Google Chrome for Testing 153.0.8010.12,boundary,sum_i32,sum_i32/wasm.copy/10000,wasm.copy,wasm,WebAssembly,copy,js-to-wasm-memory-copy,,10000,int32array,40000,,case,3,5583.237327124563,5577.840112139265,5581.509540125093,5581.509540125093,5577.840112139265,5583.237327124563,0.0009669812344667274,stable,false,true
2026-09-29T11-49-48-358Z/chromium.main/runtime/sum_i32/wasm.copy/10000,2026-09-29T11-49-48-358Z,chromium.main,browser,,chromium,main,Google Chrome for Testing 153.0.8010.12,boundary,sum_i32,sum_i32/wasm.copy/10000,wasm.copy,wasm,WebAssembly,copy,js-to-wasm-memory-copy,,10000,int32array,40000,,runtime,3,5566.536748360734,5603.810591202017,5565.368567537698,5566.536748360734,5565.368567537698,5603.810591202017,0.006905913928555259,stable,false,true
2026-09-29T11-49-48-358Z/chromium.main/case/sum_i32/wasm.resident/10000,2026-09-29T11-49-48-358Z,chromium.main,browser,,chromium,main,Google Chrome for Testing 153.0.8010.12,boundary,sum_i32,sum_i32/wasm.resident/10000,wasm.resident,wasm,WebAssembly,resident,wasm-memory-resident,,10000,int32array,40000,,case,3,4390.6492354262045,4403.79105124878,4405.504791429281,4403.79105124878,4390.6492354262045,4405.504791429281,0.0033733562356151677,stable,false,true
2026-09-29T11-49-48-358Z/chromium.main/runtime/sum_i32/wasm.resident/10000,2026-09-29T11-49-48-358Z,chromium.main,browser,,chromium,main,Google Chrome for Testing 153.0.8010.12,boundary,sum_i32,sum_i32/wasm.resident/10000,wasm.resident,wasm,WebAssembly,resident,wasm-memory-resident,,10000,int32array,40000,,runtime,3,4385.964912280701,4389.949527969479,4393.939393890312,4389.949527969479,4385.964912280701,4393.939393890312,0.001816531501969079,stable,false,true
2026-09-29T11-49-48-358Z/chromium.main/case/sum_i32/wasm.simd128.copy/10000,2026-09-29T11-49-48-358Z,chromium.main,browser,,chromium,main,Google Chrome for Testing 153.0.8010.12,boundary,sum_i32,sum_i32/wasm.simd128.copy/10000,wasm.simd128.copy,wasm,WebAssembly+simd128,copy,js-to-wasm-memory-copy,,10000,int32array,40000,,case,3,2493.3367178008584,2501.5800784943212,2544.9789460632924,2501.5800784943212,2493.3367178008584,2544.9789460632924,0.02064384374755532,stable,false,true
2026-09-29T11-49-48-358Z/chromium.main/runtime/sum_i32/wasm.simd128.copy/10000,2026-09-29T11-49-48-358Z,chromium.main,browser,,chromium,main,Google Chrome for Testing 153.0.8010.12,boundary,sum_i32,sum_i32/wasm.simd128.copy/10000,wasm.simd128.copy,wasm,WebAssembly+simd128,copy,js-to-wasm-memory-copy,,10000,int32array,40000,,runtime,3,2479.2260944179825,2524.9211356184837,2476.7513948701144,2479.2260944179825,2476.7513948701144,2524.9211356184837,0.019429345656220825,stable,false,true
2026-09-29T11-49-48-358Z/chromium.main/case/sum_i32/wasm.simd128.resident/10000,2026-09-29T11-49-48-358Z,chromium.main,browser,,chromium,main,Google Chrome for Testing 153.0.8010.12,boundary,sum_i32,sum_i32/wasm.simd128.resident/10000,wasm.simd128.resident,wasm,WebAssembly+simd128,resident,wasm-memory-resident,,10000,int32array,40000,,case,3,1315.135208844294,1314.8961661887356,1314.9868293178447,1314.9868293178447,1314.8961661887356,1315.135208844294,0.00018178330780885661,stable,false,true
2026-09-29T11-49-48-358Z/chromium.main/runtime/sum_i32/wasm.simd128.resident/10000,2026-09-29T11-49-48-358Z,chromium.main,browser,,chromium,main,Google Chrome for Testing 153.0.8010.12,boundary,sum_i32,sum_i32/wasm.simd128.resident/10000,wasm.simd128.resident,wasm,WebAssembly+simd128,resident,wasm-memory-resident,,10000,int32array,40000,,runtime,3,1308.557969118032,1307.5266009700877,1307.9740955832037,1307.9740955832037,1307.5266009700877,1308.557969118032,0.0007885233747571886,stable,false,true
2026-09-29T11-49-48-358Z/chromium.main/case/sum_i32/ts/100000,2026-09-29T11-49-48-358Z,chromium.main,browser,,chromium,main,Google Chrome for Testing 153.0.8010.12,boundary,sum_i32,sum_i32/ts/100000,ts,ts,none,,,,100000,int32array,400000,,case,3,712258.9285751539,712249.9999989356,712123.6559177171,712249.9999989356,712123.6559177171,712258.9285751539,0.00018992300096453001,stable,true,true
2026-09-29T11-49-48-358Z/chromium.main/runtime/sum_i32/ts/100000,2026-09-29T11-49-48-358Z,chromium.main,browser,,chromium,main,Google Chrome for Testing 153.0.8010.12,boundary,sum_i32,sum_i32/ts/100000,ts,ts,none,,,,100000,int32array,400000,,runtime,3,98534.48275605153,98546.7980335939,98706.89654988903,98546.7980335939,98534.48275605153,98706.89654988903,0.0017495626167248117,stable,true,true
2026-09-29T11-49-48-358Z/chromium.main/case/sum_i32/wasm.copy/100000,2026-09-29T11-49-48-358Z,chromium.main,browser,,chromium,main,Google Chrome for Testing 153.0.8010.12,boundary,sum_i32,sum_i32/wasm.copy/100000,wasm.copy,wasm,WebAssembly,copy,js-to-wasm-memory-copy,,100000,int32array,400000,,case,3,57514.662756052014,57653.95894198735,58203.81231988368,57653.95894198735,57514.662756052014,58203.81231988368,0.011953204540994312,stable,false,true
2026-09-29T11-49-48-358Z/chromium.main/runtime/sum_i32/wasm.copy/100000,2026-09-29T11-49-48-358Z,chromium.main,browser,,chromium,main,Google Chrome for Testing 153.0.8010.12,boundary,sum_i32,sum_i32/wasm.copy/100000,wasm.copy,wasm,WebAssembly,copy,js-to-wasm-memory-copy,,100000,int32array,400000,,runtime,3,55970.67039002087,57335.24355236814,56710.937499883585,56710.937499883585,55970.67039002087,57335.24355236814,0.024061904502109068,stable,false,true
2026-09-29T11-49-48-358Z/chromium.main/case/sum_i32/wasm.resident/100000,2026-09-29T11-49-48-358Z,chromium.main,browser,,chromium,main,Google Chrome for Testing 153.0.8010.12,boundary,sum_i32,sum_i32/wasm.resident/100000,wasm.resident,wasm,WebAssembly,resident,wasm-memory-resident,,100000,int32array,400000,,case,3,43752.78396544385,43752.783963369635,43758.46501078213,43752.78396544385,43752.783963369635,43758.46501078213,0.0001298442498420443,stable,false,true
2026-09-29T11-49-48-358Z/chromium.main/runtime/sum_i32/wasm.resident/100000,2026-09-29T11-49-48-358Z,chromium.main,browser,,chromium,main,Google Chrome for Testing 153.0.8010.12,boundary,sum_i32,sum_i32/wasm.resident/100000,wasm.resident,wasm,WebAssembly,resident,wasm-memory-resident,,100000,int32array,400000,,runtime,3,43826.754386700166,43807.43982600501,43892.543858913865,43826.754386700166,43807.43982600501,43892.543858913865,0.0019418283215305427,stable,false,true
2026-09-29T11-49-48-358Z/chromium.main/case/sum_i32/wasm.simd128.copy/100000,2026-09-29T11-49-48-358Z,chromium.main,browser,,chromium,main,Google Chrome for Testing 153.0.8010.12,boundary,sum_i32,sum_i32/wasm.simd128.copy/100000,wasm.simd128.copy,wasm,WebAssembly+simd128,copy,js-to-wasm-memory-copy,,100000,int32array,400000,,case,3,26847.97297257024,27520.8913645912,27089.041096400724,27089.041096400724,26847.97297257024,27520.8913645912,0.02484098235985072,stable,false,true
2026-09-29T11-49-48-358Z/chromium.main/runtime/sum_i32/wasm.simd128.copy/100000,2026-09-29T11-49-48-358Z,chromium.main,browser,,chromium,main,Google Chrome for Testing 153.0.8010.12,boundary,sum_i32,sum_i32/wasm.simd128.copy/100000,wasm.simd128.copy,wasm,WebAssembly+simd128,copy,js-to-wasm-memory-copy,,100000,int32array,400000,,runtime,3,26045.75163252603,26225.425949903645,27346.10123149592,26225.425949903645,26045.75163252603,27346.10123149592,0.049583545428541154,stable,false,true
2026-09-29T11-49-48-358Z/chromium.main/case/sum_i32/wasm.simd128.resident/100000,2026-09-29T11-49-48-358Z,chromium.main,browser,,chromium,main,Google Chrome for Testing 153.0.8010.12,boundary,sum_i32,sum_i32/wasm.simd128.resident/100000,wasm.simd128.resident,wasm,WebAssembly+simd128,resident,wasm-memory-resident,,100000,int32array,400000,,case,3,13013.07189552223,13035.832780679686,13015.820699435122,13015.820699435122,13013.07189552223,13035.832780679686,0.0017487091811617132,stable,false,true
2026-09-29T11-49-48-358Z/chromium.main/runtime/sum_i32/wasm.simd128.resident/100000,2026-09-29T11-49-48-358Z,chromium.main,browser,,chromium,main,Google Chrome for Testing 153.0.8010.12,boundary,sum_i32,sum_i32/wasm.simd128.resident/100000,wasm.simd128.resident,wasm,WebAssembly+simd128,resident,wasm-memory-resident,,100000,int32array,400000,,runtime,3,12936.893203762935,12935.275080520358,12954.98704629434,12936.893203762935,12935.275080520358,12954.98704629434,0.0015237016695978166,stable,false,true
2026-09-29T11-49-48-358Z/chromium.main/case/sum_i32/ts/1000000,2026-09-29T11-49-48-358Z,chromium.main,browser,,chromium,main,Google Chrome for Testing 153.0.8010.12,boundary,sum_i32,sum_i32/ts/1000000,ts,ts,none,,,,1000000,int32array,4000000,,case,3,712500.0000620882,725000.0002483526,7114999.999913076,725000.0002483526,712500.0000620882,7114999.999913076,8.831034479527968,unstable,false,true
2026-09-29T11-49-48-358Z/chromium.main/runtime/sum_i32/ts/1000000,2026-09-29T11-49-48-358Z,chromium.main,browser,,chromium,main,Google Chrome for Testing 153.0.8010.12,boundary,sum_i32,sum_i32/ts/1000000,ts,ts,none,,,,1000000,int32array,4000000,,runtime,3,985999.9999403954,985999.9999403954,988125.0000093132,985999.9999403954,985999.9999403954,988125.0000093132,0.002155172483819806,stable,false,true
2026-09-29T11-49-48-358Z/chromium.main/case/sum_i32/wasm.copy/1000000,2026-09-29T11-49-48-358Z,chromium.main,browser,,chromium,main,Google Chrome for Testing 153.0.8010.12,boundary,sum_i32,sum_i32/wasm.copy/1000000,wasm.copy,wasm,WebAssembly,copy,js-to-wasm-memory-copy,,1000000,int32array,4000000,,case,3,705535.7143149844,717037.0370494546,705714.285706303,705714.285706303,705535.7143149844,717037.0370494546,0.016297420878988344,stable,false,true
2026-09-29T11-49-48-358Z/chromium.main/runtime/sum_i32/wasm.copy/1000000,2026-09-29T11-49-48-358Z,chromium.main,browser,,chromium,main,Google Chrome for Testing 153.0.8010.12,boundary,sum_i32,sum_i32/wasm.copy/1000000,wasm.copy,wasm,WebAssembly,copy,js-to-wasm-memory-copy,,1000000,int32array,4000000,,runtime,3,704196.4285807419,701071.4285341756,703214.2857289207,703214.2857289207,701071.4285341756,704196.4285807419,0.00444388020833082,stable,false,true
2026-09-29T11-49-48-358Z/chromium.main/case/sum_i32/wasm.resident/1000000,2026-09-29T11-49-48-358Z,chromium.main,browser,,chromium,main,Google Chrome for Testing 153.0.8010.12,boundary,sum_i32,sum_i32/wasm.resident/1000000,wasm.resident,wasm,WebAssembly,resident,wasm-memory-resident,,1000000,int32array,4000000,,case,3,437777.777781917,447111.1111135946,438315.2173832059,438315.2173832059,437777.777781917,447111.1111135946,0.021293655710606423,stable,false,true
2026-09-29T11-49-48-358Z/chromium.main/runtime/sum_i32/wasm.resident/1000000,2026-09-29T11-49-48-358Z,chromium.main,browser,,chromium,main,Google Chrome for Testing 153.0.8010.12,boundary,sum_i32,sum_i32/wasm.resident/1000000,wasm.resident,wasm,WebAssembly,resident,wasm-memory-resident,,1000000,int32array,4000000,,runtime,3,438478.2608679455,438369.565197955,439239.1304364023,438478.2608679455,438369.565197955,439239.1304364023,0.0019831433301300216,stable,false,true
2026-09-29T11-49-48-358Z/chromium.main/case/sum_i32/wasm.simd128.copy/1000000,2026-09-29T11-49-48-358Z,chromium.main,browser,,chromium,main,Google Chrome for Testing 153.0.8010.12,boundary,sum_i32,sum_i32/wasm.simd128.copy/1000000,wasm.simd128.copy,wasm,WebAssembly+simd128,copy,js-to-wasm-memory-copy,,1000000,int32array,4000000,,case,3,406086.9565152604,406436.1701937432,407447.91666899493,406436.1701937432,406086.9565152604,407447.91666899493,0.003348521252638,stable,false,true
2026-09-29T11-49-48-358Z/chromium.main/runtime/sum_i32/wasm.simd128.copy/1000000,2026-09-29T11-49-48-358Z,chromium.main,browser,,chromium,main,Google Chrome for Testing 153.0.8010.12,boundary,sum_i32,sum_i32/wasm.simd128.copy/1000000,wasm.simd128.copy,wasm,WebAssembly+simd128,copy,js-to-wasm-memory-copy,,1000000,int32array,4000000,,runtime,3,414687.50000543275,404336.7346938776,405306.12245582195,405306.12245582195,404336.7346938776,414687.50000543275,0.02553814200693059,stable,false,true
2026-09-29T11-49-48-358Z/chromium.main/case/sum_i32/wasm.simd128.resident/1000000,2026-09-29T11-49-48-358Z,chromium.main,browser,,chromium,main,Google Chrome for Testing 153.0.8010.12,boundary,sum_i32,sum_i32/wasm.simd128.resident/1000000,wasm.simd128.resident,wasm,WebAssembly+simd128,resident,wasm-memory-resident,,1000000,int32array,4000000,,case,3,149822.695035461,147540.9836065574,137867.13286609083,147540.9836065574,137867.13286609083,149822.695035461,0.0810321435923977,unstable,false,true
2026-09-29T11-49-48-358Z/chromium.main/runtime/sum_i32/wasm.simd128.resident/1000000,2026-09-29T11-49-48-358Z,chromium.main,browser,,chromium,main,Google Chrome for Testing 153.0.8010.12,boundary,sum_i32,sum_i32/wasm.simd128.resident/1000000,wasm.simd128.resident,wasm,WebAssembly+simd128,resident,wasm-memory-resident,,1000000,int32array,4000000,,runtime,3,145163.04348311992,135731.29252106155,135354.72972796776,135731.29252106155,135354.72972796776,145163.04348311992,0.07226273008215994,unstable,false,true
2026-09-29T11-49-48-358Z/chromium.worker/case/noop/worker.ts,2026-09-29T11-49-48-358Z,chromium.worker,browser,,chromium,worker,Google Chrome for Testing 153.0.8010.12,boundary,noop,noop/worker.ts,worker.ts,ts,none,clone,structured-clone,,,,,,case,3,15410.839161555563,14990.808823152774,15239.471511209336,15239.471511209336,14990.808823152774,15410.839161555563,0.0275620016149403,stable,false,true
2026-09-29T11-49-48-358Z/chromium.worker/runtime/noop/worker.ts,2026-09-29T11-49-48-358Z,chromium.worker,browser,,chromium,worker,Google Chrome for Testing 153.0.8010.12,boundary,noop,noop/worker.ts,worker.ts,ts,none,clone,structured-clone,,,,,,runtime,3,14980.653482661459,15117.252931167282,14772.135416731342,14980.653482661459,14772.135416731342,15117.252931167282,0.02303754738305494,stable,false,true
2026-09-29T11-49-48-358Z/chromium.worker/case/noop/worker.wasm,2026-09-29T11-49-48-358Z,chromium.worker,browser,,chromium,worker,Google Chrome for Testing 153.0.8010.12,boundary,noop,noop/worker.wasm,worker.wasm,wasm,WebAssembly,clone,structured-clone,,,,,,case,3,15383.244207404461,16353.315168773446,15746.205734186391,15746.205734186391,15383.244207404461,16353.315168773446,0.06160664846788304,unstable,true,true
2026-09-29T11-49-48-358Z/chromium.worker/runtime/noop/worker.wasm,2026-09-29T11-49-48-358Z,chromium.worker,browser,,chromium,worker,Google Chrome for Testing 153.0.8010.12,boundary,noop,noop/worker.wasm,worker.wasm,wasm,WebAssembly,clone,structured-clone,,,,,,runtime,3,14424.778760988687,14198.380566922277,14157.894736770808,14198.380566922277,14157.894736770808,14424.778760988687,0.018796793265256923,stable,true,true
2026-09-29T11-49-48-358Z/chromium.worker/case/add_i32/worker.ts,2026-09-29T11-49-48-358Z,chromium.worker,browser,,chromium,worker,Google Chrome for Testing 153.0.8010.12,boundary,add_i32,add_i32/worker.ts,worker.ts,ts,none,clone,structured-clone,,,,,,case,3,17153.03308874889,17254.0160638456,17076.693227573993,17153.03308874889,17076.693227573993,17254.0160638456,0.010337695692309821,stable,true,true
2026-09-29T11-49-48-358Z/chromium.worker/runtime/add_i32/worker.ts,2026-09-29T11-49-48-358Z,chromium.worker,browser,,chromium,worker,Google Chrome for Testing 153.0.8010.12,boundary,add_i32,add_i32/worker.ts,worker.ts,ts,none,clone,structured-clone,,,,,,runtime,3,16280.99173509248,16477.635783402206,16121.517771123179,16280.99173509248,16121.517771123179,16477.635783402206,0.02187323831824325,stable,true,true
2026-09-29T11-49-48-358Z/chromium.worker/case/add_i32/worker.wasm,2026-09-29T11-49-48-358Z,chromium.worker,browser,,chromium,worker,Google Chrome for Testing 153.0.8010.12,boundary,add_i32,add_i32/worker.wasm,worker.wasm,wasm,WebAssembly,clone,structured-clone,,,,,,case,3,18156.952965539902,17710.631895425504,18185.00000052154,18156.952965539902,17710.631895425504,18185.00000052154,0.026125975321759132,stable,true,true
2026-09-29T11-49-48-358Z/chromium.worker/runtime/add_i32/worker.wasm,2026-09-29T11-49-48-358Z,chromium.worker,browser,,chromium,worker,Google Chrome for Testing 153.0.8010.12,boundary,add_i32,add_i32/worker.wasm,worker.wasm,wasm,WebAssembly,clone,structured-clone,,,,,,runtime,3,16348.619329057914,16553.586862446835,16087.830080581245,16348.619329057914,16087.830080581245,16553.586862446835,0.02848905907532859,stable,true,true
2026-09-29T11-49-48-358Z/chromium.worker/case/sum_i32/worker.ts.clone/1,2026-09-29T11-49-48-358Z,chromium.worker,browser,,chromium,worker,Google Chrome for Testing 153.0.8010.12,boundary,sum_i32,sum_i32/worker.ts.clone/1,worker.ts.clone,ts,none,clone,structured-clone,,1,int32array,4,,case,3,18454.198474028926,19479.68285456964,19002.67379687113,19002.67379687113,18454.198474028926,19479.68285456964,0.05396526780928928,unstable,true,true
2026-09-29T11-49-48-358Z/chromium.worker/runtime/sum_i32/worker.ts.clone/1,2026-09-29T11-49-48-358Z,chromium.worker,browser,,chromium,worker,Google Chrome for Testing 153.0.8010.12,boundary,sum_i32,sum_i32/worker.ts.clone/1,worker.ts.clone,ts,none,clone,structured-clone,,1,int32array,4,,runtime,3,16812.749002945136,17285.831959970306,17033.205004597192,17033.205004597192,16812.749002945136,17285.831959970306,0.027774159760155927,stable,true,true
2026-09-29T11-49-48-358Z/chromium.worker/case/sum_i32/worker.ts.copy/1,2026-09-29T11-49-48-358Z,chromium.worker,browser,,chromium,worker,Google Chrome for Testing 153.0.8010.12,boundary,sum_i32,sum_i32/worker.ts.copy/1,worker.ts.copy,ts,none,copy,js-copy+transfer,,1,int32array,4,,case,3,19953.12500046566,20540.880503238375,22117.318435670946,20540.880503238375,19953.12500046566,22117.318435670946,0.10536030502022972,unstable,false,true
2026-09-29T11-49-48-358Z/chromium.worker/runtime/sum_i32/worker.ts.copy/1,2026-09-29T11-49-48-358Z,chromium.worker,browser,,chromium,worker,Google Chrome for Testing 153.0.8010.12,boundary,sum_i32,sum_i32/worker.ts.copy/1,worker.ts.copy,ts,none,copy,js-copy+transfer,,1,int32array,4,,runtime,3,20095.733041249427,20181.518151528304,18657.548124727386,20095.733041249427,18657.548124727386,20181.518151528304,0.0758355031723773,unstable,false,true
2026-09-29T11-49-48-358Z/chromium.worker/case/sum_i32/worker.ts.transfer/1,2026-09-29T11-49-48-358Z,chromium.worker,browser,,chromium,worker,Google Chrome for Testing 153.0.8010.12,boundary,sum_i32,sum_i32/worker.ts.transfer/1,worker.ts.transfer,ts,none,transfer,transfer+transfer-back,,1,int32array,4,,case,3,25018.518518104596,23731.979030046517,23753.21336818385,23753.21336818385,23731.979030046517,25018.518518104596,0.05416275550243359,unstable,true,true
2026-09-29T11-49-48-358Z/chromium.worker/runtime/sum_i32/worker.ts.transfer/1,2026-09-29T11-49-48-358Z,chromium.worker,browser,,chromium,worker,Google Chrome for Testing 153.0.8010.12,boundary,sum_i32,sum_i32/worker.ts.transfer/1,worker.ts.transfer,ts,none,transfer,transfer+transfer-back,,1,int32array,4,,runtime,3,21690.848214867794,21739.267675921023,21459.810873911876,21690.848214867794,21459.810873911876,21739.267675921023,0.012883627198017797,stable,true,true
2026-09-29T11-49-48-358Z/chromium.worker/case/sum_i32/worker.ts.resident/1,2026-09-29T11-49-48-358Z,chromium.worker,browser,,chromium,worker,Google Chrome for Testing 153.0.8010.12,boundary,sum_i32,sum_i32/worker.ts.resident/1,worker.ts.resident,ts,none,resident,worker-resident,,1,int32array,4,,case,3,15846.407927671165,16079.597438413783,16173.720472550944,16079.597438413783,15846.407927671165,16173.720472550944,0.020355767371254968,stable,false,true
2026-09-29T11-49-48-358Z/chromium.worker/runtime/sum_i32/worker.ts.resident/1,2026-09-29T11-49-48-358Z,chromium.worker,browser,,chromium,worker,Google Chrome for Testing 153.0.8010.12,boundary,sum_i32,sum_i32/worker.ts.resident/1,worker.ts.resident,ts,none,resident,worker-resident,,1,int32array,4,,runtime,3,14901.11940317968,16273.268800830761,14861.47757211705,14901.11940317968,14861.47757211705,16273.268800830761,0.09474397127590668,unstable,false,true
2026-09-29T11-49-48-358Z/chromium.worker/case/sum_i32/worker.wasm.clone/1,2026-09-29T11-49-48-358Z,chromium.worker,browser,,chromium,worker,Google Chrome for Testing 153.0.8010.12,boundary,sum_i32,sum_i32/worker.wasm.clone/1,worker.wasm.clone,wasm,WebAssembly,clone,structured-clone+wasm-memory-copy,,1,int32array,4,,case,3,19888.943731453845,18320.484580225948,18275.520317551818,18320.484580225948,18275.520317551818,19888.943731453845,0.08806663420046545,unstable,true,true
2026-09-29T11-49-48-358Z/chromium.worker/runtime/sum_i32/worker.wasm.clone/1,2026-09-29T11-49-48-358Z,chromium.worker,browser,,chromium,worker,Google Chrome for Testing 153.0.8010.12,boundary,sum_i32,sum_i32/worker.wasm.clone/1,worker.wasm.clone,wasm,WebAssembly,clone,structured-clone+wasm-memory-copy,,1,int32array,4,,runtime,3,16929.347826458135,17148.37049752295,16764.13255288006,16929.347826458135,16764.13255288006,17148.37049752295,0.022696559169419442,stable,true,true
2026-09-29T11-49-48-358Z/chromium.worker/case/sum_i32/worker.wasm.copy/1,2026-09-29T11-49-48-358Z,chromium.worker,browser,,chromium,worker,Google Chrome for Testing 153.0.8010.12,boundary,sum_i32,sum_i32/worker.wasm.copy/1,worker.wasm.copy,wasm,WebAssembly,copy,js-copy+transfer+wasm-memory-copy,,1,int32array,4,,case,3,20664.357682291222,20461.267605423927,21575.84683275583,20664.357682291222,20461.267605423927,21575.84683275583,0.05393727908063967,unstable,true,true
2026-09-29T11-49-48-358Z/chromium.worker/runtime/sum_i32/worker.wasm.copy/1,2026-09-29T11-49-48-358Z,chromium.worker,browser,,chromium,worker,Google Chrome for Testing 153.0.8010.12,boundary,sum_i32,sum_i32/worker.wasm.copy/1,worker.wasm.copy,wasm,WebAssembly,copy,js-copy+transfer+wasm-memory-copy,,1,int32array,4,,runtime,3,19140.079761423534,19363.55311314374,19477.571117237243,19363.55311314374,19140.079761423534,19477.571117237243,0.017429205985167243,stable,true,true
2026-09-29T11-49-48-358Z/chromium.worker/case/sum_i32/worker.wasm.transfer/1,2026-09-29T11-49-48-358Z,chromium.worker,browser,,chromium,worker,Google Chrome for Testing 153.0.8010.12,boundary,sum_i32,sum_i32/worker.wasm.transfer/1,worker.wasm.transfer,wasm,WebAssembly,transfer,transfer+wasm-memory-copy+transfer-back,,1,int32array,4,,case,3,25856.29921338064,24673.076923220204,25158.582089598574,25158.582089598574,24673.076923220204,25856.29921338064,0.04703056340562298,stable,true,true
2026-09-29T11-49-48-358Z/chromium.worker/runtime/sum_i32/worker.wasm.transfer/1,2026-09-29T11-49-48-358Z,chromium.worker,browser,,chromium,worker,Google Chrome for Testing 153.0.8010.12,boundary,sum_i32,sum_i32/worker.wasm.transfer/1,worker.wasm.transfer,wasm,WebAssembly,transfer,transfer+wasm-memory-copy+transfer-back,,1,int32array,4,,runtime,3,21319.002123656355,21954.443194684485,22153.88711418905,21954.443194684485,21319.002123656355,22153.88711418905,0.03802806489461924,stable,true,true
2026-09-29T11-49-48-358Z/chromium.worker/case/sum_i32/worker.wasm.resident/1,2026-09-29T11-49-48-358Z,chromium.worker,browser,,chromium,worker,Google Chrome for Testing 153.0.8010.12,boundary,sum_i32,sum_i32/worker.wasm.resident/1,worker.wasm.resident,wasm,WebAssembly,resident,wasm-memory-resident,,1,int32array,4,,case,3,15699.904122722914,15860.360360763094,15691.190252766613,15699.904122722914,15691.190252766613,15860.360360763094,0.010775231916966667,stable,false,true
2026-09-29T11-49-48-358Z/chromium.worker/runtime/sum_i32/worker.wasm.resident/1,2026-09-29T11-49-48-358Z,chromium.worker,browser,,chromium,worker,Google Chrome for Testing 153.0.8010.12,boundary,sum_i32,sum_i32/worker.wasm.resident/1,worker.wasm.resident,wasm,WebAssembly,resident,wasm-memory-resident,,1,int32array,4,,runtime,3,15156.482861289856,15284.32169001607,15006.527414884225,15156.482861289856,15006.527414884225,15284.32169001607,0.018328412843149757,stable,false,true
2026-09-29T11-49-48-358Z/chromium.worker/case/sum_i32/worker.ts.clone/10,2026-09-29T11-49-48-358Z,chromium.worker,browser,,chromium,worker,Google Chrome for Testing 153.0.8010.12,boundary,sum_i32,sum_i32/worker.ts.clone/10,worker.ts.clone,ts,none,clone,structured-clone,,10,int32array,40,,case,3,18510.362694107498,18963.616316708867,18474.484256890388,18510.362694107498,18474.484256890388,18963.616316708867,0.02642476908214161,stable,true,true
2026-09-29T11-49-48-358Z/chromium.worker/runtime/sum_i32/worker.ts.clone/10,2026-09-29T11-49-48-358Z,chromium.worker,browser,,chromium,worker,Google Chrome for Testing 153.0.8010.12,boundary,sum_i32,sum_i32/worker.ts.clone/10,worker.ts.clone,ts,none,clone,structured-clone,,10,int32array,40,,runtime,3,16631.97969478853,18330.935250780138,16806.01317944892,16806.01317944892,16631.97969478853,18330.935250780138,0.10109212326866197,unstable,true,true
2026-09-29T11-49-48-358Z/chromium.worker/case/sum_i32/worker.ts.copy/10,2026-09-29T11-49-48-358Z,chromium.worker,browser,,chromium,worker,Google Chrome for Testing 153.0.8010.12,boundary,sum_i32,sum_i32/worker.ts.copy/10,worker.ts.copy,ts,none,copy,js-copy+transfer,,10,int32array,40,,case,3,19822.7383861259,21881.29899220297,21746.69867974012,21746.69867974012,19822.7383861259,21881.29899220297,0.09466083272652721,unstable,true,true
2026-09-29T11-49-48-358Z/chromium.worker/runtime/sum_i32/worker.ts.copy/10,2026-09-29T11-49-48-358Z,chromium.worker,browser,,chromium,worker,Google Chrome for Testing 153.0.8010.12,boundary,sum_i32,sum_i32/worker.ts.copy/10,worker.ts.copy,ts,none,copy,js-copy+transfer,,10,int32array,40,,runtime,3,18986.22047247761,19111.570249033437,18747.368420621282,18986.22047247761,18747.368420621282,19111.570249033437,0.0191824291169536,stable,true,true
2026-09-29T11-49-48-358Z/chromium.worker/case/sum_i32/worker.ts.transfer/10,2026-09-29T11-49-48-358Z,chromium.worker,browser,,chromium,worker,Google Chrome for Testing 153.0.8010.12,boundary,sum_i32,sum_i32/worker.ts.transfer/10,worker.ts.transfer,ts,none,transfer,transfer+transfer-back,,10,int32array,40,,case,3,24282.700421469373,22979.060913611032,22913.719945003657,22979.060913611032,22913.719945003657,24282.700421469373,0.05957512718262727,unstable,true,true
2026-09-29T11-49-48-358Z/chromium.worker/runtime/sum_i32/worker.ts.transfer/10,2026-09-29T11-49-48-358Z,chromium.worker,browser,,chromium,worker,Google Chrome for Testing 153.0.8010.12,boundary,sum_i32,sum_i32/worker.ts.transfer/10,worker.ts.transfer,ts,none,transfer,transfer+transfer-back,,10,int32array,40,,runtime,3,22896.698615548456,21678.493448683592,21063.454759982444,21678.493448683592,21063.454759982444,22896.698615548456,0.08456509489026942,unstable,true,true
2026-09-29T11-49-48-358Z/chromium.worker/case/sum_i32/worker.ts.resident/10,2026-09-29T11-49-48-358Z,chromium.worker,browser,,chromium,worker,Google Chrome for Testing 153.0.8010.12,boundary,sum_i32,sum_i32/worker.ts.resident/10,worker.ts.resident,ts,none,resident,worker-resident,,10,int32array,40,,case,3,16129.334582035075,15765.262252762466,16224.862888482632,16129.334582035075,15765.262252762466,16224.862888482632,0.02849470530743848,stable,true,true
2026-09-29T11-49-48-358Z/chromium.worker/runtime/sum_i32/worker.ts.resident/10,2026-09-29T11-49-48-358Z,chromium.worker,browser,,chromium,worker,Google Chrome for Testing 153.0.8010.12,boundary,sum_i32,sum_i32/worker.ts.resident/10,worker.ts.resident,ts,none,resident,worker-resident,,10,int32array,40,,runtime,3,15485.48094411051,15110.340480273413,15033.039647987367,15110.340480273413,15033.039647987367,15485.48094411051,0.029942495122052746,stable,true,true
2026-09-29T11-49-48-358Z/chromium.worker/case/sum_i32/worker.wasm.clone/10,2026-09-29T11-49-48-358Z,chromium.worker,browser,,chromium,worker,Google Chrome for Testing 153.0.8010.12,boundary,sum_i32,sum_i32/worker.wasm.clone/10,worker.wasm.clone,wasm,WebAssembly,clone,structured-clone+wasm-memory-copy,,10,int32array,40,,case,3,17963.665942590756,17906.917599224063,18601.380041434633,17963.665942590756,17906.917599224063,18601.380041434633,0.038659282822892056,stable,true,true
2026-09-29T11-49-48-358Z/chromium.worker/runtime/sum_i32/worker.wasm.clone/10,2026-09-29T11-49-48-358Z,chromium.worker,browser,,chromium,worker,Google Chrome for Testing 153.0.8010.12,boundary,sum_i32,sum_i32/worker.wasm.clone/10,worker.wasm.clone,wasm,WebAssembly,clone,structured-clone+wasm-memory-copy,,10,int32array,40,,runtime,3,16944.444444984343,16881.2086093332,16851.239669914088,16881.2086093332,16851.239669914088,16944.444444984343,0.005521214578127089,stable,true,true
2026-09-29T11-49-48-358Z/chromium.worker/case/sum_i32/worker.wasm.copy/10,2026-09-29T11-49-48-358Z,chromium.worker,browser,,chromium,worker,Google Chrome for Testing 153.0.8010.12,boundary,sum_i32,sum_i32/worker.wasm.copy/10,worker.wasm.copy,wasm,WebAssembly,copy,js-copy+transfer+wasm-memory-copy,,10,int32array,40,,case,3,21080.786025753514,21062.57378967059,21997.60765621537,21080.786025753514,21062.57378967059,21997.60765621537,0.04435479139167232,stable,true,true
2026-09-29T11-49-48-358Z/chromium.worker/runtime/sum_i32/worker.wasm.copy/10,2026-09-29T11-49-48-358Z,chromium.worker,browser,,chromium,worker,Google Chrome for Testing 153.0.8010.12,boundary,sum_i32,sum_i32/worker.wasm.copy/10,worker.wasm.copy,wasm,WebAssembly,copy,js-copy+transfer+wasm-memory-copy,,10,int32array,40,,runtime,3,18932.637571228184,19035.211268445135,18779.443254857873,18932.637571228184,18779.443254857873,19035.211268445135,0.013509370399397,stable,true,true
2026-09-29T11-49-48-358Z/chromium.worker/case/sum_i32/worker.wasm.transfer/10,2026-09-29T11-49-48-358Z,chromium.worker,browser,,chromium,worker,Google Chrome for Testing 153.0.8010.12,boundary,sum_i32,sum_i32/worker.wasm.transfer/10,worker.wasm.transfer,wasm,WebAssembly,transfer,transfer+wasm-memory-copy+transfer-back,,10,int32array,40,,case,3,24512.362638283725,23824.11067134778,24233.24742229636,24233.24742229636,23824.11067134778,24512.362638283725,0.0284011447142121,stable,true,true
2026-09-29T11-49-48-358Z/chromium.worker/runtime/sum_i32/worker.wasm.transfer/10,2026-09-29T11-49-48-358Z,chromium.worker,browser,,chromium,worker,Google Chrome for Testing 153.0.8010.12,boundary,sum_i32,sum_i32/worker.wasm.transfer/10,worker.wasm.transfer,wasm,WebAssembly,transfer,transfer+wasm-memory-copy+transfer-back,,10,int32array,40,,runtime,3,21556.203605158775,21599.89316267176,21582.491581948052,21582.491581948052,21556.203605158775,21599.89316267176,0.0020243055509646664,stable,true,true
2026-09-29T11-49-48-358Z/chromium.worker/case/sum_i32/worker.wasm.resident/10,2026-09-29T11-49-48-358Z,chromium.worker,browser,,chromium,worker,Google Chrome for Testing 153.0.8010.12,boundary,sum_i32,sum_i32/worker.wasm.resident/10,worker.wasm.resident,wasm,WebAssembly,resident,wasm-memory-resident,,10,int32array,40,,case,3,16230.46875010914,17831.775701874605,16034.74320181667,16230.46875010914,16034.74320181667,17831.775701874605,0.11071969194024986,unstable,true,true
2026-09-29T11-49-48-358Z/chromium.worker/runtime/sum_i32/worker.wasm.resident/10,2026-09-29T11-49-48-358Z,chromium.worker,browser,,chromium,worker,Google Chrome for Testing 153.0.8010.12,boundary,sum_i32,sum_i32/worker.wasm.resident/10,worker.wasm.resident,wasm,WebAssembly,resident,wasm-memory-resident,,10,int32array,40,,runtime,3,15091.508052872268,15805.847077131986,14839.391377600994,15091.508052872268,14839.391377600994,15805.847077131986,0.06403970339776965,unstable,true,true
2026-09-29T11-49-48-358Z/chromium.worker/case/sum_i32/worker.ts.clone/100,2026-09-29T11-49-48-358Z,chromium.worker,browser,,chromium,worker,Google Chrome for Testing 153.0.8010.12,boundary,sum_i32,sum_i32/worker.ts.clone/100,worker.ts.clone,ts,none,clone,structured-clone,,100,int32array,400,,case,3,19569.057815686283,19431.106471077444,19949.414270421188,19569.057815686283,19431.106471077444,19949.414270421188,0.026486088611188802,stable,true,true
2026-09-29T11-49-48-358Z/chromium.worker/runtime/sum_i32/worker.ts.clone/100,2026-09-29T11-49-48-358Z,chromium.worker,browser,,chromium,worker,Google Chrome for Testing 153.0.8010.12,boundary,sum_i32,sum_i32/worker.ts.clone/100,worker.ts.clone,ts,none,clone,structured-clone,,100,int32array,400,,runtime,3,18288.810483946072,18379.99999988824,17796.415441005272,18288.810483946072,17796.415441005272,18379.99999988824,0.03190937756150077,stable,true,true
2026-09-29T11-49-48-358Z/chromium.worker/case/sum_i32/worker.ts.copy/100,2026-09-29T11-49-48-358Z,chromium.worker,browser,,chromium,worker,Google Chrome for Testing 153.0.8010.12,boundary,sum_i32,sum_i32/worker.ts.copy/100,worker.ts.copy,ts,none,copy,js-copy+transfer,,100,int32array,400,,case,3,22624.069478168676,22644.29109084561,21931.21693254739,22624.069478168676,21931.21693254739,22644.29109084561,0.031518386158878586,stable,true,true
2026-09-29T11-49-48-358Z/chromium.worker/runtime/sum_i32/worker.ts.copy/100,2026-09-29T11-49-48-358Z,chromium.worker,browser,,chromium,worker,Google Chrome for Testing 153.0.8010.12,boundary,sum_i32,sum_i32/worker.ts.copy/100,worker.ts.copy,ts,none,copy,js-copy+transfer,,100,int32array,400,,runtime,3,19027.777776934607,19830.942622454626,19095.563140101265,19095.563140101265,19027.777776934607,19830.942622454626,0.042060285922301426,stable,true,true
2026-09-29T11-49-48-358Z/chromium.worker/case/sum_i32/worker.ts.transfer/100,2026-09-29T11-49-48-358Z,chromium.worker,browser,,chromium,worker,Google Chrome for Testing 153.0.8010.12,boundary,sum_i32,sum_i32/worker.ts.transfer/100,worker.ts.transfer,ts,none,transfer,transfer+transfer-back,,100,int32array,400,,case,3,25111.26564502177,24861.918606654588,24627.93733710642,24861.918606654588,24627.93733710642,25111.26564502177,0.019440507209527242,stable,true,true
2026-09-29T11-49-48-358Z/chromium.worker/runtime/sum_i32/worker.ts.transfer/100,2026-09-29T11-49-48-358Z,chromium.worker,browser,,chromium,worker,Google Chrome for Testing 153.0.8010.12,boundary,sum_i32,sum_i32/worker.ts.transfer/100,worker.ts.transfer,ts,none,transfer,transfer+transfer-back,,100,int32array,400,,runtime,3,21764.867842640513,21916.243656618797,21681.18466950875,21764.867842640513,21681.18466950875,21916.243656618797,0.010799927149087996,stable,true,true
2026-09-29T11-49-48-358Z/chromium.worker/case/sum_i32/worker.ts.resident/100,2026-09-29T11-49-48-358Z,chromium.worker,browser,,chromium,worker,Google Chrome for Testing 153.0.8010.12,boundary,sum_i32,sum_i32/worker.ts.resident/100,worker.ts.resident,ts,none,resident,worker-resident,,100,int32array,400,,case,3,16472.986747418643,15919.769503975433,15877.949183776353,15919.769503975433,15877.949183776353,16472.986747418643,0.037377272547425996,stable,false,true
2026-09-29T11-49-48-358Z/chromium.worker/runtime/sum_i32/worker.ts.resident/100,2026-09-29T11-49-48-358Z,chromium.worker,browser,,chromium,worker,Google Chrome for Testing 153.0.8010.12,boundary,sum_i32,sum_i32/worker.ts.resident/100,worker.ts.resident,ts,none,resident,worker-resident,,100,int32array,400,,runtime,3,15212.014134045256,15414.710485278767,15103.766333875887,15212.014134045256,15103.766333875887,15414.710485278767,0.020440695667444303,stable,false,true
2026-09-29T11-49-48-358Z/chromium.worker/case/sum_i32/worker.wasm.clone/100,2026-09-29T11-49-48-358Z,chromium.worker,browser,,chromium,worker,Google Chrome for Testing 153.0.8010.12,boundary,sum_i32,sum_i32/worker.wasm.clone/100,worker.wasm.clone,wasm,WebAssembly,clone,structured-clone+wasm-memory-copy,,100,int32array,400,,case,3,18893.229165890567,19964.24642562604,20397.97008574869,19964.24642562604,18893.229165890567,20397.97008574869,0.07537178653167907,unstable,true,true
2026-09-29T11-49-48-358Z/chromium.worker/runtime/sum_i32/worker.wasm.clone/100,2026-09-29T11-49-48-358Z,chromium.worker,browser,,chromium,worker,Google Chrome for Testing 153.0.8010.12,boundary,sum_i32,sum_i32/worker.wasm.clone/100,worker.wasm.clone,wasm,WebAssembly,clone,structured-clone+wasm-memory-copy,,100,int32array,400,,runtime,3,18135.555556250943,18127.240143769744,17562.229437269754,18127.240143769744,17562.229437269754,18135.555556250943,0.03162787685461534,stable,true,true
2026-09-29T11-49-48-358Z/chromium.worker/case/sum_i32/worker.wasm.copy/100,2026-09-29T11-49-48-358Z,chromium.worker,browser,,chromium,worker,Google Chrome for Testing 153.0.8010.12,boundary,sum_i32,sum_i32/worker.wasm.copy/100,worker.wasm.copy,wasm,WebAssembly,copy,js-copy+transfer+wasm-memory-copy,,100,int32array,400,,case,3,21684.308841379167,21818.693693693695,22162.5586857958,21818.693693693695,21684.308841379167,22162.5586857958,0.021919270288617856,stable,true,true
2026-09-29T11-49-48-358Z/chromium.worker/runtime/sum_i32/worker.wasm.copy/100,2026-09-29T11-49-48-358Z,chromium.worker,browser,,chromium,worker,Google Chrome for Testing 153.0.8010.12,boundary,sum_i32,sum_i32/worker.wasm.copy/100,worker.wasm.copy,wasm,WebAssembly,copy,js-copy+transfer+wasm-memory-copy,,100,int32array,400,,runtime,3,19090.551180457034,19353.448276825507,19129.763130025687,19129.763130025687,19090.551180457034,19353.448276825507,0.01374283071784801,stable,true,true
2026-09-29T11-49-48-358Z/chromium.worker/case/sum_i32/worker.wasm.transfer/100,2026-09-29T11-49-48-358Z,chromium.worker,browser,,chromium,worker,Google Chrome for Testing 153.0.8010.12,boundary,sum_i32,sum_i32/worker.wasm.transfer/100,worker.wasm.transfer,wasm,WebAssembly,transfer,transfer+wasm-memory-copy+transfer-back,,100,int32array,400,,case,3,24010.480886828223,23871.875000186265,24786.09625548921,24010.480886828223,23871.875000186265,24786.09625548921,0.038075924410346705,stable,true,true
2026-09-29T11-49-48-358Z/chromium.worker/runtime/sum_i32/worker.wasm.transfer/100,2026-09-29T11-49-48-358Z,chromium.worker,browser,,chromium,worker,Google Chrome for Testing 153.0.8010.12,boundary,sum_i32,sum_i32/worker.wasm.transfer/100,worker.wasm.transfer,wasm,WebAssembly,transfer,transfer+wasm-memory-copy+transfer-back,,100,int32array,400,,runtime,3,21386.01036192222,21517.54385906092,23525.09179894643,21517.54385906092,21386.01036192222,23525.09179894643,0.09941104110372023,unstable,true,true
2026-09-29T11-49-48-358Z/chromium.worker/case/sum_i32/worker.wasm.resident/100,2026-09-29T11-49-48-358Z,chromium.worker,browser,,chromium,worker,Google Chrome for Testing 153.0.8010.12,boundary,sum_i32,sum_i32/worker.wasm.resident/100,worker.wasm.resident,wasm,WebAssembly,resident,wasm-memory-resident,,100,int32array,400,,case,3,17670.168067101673,15611.305871225835,17102.739726061416,17102.739726061416,15611.305871225835,17670.168067101673,0.12038201065169178,unstable,true,true
2026-09-29T11-49-48-358Z/chromium.worker/runtime/sum_i32/worker.wasm.resident/100,2026-09-29T11-49-48-358Z,chromium.worker,browser,,chromium,worker,Google Chrome for Testing 153.0.8010.12,boundary,sum_i32,sum_i32/worker.wasm.resident/100,worker.wasm.resident,wasm,WebAssembly,resident,wasm-memory-resident,,100,int32array,400,,runtime,3,14853.73537306792,14925.037481371073,14613.223855376451,14853.73537306792,14613.223855376451,14925.037481371073,0.020992270170639215,stable,true,true
2026-09-29T11-49-48-358Z/chromium.worker/case/sum_i32/worker.ts.clone/1000,2026-09-29T11-49-48-358Z,chromium.worker,browser,,chromium,worker,Google Chrome for Testing 153.0.8010.12,boundary,sum_i32,sum_i32/worker.ts.clone/1000,worker.ts.clone,ts,none,clone,structured-clone,,1000,int32array,4000,,case,3,30369.068541758825,29820.000000298023,29299.107142391484,29820.000000298023,29299.107142391484,30369.068541758825,0.0358806639623289,stable,false,true
2026-09-29T11-49-48-358Z/chromium.worker/runtime/sum_i32/worker.ts.clone/1000,2026-09-29T11-49-48-358Z,chromium.worker,browser,,chromium,worker,Google Chrome for Testing 153.0.8010.12,boundary,sum_i32,sum_i32/worker.ts.clone/1000,worker.ts.clone,ts,none,clone,structured-clone,,1000,int32array,4000,,runtime,3,29384.61538372386,29346.026490991382,28959.96860247485,29346.026490991382,28959.96860247485,29384.61538372386,0.014470333194150352,stable,false,true
2026-09-29T11-49-48-358Z/chromium.worker/case/sum_i32/worker.ts.copy/1000,2026-09-29T11-49-48-358Z,chromium.worker,browser,,chromium,worker,Google Chrome for Testing 153.0.8010.12,boundary,sum_i32,sum_i32/worker.ts.copy/1000,worker.ts.copy,ts,none,copy,js-copy+transfer,,1000,int32array,4000,,case,3,28759.259259742168,29504.347825827805,28488.074957664416,28759.259259742168,28488.074957664416,29504.347825827805,0.03533724074687798,stable,true,true
2026-09-29T11-49-48-358Z/chromium.worker/runtime/sum_i32/worker.ts.copy/1000,2026-09-29T11-49-48-358Z,chromium.worker,browser,,chromium,worker,Google Chrome for Testing 153.0.8010.12,boundary,sum_i32,sum_i32/worker.ts.copy/1000,worker.ts.copy,ts,none,copy,js-copy+transfer,,1000,int32array,4000,,runtime,3,22277.397259891237,22349.773243052754,21831.534772762934,22277.397259891237,21831.534772762934,22349.773243052754,0.02326297207182586,stable,true,true
2026-09-29T11-49-48-358Z/chromium.worker/case/sum_i32/worker.ts.transfer/1000,2026-09-29T11-49-48-358Z,chromium.worker,browser,,chromium,worker,Google Chrome for Testing 153.0.8010.12,boundary,sum_i32,sum_i32/worker.ts.transfer/1000,worker.ts.transfer,ts,none,transfer,transfer+transfer-back,,1000,int32array,4000,,case,3,29592.08400477693,29273.648648774502,31140.734265734267,29592.08400477693,29273.648648774502,31140.734265734267,0.06309409018500922,unstable,false,true
2026-09-29T11-49-48-358Z/chromium.worker/runtime/sum_i32/worker.ts.transfer/1000,2026-09-29T11-49-48-358Z,chromium.worker,browser,,chromium,worker,Google Chrome for Testing 153.0.8010.12,boundary,sum_i32,sum_i32/worker.ts.transfer/1000,worker.ts.transfer,ts,none,transfer,transfer+transfer-back,,1000,int32array,4000,,runtime,3,28351.9900519753,28351.60818724343,28212.250713152847,28351.60818724343,28212.250713152847,28351.9900519753,0.004928797615273421,stable,false,true
2026-09-29T11-49-48-358Z/chromium.worker/case/sum_i32/worker.ts.resident/1000,2026-09-29T11-49-48-358Z,chromium.worker,browser,,chromium,worker,Google Chrome for Testing 153.0.8010.12,boundary,sum_i32,sum_i32/worker.ts.resident/1000,worker.ts.resident,ts,none,resident,worker-resident,,1000,int32array,4000,,case,3,20855.704698736634,18551.61290255285,21985.69482314205,20855.704698736634,18551.61290255285,21985.69482314205,0.16465911702313396,unstable,false,true
2026-09-29T11-49-48-358Z/chromium.worker/runtime/sum_i32/worker.ts.resident/1000,2026-09-29T11-49-48-358Z,chromium.worker,browser,,chromium,worker,Google Chrome for Testing 153.0.8010.12,boundary,sum_i32,sum_i32/worker.ts.resident/1000,worker.ts.resident,ts,none,resident,worker-resident,,1000,int32array,4000,,runtime,3,19510.11378016657,17723.367697765192,17802.850356559997,17802.850356559997,17723.367697765192,19510.11378016657,0.10036292203866103,unstable,false,true
2026-09-29T11-49-48-358Z/chromium.worker/case/sum_i32/worker.wasm.clone/1000,2026-09-29T11-49-48-358Z,chromium.worker,browser,,chromium,worker,Google Chrome for Testing 153.0.8010.12,boundary,sum_i32,sum_i32/worker.wasm.clone/1000,worker.wasm.clone,wasm,WebAssembly,clone,structured-clone+wasm-memory-copy,,1000,int32array,4000,,case,3,23512.228260464643,24141.50943499316,24531.055901268996,24141.50943499316,23512.228260464643,24531.055901268996,0.042202317280441486,stable,true,true
2026-09-29T11-49-48-358Z/chromium.worker/runtime/sum_i32/worker.wasm.clone/1000,2026-09-29T11-49-48-358Z,chromium.worker,browser,,chromium,worker,Google Chrome for Testing 153.0.8010.12,boundary,sum_i32,sum_i32/worker.wasm.clone/1000,worker.wasm.clone,wasm,WebAssembly,clone,structured-clone+wasm-memory-copy,,1000,int32array,4000,,runtime,3,22808.679707421215,22566.39722807819,22097.08121780136,22566.39722807819,22097.08121780136,22808.679707421215,0.03153354443014289,stable,true,true
2026-09-29T11-49-48-358Z/chromium.worker/case/sum_i32/worker.wasm.copy/1000,2026-09-29T11-49-48-358Z,chromium.worker,browser,,chromium,worker,Google Chrome for Testing 153.0.8010.12,boundary,sum_i32,sum_i32/worker.wasm.copy/1000,worker.wasm.copy,wasm,WebAssembly,copy,js-copy+transfer+wasm-memory-copy,,1000,int32array,4000,,case,3,23858.064515215738,22303.860523224175,23498.062016707132,23498.062016707132,22303.860523224175,23858.064515215738,0.06614179462487259,unstable,false,true
2026-09-29T11-49-48-358Z/chromium.worker/runtime/sum_i32/worker.wasm.copy/1000,2026-09-29T11-49-48-358Z,chromium.worker,browser,,chromium,worker,Google Chrome for Testing 153.0.8010.12,boundary,sum_i32,sum_i32/worker.wasm.copy/1000,worker.wasm.copy,wasm,WebAssembly,copy,js-copy+transfer+wasm-memory-copy,,1000,int32array,4000,,runtime,3,22211.85510464904,22681.528662040735,21871.599564338925,22211.85510464904,21871.599564338925,22681.528662040735,0.03646382050872861,stable,false,true
2026-09-29T11-49-48-358Z/chromium.worker/case/sum_i32/worker.wasm.transfer/1000,2026-09-29T11-49-48-358Z,chromium.worker,browser,,chromium,worker,Google Chrome for Testing 153.0.8010.12,boundary,sum_i32,sum_i32/worker.wasm.transfer/1000,worker.wasm.transfer,wasm,WebAssembly,transfer,transfer+wasm-memory-copy+transfer-back,,1000,int32array,4000,,case,3,25047.77070134878,24926.573426260817,24282.553730068634,24926.573426260817,24282.553730068634,25047.77070134878,0.030698843286417022,stable,true,true
2026-09-29T11-49-48-358Z/chromium.worker/runtime/sum_i32/worker.wasm.transfer/1000,2026-09-29T11-49-48-358Z,chromium.worker,browser,,chromium,worker,Google Chrome for Testing 153.0.8010.12,boundary,sum_i32,sum_i32/worker.wasm.transfer/1000,worker.wasm.transfer,wasm,WebAssembly,transfer,transfer+wasm-memory-copy+transfer-back,,1000,int32array,4000,,runtime,3,22154.731459229653,22428.335171180563,22131.578947760558,22154.731459229653,22131.578947760558,22428.335171180563,0.013394710920604565,stable,true,true
2026-09-29T11-49-48-358Z/chromium.worker/case/sum_i32/worker.wasm.resident/1000,2026-09-29T11-49-48-358Z,chromium.worker,browser,,chromium,worker,Google Chrome for Testing 153.0.8010.12,boundary,sum_i32,sum_i32/worker.wasm.resident/1000,worker.wasm.resident,wasm,WebAssembly,resident,wasm-memory-resident,,1000,int32array,4000,,case,3,16793.103448202455,17213.438736024524,16821.206743170333,16821.206743170333,16793.103448202455,17213.438736024524,0.024988414579276905,stable,true,true
2026-09-29T11-49-48-358Z/chromium.worker/runtime/sum_i32/worker.wasm.resident/1000,2026-09-29T11-49-48-358Z,chromium.worker,browser,,chromium,worker,Google Chrome for Testing 153.0.8010.12,boundary,sum_i32,sum_i32/worker.wasm.resident/1000,worker.wasm.resident,wasm,WebAssembly,resident,wasm-memory-resident,,1000,int32array,4000,,runtime,3,15849.38704158504,15722.937169178113,15417.956656289083,15722.937169178113,15417.956656289083,15849.38704158504,0.027439554114716897,stable,true,true
2026-09-29T11-49-48-358Z/chromium.worker/case/sum_i32/worker.ts.clone/10000,2026-09-29T11-49-48-358Z,chromium.worker,browser,,chromium,worker,Google Chrome for Testing 153.0.8010.12,boundary,sum_i32,sum_i32/worker.ts.clone/10000,worker.ts.clone,ts,none,clone,structured-clone,,10000,int32array,40000,,case,3,136084.47488686538,138611.11111333992,134162.8440348175,136084.47488686538,134162.8440348175,138611.11111333992,0.03268754266216268,stable,false,true
2026-09-29T11-49-48-358Z/chromium.worker/runtime/sum_i32/worker.ts.clone/10000,2026-09-29T11-49-48-358Z,chromium.worker,browser,,chromium,worker,Google Chrome for Testing 153.0.8010.12,boundary,sum_i32,sum_i32/worker.ts.clone/10000,worker.ts.clone,ts,none,clone,structured-clone,,10000,int32array,40000,,runtime,3,138843.2835807922,135553.09734414372,135334.1584130753,135553.09734414372,135334.1584130753,138843.2835807922,0.025887458394313924,stable,false,true
2026-09-29T11-49-48-358Z/chromium.worker/case/sum_i32/worker.ts.copy/10000,2026-09-29T11-49-48-358Z,chromium.worker,browser,,chromium,worker,Google Chrome for Testing 153.0.8010.12,boundary,sum_i32,sum_i32/worker.ts.copy/10000,worker.ts.copy,ts,none,copy,js-copy+transfer,,10000,int32array,40000,,case,3,117027.97202380387,118153.59476905048,117290.32258473095,117290.32258473095,117027.97202380387,118153.59476905048,0.009596893592252319,stable,false,true
2026-09-29T11-49-48-358Z/chromium.worker/runtime/sum_i32/worker.ts.copy/10000,2026-09-29T11-49-48-358Z,chromium.worker,browser,,chromium,worker,Google Chrome for Testing 153.0.8010.12,boundary,sum_i32,sum_i32/worker.ts.copy/10000,worker.ts.copy,ts,none,copy,js-copy+transfer,,10000,int32array,40000,,runtime,3,117298.8505702166,113567.41572949995,116428.57142613226,116428.57142613226,113567.41572949995,117298.8505702166,0.032049133601918765,stable,false,true
2026-09-29T11-49-48-358Z/chromium.worker/case/sum_i32/worker.ts.transfer/10000,2026-09-29T11-49-48-358Z,chromium.worker,browser,,chromium,worker,Google Chrome for Testing 153.0.8010.12,boundary,sum_i32,sum_i32/worker.ts.transfer/10000,worker.ts.transfer,ts,none,transfer,transfer+transfer-back,,10000,int32array,40000,,case,3,97966.10169407338,97879.58114851677,97967.03296744234,97966.10169407338,97879.58114851677,97967.03296744234,0.0008926742762375985,stable,true,true
2026-09-29T11-49-48-358Z/chromium.worker/runtime/sum_i32/worker.ts.transfer/10000,2026-09-29T11-49-48-358Z,chromium.worker,browser,,chromium,worker,Google Chrome for Testing 153.0.8010.12,boundary,sum_i32,sum_i32/worker.ts.transfer/10000,worker.ts.transfer,ts,none,transfer,transfer+transfer-back,,10000,int32array,40000,,runtime,3,97878.04878248673,93241.62679336715,92615.74074022334,93241.62679336715,92615.74074022334,97878.04878248673,0.056437325508329014,unstable,true,true
2026-09-29T11-49-48-358Z/chromium.worker/case/sum_i32/worker.ts.resident/10000,2026-09-29T11-49-48-358Z,chromium.worker,browser,,chromium,worker,Google Chrome for Testing 153.0.8010.12,boundary,sum_i32,sum_i32/worker.ts.resident/10000,worker.ts.resident,ts,none,resident,worker-resident,,10000,int32array,40000,,case,3,90280.37382881636,90795.45454564269,87236.84210490668,90280.37382881636,87236.84210490668,90795.45454564269,0.03941734277134926,stable,false,true
2026-09-29T11-49-48-358Z/chromium.worker/runtime/sum_i32/worker.ts.resident/10000,2026-09-29T11-49-48-358Z,chromium.worker,browser,,chromium,worker,Google Chrome for Testing 153.0.8010.12,boundary,sum_i32,sum_i32/worker.ts.resident/10000,worker.ts.resident,ts,none,resident,worker-resident,,10000,int32array,40000,,runtime,3,87887.16814076874,88805.80357591888,89956.14034989686,88805.80357591888,87887.16814076874,89956.14034989686,0.02329771395356361,stable,false,true
2026-09-29T11-49-48-358Z/chromium.worker/case/sum_i32/worker.wasm.clone/10000,2026-09-29T11-49-48-358Z,chromium.worker,browser,,chromium,worker,Google Chrome for Testing 153.0.8010.12,boundary,sum_i32,sum_i32/worker.wasm.clone/10000,worker.wasm.clone,wasm,WebAssembly,clone,structured-clone+wasm-memory-copy,,10000,int32array,40000,,case,3,68859.83263800957,69038.46153957595,66515.48672863076,68859.83263800957,66515.48672863076,69038.46153957595,0.03663928177415504,stable,false,true
2026-09-29T11-49-48-358Z/chromium.worker/runtime/sum_i32/worker.wasm.clone/10000,2026-09-29T11-49-48-358Z,chromium.worker,browser,,chromium,worker,Google Chrome for Testing 153.0.8010.12,boundary,sum_i32,sum_i32/worker.wasm.clone/10000,worker.wasm.clone,wasm,WebAssembly,clone,structured-clone+wasm-memory-copy,,10000,int32array,40000,,runtime,3,67818.96551878288,67806.1224539213,69117.13286739337,67818.96551878288,67806.1224539213,69117.13286739337,0.019331029357989582,stable,false,true
2026-09-29T11-49-48-358Z/chromium.worker/case/sum_i32/worker.wasm.copy/10000,2026-09-29T11-49-48-358Z,chromium.worker,browser,,chromium,worker,Google Chrome for Testing 153.0.8010.12,boundary,sum_i32,sum_i32/worker.wasm.copy/10000,worker.wasm.copy,wasm,WebAssembly,copy,js-copy+transfer+wasm-memory-copy,,10000,int32array,40000,,case,3,50048.387095692655,48783.7837841194,48344.15584306729,48783.7837841194,48344.15584306729,50048.387095692655,0.034934380247481855,stable,false,true
2026-09-29T11-49-48-358Z/chromium.worker/runtime/sum_i32/worker.wasm.copy/10000,2026-09-29T11-49-48-358Z,chromium.worker,browser,,chromium,worker,Google Chrome for Testing 153.0.8010.12,boundary,sum_i32,sum_i32/worker.wasm.copy/10000,worker.wasm.copy,wasm,WebAssembly,copy,js-copy+transfer+wasm-memory-copy,,10000,int32array,40000,,runtime,3,47001.24688316462,49528.73563201263,46425.28735700695,47001.24688316462,46425.28735700695,49528.73563201263,0.06602906264849119,unstable,false,true
2026-09-29T11-49-48-358Z/chromium.worker/case/sum_i32/worker.wasm.transfer/10000,2026-09-29T11-49-48-358Z,chromium.worker,browser,,chromium,worker,Google Chrome for Testing 153.0.8010.12,boundary,sum_i32,sum_i32/worker.wasm.transfer/10000,worker.wasm.transfer,wasm,WebAssembly,transfer,transfer+wasm-memory-copy+transfer-back,,10000,int32array,40000,,case,3,29266.39344268402,30177.685950905823,30737.97678300002,30177.685950905823,29266.39344268402,30737.97678300002,0.0487639556826864,stable,true,true
2026-09-29T11-49-48-358Z/chromium.worker/runtime/sum_i32/worker.wasm.transfer/10000,2026-09-29T11-49-48-358Z,chromium.worker,browser,,chromium,worker,Google Chrome for Testing 153.0.8010.12,boundary,sum_i32,sum_i32/worker.wasm.transfer/10000,worker.wasm.transfer,wasm,WebAssembly,transfer,transfer+wasm-memory-copy+transfer-back,,10000,int32array,40000,,runtime,3,27072.10242637807,27082.68933533655,27026.397515932873,27072.10242637807,27026.397515932873,27082.68933533655,0.002079329433565785,stable,true,true
2026-09-29T11-49-48-358Z/chromium.worker/case/sum_i32/worker.wasm.resident/10000,2026-09-29T11-49-48-358Z,chromium.worker,browser,,chromium,worker,Google Chrome for Testing 153.0.8010.12,boundary,sum_i32,sum_i32/worker.wasm.resident/10000,worker.wasm.resident,wasm,WebAssembly,resident,wasm-memory-resident,,10000,int32array,40000,,case,3,20948.77764855851,20960.843374571166,20894.988066559046,20948.77764855851,20894.988066559046,20960.843374571166,0.003143634875357589,stable,true,true
2026-09-29T11-49-48-358Z/chromium.worker/runtime/sum_i32/worker.wasm.resident/10000,2026-09-29T11-49-48-358Z,chromium.worker,browser,,chromium,worker,Google Chrome for Testing 153.0.8010.12,boundary,sum_i32,sum_i32/worker.wasm.resident/10000,worker.wasm.resident,wasm,WebAssembly,resident,wasm-memory-resident,,10000,int32array,40000,,runtime,3,19774.655356197316,19929.096639790267,19738.8059707847,19774.655356197316,19738.8059707847,19929.096639790267,0.009622957547319852,stable,true,true
2026-09-29T11-49-48-358Z/chromium.worker/case/sum_i32/worker.ts.clone/100000,2026-09-29T11-49-48-358Z,chromium.worker,browser,,chromium,worker,Google Chrome for Testing 153.0.8010.12,boundary,sum_i32,sum_i32/worker.ts.clone/100000,worker.ts.clone,ts,none,clone,structured-clone,,100000,int32array,400000,,case,3,1409749.999983857,711999.9999801319,552833.3333631356,711999.9999801319,552833.3333631356,1409749.999983857,1.2035346441638108,unstable,false,true
2026-09-29T11-49-48-358Z/chromium.worker/runtime/sum_i32/worker.ts.clone/100000,2026-09-29T11-49-48-358Z,chromium.worker,browser,,chromium,worker,Google Chrome for Testing 153.0.8010.12,boundary,sum_i32,sum_i32/worker.ts.clone/100000,worker.ts.clone,ts,none,clone,structured-clone,,100000,int32array,400000,,runtime,3,1373819.444457897,1419652.7777498383,388124.99997826916,1373819.444457897,388124.99997826916,1419652.7777498383,0.7508466865371857,unstable,false,true
2026-09-29T11-49-48-358Z/chromium.worker/case/sum_i32/worker.ts.copy/100000,2026-09-29T11-49-48-358Z,chromium.worker,browser,,chromium,worker,Google Chrome for Testing 153.0.8010.12,boundary,sum_i32,sum_i32/worker.ts.copy/100000,worker.ts.copy,ts,none,copy,js-copy+transfer,,100000,int32array,400000,,case,3,329861.111059371,356388.8888909585,314531.2500419095,329861.111059371,314531.2500419095,356388.8888909585,0.12689473674123145,unstable,true,true
2026-09-29T11-49-48-358Z/chromium.worker/runtime/sum_i32/worker.ts.copy/100000,2026-09-29T11-49-48-358Z,chromium.worker,browser,,chromium,worker,Google Chrome for Testing 153.0.8010.12,boundary,sum_i32,sum_i32/worker.ts.copy/100000,worker.ts.copy,ts,none,copy,js-copy+transfer,,100000,int32array,400000,,runtime,3,1434807.6922962298,1480357.1428305337,1437500,1437500,1434807.6922962298,1480357.1428305337,0.03168657428473315,stable,true,true
2026-09-29T11-49-48-358Z/chromium.worker/case/sum_i32/worker.ts.transfer/100000,2026-09-29T11-49-48-358Z,chromium.worker,browser,,chromium,worker,Google Chrome for Testing 153.0.8010.12,boundary,sum_i32,sum_i32/worker.ts.transfer/100000,worker.ts.transfer,ts,none,transfer,transfer+transfer-back,,100000,int32array,400000,,case,3,851354.1666713232,545652.1739454373,953319.6721337938,851354.1666713232,545652.1739454373,953319.6721337938,0.47884595406666053,unstable,true,true
2026-09-29T11-49-48-358Z/chromium.worker/runtime/sum_i32/worker.ts.transfer/100000,2026-09-29T11-49-48-358Z,chromium.worker,browser,,chromium,worker,Google Chrome for Testing 153.0.8010.12,boundary,sum_i32,sum_i32/worker.ts.transfer/100000,worker.ts.transfer,ts,none,transfer,transfer+transfer-back,,100000,int32array,400000,,runtime,3,1135789.473688132,1139864.8648598306,1147430.55555866,1139864.8648598306,1135789.473688132,1147430.55555866,0.010212685932695783,stable,true,true
2026-09-29T11-49-48-358Z/chromium.worker/case/sum_i32/worker.ts.resident/100000,2026-09-29T11-49-48-358Z,chromium.worker,browser,,chromium,worker,Google Chrome for Testing 153.0.8010.12,boundary,sum_i32,sum_i32/worker.ts.resident/100000,worker.ts.resident,ts,none,resident,worker-resident,,100000,int32array,400000,,case,3,757599.9999791384,887591.3241980214,911509.900990099,887591.3241980214,757599.9999791384,911509.900990099,0.17340176364389892,unstable,true,true
2026-09-29T11-49-48-358Z/chromium.worker/runtime/sum_i32/worker.ts.resident/100000,2026-09-29T11-49-48-358Z,chromium.worker,browser,,chromium,worker,Google Chrome for Testing 153.0.8010.12,boundary,sum_i32,sum_i32/worker.ts.resident/100000,worker.ts.resident,ts,none,resident,worker-resident,,100000,int32array,400000,,runtime,3,1110064.102551685,1112894.7368430856,1110128.2051262949,1110128.2051262949,1110064.102551685,1112894.7368430856,0.002549826477995519,stable,true,true
2026-09-29T11-49-48-358Z/chromium.worker/case/sum_i32/worker.wasm.clone/100000,2026-09-29T11-49-48-358Z,chromium.worker,browser,,chromium,worker,Google Chrome for Testing 153.0.8010.12,boundary,sum_i32,sum_i32/worker.wasm.clone/100000,worker.wasm.clone,wasm,WebAssembly,clone,structured-clone+wasm-memory-copy,,100000,int32array,400000,,case,3,708409.0909215086,719032.2580657178,703916.6666256886,708409.0909215086,703916.6666256886,719032.2580657178,0.02133737643085104,stable,true,true
2026-09-29T11-49-48-358Z/chromium.worker/runtime/sum_i32/worker.wasm.clone/100000,2026-09-29T11-49-48-358Z,chromium.worker,browser,,chromium,worker,Google Chrome for Testing 153.0.8010.12,boundary,sum_i32,sum_i32/worker.wasm.clone/100000,worker.wasm.clone,wasm,WebAssembly,clone,structured-clone+wasm-memory-copy,,100000,int32array,400000,,runtime,3,372455.3571581574,362946.428558124,386767.24136517994,372455.3571581574,362946.428558124,386767.24136517994,0.06395615568214477,unstable,true,true
2026-09-29T11-49-48-358Z/chromium.worker/case/sum_i32/worker.wasm.copy/100000,2026-09-29T11-49-48-358Z,chromium.worker,browser,,chromium,worker,Google Chrome for Testing 153.0.8010.12,boundary,sum_i32,sum_i32/worker.wasm.copy/100000,worker.wasm.copy,wasm,WebAssembly,copy,js-copy+transfer+wasm-memory-copy,,100000,int32array,400000,,case,3,328796.29629422666,365862.0689610212,372327.5862184578,365862.0689610212,328796.29629422666,372327.5862184578,0.11898279055779606,unstable,false,true
2026-09-29T11-49-48-358Z/chromium.worker/runtime/sum_i32/worker.wasm.copy/100000,2026-09-29T11-49-48-358Z,chromium.worker,browser,,chromium,worker,Google Chrome for Testing 153.0.8010.12,boundary,sum_i32,sum_i32/worker.wasm.copy/100000,worker.wasm.copy,wasm,WebAssembly,copy,js-copy+transfer+wasm-memory-copy,,100000,int32array,400000,,runtime,3,286727.2727191448,348000.0000108372,399947.91666201,348000.0000108372,286727.2727191448,399947.91666201,0.3253466779866073,unstable,false,true
2026-09-29T11-49-48-358Z/chromium.worker/case/sum_i32/worker.wasm.transfer/100000,2026-09-29T11-49-48-358Z,chromium.worker,browser,,chromium,worker,Google Chrome for Testing 153.0.8010.12,boundary,sum_i32,sum_i32/worker.wasm.transfer/100000,worker.wasm.transfer,wasm,WebAssembly,transfer,transfer+wasm-memory-copy+transfer-back,,100000,int32array,400000,,case,3,86999.99999787126,84902.43902111927,86803.65297126852,86803.65297126852,84902.43902111927,86999.99999787126,0.02416443208267137,stable,false,true
2026-09-29T11-49-48-358Z/chromium.worker/runtime/sum_i32/worker.wasm.transfer/100000,2026-09-29T11-49-48-358Z,chromium.worker,browser,,chromium,worker,Google Chrome for Testing 153.0.8010.12,boundary,sum_i32,sum_i32/worker.wasm.transfer/100000,worker.wasm.transfer,wasm,WebAssembly,transfer,transfer+wasm-memory-copy+transfer-back,,100000,int32array,400000,,runtime,3,84382.59109417316,82731.09243478344,80946.2616855505,82731.09243478344,80946.2616855505,84382.59109417316,0.04153612997835724,stable,false,true
2026-09-29T11-49-48-358Z/chromium.worker/case/sum_i32/worker.wasm.resident/100000,2026-09-29T11-49-48-358Z,chromium.worker,browser,,chromium,worker,Google Chrome for Testing 153.0.8010.12,boundary,sum_i32,sum_i32/worker.wasm.resident/100000,worker.wasm.resident,wasm,WebAssembly,resident,wasm-memory-resident,,100000,int32array,400000,,case,3,61292.22972998144,63118.46689648848,60663.43042107365,61292.22972998144,60663.43042107365,63118.46689648848,0.04005461191786159,stable,false,true
2026-09-29T11-49-48-358Z/chromium.worker/runtime/sum_i32/worker.wasm.resident/100000,2026-09-29T11-49-48-358Z,chromium.worker,browser,,chromium,worker,Google Chrome for Testing 153.0.8010.12,boundary,sum_i32,sum_i32/worker.wasm.resident/100000,worker.wasm.resident,wasm,WebAssembly,resident,wasm-memory-resident,,100000,int32array,400000,,runtime,3,59219.69696822943,59534.02367018207,59397.05882440595,59397.05882440595,59219.69696822943,59534.02367018207,0.005291957348963617,stable,false,true
2026-09-29T11-49-48-358Z/chromium.worker/case/sum_i32/worker.ts.clone/1000000,2026-09-29T11-49-48-358Z,chromium.worker,browser,,chromium,worker,Google Chrome for Testing 153.0.8010.12,boundary,sum_i32,sum_i32/worker.ts.clone/1000000,worker.ts.clone,ts,none,clone,structured-clone,,1000000,int32array,4000000,,case,3,5153750.000521541,5168749.999720603,5162499.999627471,5162499.999627471,5153750.000521541,5168749.999720603,0.0029055688523283284,stable,true,true
2026-09-29T11-49-48-358Z/chromium.worker/runtime/sum_i32/worker.ts.clone/1000000,2026-09-29T11-49-48-358Z,chromium.worker,browser,,chromium,worker,Google Chrome for Testing 153.0.8010.12,boundary,sum_i32,sum_i32/worker.ts.clone/1000000,worker.ts.clone,ts,none,clone,structured-clone,,1000000,int32array,4000000,,runtime,3,5447499.999776483,5434374.999953434,5445000.000065193,5445000.000065193,5434374.999953434,5447499.999776483,0.002410468287032427,stable,true,true
2026-09-29T11-49-48-358Z/chromium.worker/case/sum_i32/worker.ts.copy/1000000,2026-09-29T11-49-48-358Z,chromium.worker,browser,,chromium,worker,Google Chrome for Testing 153.0.8010.12,boundary,sum_i32,sum_i32/worker.ts.copy/1000000,worker.ts.copy,ts,none,copy,js-copy+transfer,,1000000,int32array,4000000,,case,3,3104999.9999813735,3100000.0000931323,3107499.999925494,3104999.9999813735,3100000.0000931323,3107499.999925494,0.002415458883222843,stable,true,true
2026-09-29T11-49-48-358Z/chromium.worker/runtime/sum_i32/worker.ts.copy/1000000,2026-09-29T11-49-48-358Z,chromium.worker,browser,,chromium,worker,Google Chrome for Testing 153.0.8010.12,boundary,sum_i32,sum_i32/worker.ts.copy/1000000,worker.ts.copy,ts,none,copy,js-copy+transfer,,1000000,int32array,4000000,,runtime,3,3340000.000161429,3315833.3332588277,3317500.000043462,3317500.000043462,3315833.3332588277,3340000.000161429,0.0072846019298521926,stable,true,true
2026-09-29T11-49-48-358Z/chromium.worker/case/sum_i32/worker.ts.transfer/1000000,2026-09-29T11-49-48-358Z,chromium.worker,browser,,chromium,worker,Google Chrome for Testing 153.0.8010.12,boundary,sum_i32,sum_i32/worker.ts.transfer/1000000,worker.ts.transfer,ts,none,transfer,transfer+transfer-back,,1000000,int32array,4000000,,case,3,987499.9998137355,7825000.0001862645,979166.6669771075,987499.9998137355,979166.6669771075,7825000.0001862645,6.932489452658667,unstable,false,true
2026-09-29T11-49-48-358Z/chromium.worker/runtime/sum_i32/worker.ts.transfer/1000000,2026-09-29T11-49-48-358Z,chromium.worker,browser,,chromium,worker,Google Chrome for Testing 153.0.8010.12,boundary,sum_i32,sum_i32/worker.ts.transfer/1000000,worker.ts.transfer,ts,none,transfer,transfer+transfer-back,,1000000,int32array,4000000,,runtime,3,5378088.235307265,1280937.5000651926,5302058.823516264,5302058.823516264,1280937.5000651926,5378088.235307265,0.7727471292981412,unstable,false,true
2026-09-29T11-49-48-358Z/chromium.worker/case/sum_i32/worker.ts.resident/1000000,2026-09-29T11-49-48-358Z,chromium.worker,browser,,chromium,worker,Google Chrome for Testing 153.0.8010.12,boundary,sum_i32,sum_i32/worker.ts.resident/1000000,worker.ts.resident,ts,none,resident,worker-resident,,1000000,int32array,4000000,,case,3,917500.000136594,7710833.333432674,7722500.000149012,7710833.333432674,917500.000136594,7722500.000149012,0.882524586610796,unstable,true,true
2026-09-29T11-49-48-358Z/chromium.worker/runtime/sum_i32/worker.ts.resident/1000000,2026-09-29T11-49-48-358Z,chromium.worker,browser,,chromium,worker,Google Chrome for Testing 153.0.8010.12,boundary,sum_i32,sum_i32/worker.ts.resident/1000000,worker.ts.resident,ts,none,resident,worker-resident,,1000000,int32array,4000000,,runtime,3,9543611.11117113,9514444.444432028,9409444.444450654,9514444.444432028,9409444.444450654,9543611.11117113,0.014101366349245123,stable,true,true
2026-09-29T11-49-48-358Z/chromium.worker/case/sum_i32/worker.wasm.clone/1000000,2026-09-29T11-49-48-358Z,chromium.worker,browser,,chromium,worker,Google Chrome for Testing 153.0.8010.12,boundary,sum_i32,sum_i32/worker.wasm.clone/1000000,worker.wasm.clone,wasm,WebAssembly,clone,structured-clone+wasm-memory-copy,,1000000,int32array,4000000,,case,3,5178333.333383003,5159166.666368644,5204166.666294137,5178333.333383003,5159166.666368644,5204166.666294137,0.008690054700687795,stable,false,true
2026-09-29T11-49-48-358Z/chromium.worker/runtime/sum_i32/worker.wasm.clone/1000000,2026-09-29T11-49-48-358Z,chromium.worker,browser,,chromium,worker,Google Chrome for Testing 153.0.8010.12,boundary,sum_i32,sum_i32/worker.wasm.clone/1000000,worker.wasm.clone,wasm,WebAssembly,clone,structured-clone+wasm-memory-copy,,1000000,int32array,4000000,,runtime,3,5250000,5268124.999944121,5249375.000130385,5250000,5249375.000130385,5268124.999944121,0.003571428535949616,stable,false,true
2026-09-29T11-49-48-358Z/chromium.worker/case/sum_i32/worker.wasm.copy/1000000,2026-09-29T11-49-48-358Z,chromium.worker,browser,,chromium,worker,Google Chrome for Testing 153.0.8010.12,boundary,sum_i32,sum_i32/worker.wasm.copy/1000000,worker.wasm.copy,wasm,WebAssembly,copy,js-copy+transfer+wasm-memory-copy,,1000000,int32array,4000000,,case,3,3078214.2857621824,3077500.000063862,3059166.666741173,3077500.000063862,3059166.666741173,3078214.2857621824,0.006189315685008738,stable,false,true
2026-09-29T11-49-48-358Z/chromium.worker/runtime/sum_i32/worker.wasm.copy/1000000,2026-09-29T11-49-48-358Z,chromium.worker,browser,,chromium,worker,Google Chrome for Testing 153.0.8010.12,boundary,sum_i32,sum_i32/worker.wasm.copy/1000000,worker.wasm.copy,wasm,WebAssembly,copy,js-copy+transfer+wasm-memory-copy,,1000000,int32array,4000000,,runtime,3,3092083.333370586,3087142.857057708,3087142.857190754,3087142.857190754,3087142.857057708,3092083.333370586,0.0016003393886908828,stable,false,true
2026-09-29T11-49-48-358Z/chromium.worker/case/sum_i32/worker.wasm.transfer/1000000,2026-09-29T11-49-48-358Z,chromium.worker,browser,,chromium,worker,Google Chrome for Testing 153.0.8010.12,boundary,sum_i32,sum_i32/worker.wasm.transfer/1000000,worker.wasm.transfer,wasm,WebAssembly,transfer,transfer+wasm-memory-copy+transfer-back,,1000000,int32array,4000000,,case,3,936086.9564925847,923586.9565087815,922391.304300855,923586.9565087815,922391.304300855,936086.9564925847,0.014828763112354992,stable,false,true
2026-09-29T11-49-48-358Z/chromium.worker/runtime/sum_i32/worker.wasm.transfer/1000000,2026-09-29T11-49-48-358Z,chromium.worker,browser,,chromium,worker,Google Chrome for Testing 153.0.8010.12,boundary,sum_i32,sum_i32/worker.wasm.transfer/1000000,worker.wasm.transfer,wasm,WebAssembly,transfer,transfer+wasm-memory-copy+transfer-back,,1000000,int32array,4000000,,runtime,3,879673.9130402389,927500.0000118532,881022.727243941,881022.727243941,879673.9130402389,927500.0000118532,0.054284736922992,unstable,false,true
2026-09-29T11-49-48-358Z/chromium.worker/case/sum_i32/worker.wasm.resident/1000000,2026-09-29T11-49-48-358Z,chromium.worker,browser,,chromium,worker,Google Chrome for Testing 153.0.8010.12,boundary,sum_i32,sum_i32/worker.wasm.resident/1000000,worker.wasm.resident,wasm,WebAssembly,resident,wasm-memory-resident,,1000000,int32array,4000000,,case,3,585064.1025612369,613714.2857270581,551544.1176591113,585064.1025612369,551544.1176591113,613714.2857270581,0.10626214767883427,unstable,false,true
2026-09-29T11-49-48-358Z/chromium.worker/runtime/sum_i32/worker.wasm.resident/1000000,2026-09-29T11-49-48-358Z,chromium.worker,browser,,chromium,worker,Google Chrome for Testing 153.0.8010.12,boundary,sum_i32,sum_i32/worker.wasm.resident/1000000,worker.wasm.resident,wasm,WebAssembly,resident,wasm-memory-resident,,1000000,int32array,4000000,,runtime,3,499423.0769240321,581973.6842164083,506796.8750081491,506796.8750081491,499423.0769240321,581973.6842164083,0.16288696983589093,unstable,false,true
2026-09-29T11-49-48-358Z/firefox.main/case/noop/ts,2026-09-29T11-49-48-358Z,firefox.main,browser,,firefox,main,Mozilla Firefox 156.0.1,boundary,noop,noop/ts,ts,ts,none,,,,,,,,case,3,0.49027740819466553,0.4903009567343869,0.49140393741300953,0.4903009567343869,0.49027740819466553,0.49140393741300953,0.002297628023912417,stable,false,true
2026-09-29T11-49-48-358Z/firefox.main/runtime/noop/ts,2026-09-29T11-49-48-358Z,firefox.main,browser,,firefox,main,Mozilla Firefox 156.0.1,boundary,noop,noop/ts,ts,ts,none,,,,,,,,runtime,3,0.4910564366410452,0.48984349157896534,0.49199848712452265,0.4910564366410452,0.48984349157896534,0.49199848712452265,0.004388488541761206,stable,false,true
2026-09-29T11-49-48-358Z/firefox.main/case/noop/wasm.inlineable,2026-09-29T11-49-48-358Z,firefox.main,browser,,firefox,main,Mozilla Firefox 156.0.1,boundary,noop,noop/wasm.inlineable,wasm.inlineable,wasm,WebAssembly,inlineable,,,,,,,case,3,3.306426950712755,3.0715155290271228,3.325211825404262,3.306426950712755,3.0715155290271228,3.325211825404262,0.0767282326689392,unstable,false,true
2026-09-29T11-49-48-358Z/firefox.main/runtime/noop/wasm.inlineable,2026-09-29T11-49-48-358Z,firefox.main,browser,,firefox,main,Mozilla Firefox 156.0.1,boundary,noop,noop/wasm.inlineable,wasm.inlineable,wasm,WebAssembly,inlineable,,,,,,,runtime,3,3.0899262115188124,3.405268037222341,3.347642569378342,3.347642569378342,3.0899262115188124,3.405268037222341,0.09419817652817332,unstable,false,true
2026-09-29T11-49-48-358Z/firefox.main/case/add_i32/ts,2026-09-29T11-49-48-358Z,firefox.main,browser,,firefox,main,Mozilla Firefox 156.0.1,boundary,add_i32,add_i32/ts,ts,ts,none,,,,,,,,case,3,0.5525779739930482,0.5541086154624268,0.5539387491349911,0.5539387491349911,0.5525779739930482,0.5541086154624268,0.002763196241044404,stable,false,true
2026-09-29T11-49-48-358Z/firefox.main/runtime/add_i32/ts,2026-09-29T11-49-48-358Z,firefox.main,browser,,firefox,main,Mozilla Firefox 156.0.1,boundary,add_i32,add_i32/ts,ts,ts,none,,,,,,,,runtime,3,0.5518943135511583,0.5517688397374968,0.5538937515814673,0.5518943135511583,0.5517688397374968,0.5538937515814673,0.0038502151440875207,stable,false,true
2026-09-29T11-49-48-358Z/firefox.main/case/add_i32/wasm.inlineable,2026-09-29T11-49-48-358Z,firefox.main,browser,,firefox,main,Mozilla Firefox 156.0.1,boundary,add_i32,add_i32/wasm.inlineable,wasm.inlineable,wasm,WebAssembly,inlineable,,,,,,,case,3,3.5095212433953002,3.5090542709688313,3.516047126628652,3.5095212433953002,3.5090542709688313,3.516047126628652,0.001992538347781989,stable,false,true
2026-09-29T11-49-48-358Z/firefox.main/runtime/add_i32/wasm.inlineable,2026-09-29T11-49-48-358Z,firefox.main,browser,,firefox,main,Mozilla Firefox 156.0.1,boundary,add_i32,add_i32/wasm.inlineable,wasm.inlineable,wasm,WebAssembly,inlineable,,,,,,,runtime,3,3.502368739537768,3.503484497081097,3.5117626525093266,3.503484497081097,3.502368739537768,3.5117626525093266,0.0026813057056153757,stable,false,true
2026-09-29T11-49-48-358Z/firefox.main/case/sum_i32/ts/1,2026-09-29T11-49-48-358Z,firefox.main,browser,,firefox,main,Mozilla Firefox 156.0.1,boundary,sum_i32,sum_i32/ts/1,ts,ts,none,,,,1,int32array,4,,case,3,1.796722385336119,1.7517554907201385,1.8757706338316873,1.796722385336119,1.7517554907201385,1.8757706338316873,0.06902298547827626,unstable,false,true
2026-09-29T11-49-48-358Z/firefox.main/runtime/sum_i32/ts/1,2026-09-29T11-49-48-358Z,firefox.main,browser,,firefox,main,Mozilla Firefox 156.0.1,boundary,sum_i32,sum_i32/ts/1,ts,ts,none,,,,1,int32array,4,,runtime,3,1.7522978360695811,1.7499924094079242,1.7541968149123954,1.7522978360695811,1.7499924094079242,1.7541968149123954,0.002399366944321364,stable,false,true
2026-09-29T11-49-48-358Z/firefox.main/case/sum_i32/wasm.copy/1,2026-09-29T11-49-48-358Z,firefox.main,browser,,firefox,main,Mozilla Firefox 156.0.1,boundary,sum_i32,sum_i32/wasm.copy/1,wasm.copy,wasm,WebAssembly,copy,js-to-wasm-memory-copy,,1,int32array,4,,case,3,24.202425588476096,23.201746398526,24.111440502374837,24.111440502374837,23.201746398526,24.202425588476096,0.04150225656785349,stable,false,true
2026-09-29T11-49-48-358Z/firefox.main/runtime/sum_i32/wasm.copy/1,2026-09-29T11-49-48-358Z,firefox.main,browser,,firefox,main,Mozilla Firefox 156.0.1,boundary,sum_i32,sum_i32/wasm.copy/1,wasm.copy,wasm,WebAssembly,copy,js-to-wasm-memory-copy,,1,int32array,4,,runtime,3,24.436559892059865,24.419369121574103,24.83082433320424,24.436559892059865,24.419369121574103,24.83082433320424,0.01683768965220964,stable,false,true
2026-09-29T11-49-48-358Z/firefox.main/case/sum_i32/wasm.resident/1,2026-09-29T11-49-48-358Z,firefox.main,browser,,firefox,main,Mozilla Firefox 156.0.1,boundary,sum_i32,sum_i32/wasm.resident/1,wasm.resident,wasm,WebAssembly,resident,wasm-memory-resident,,1,int32array,4,,case,3,6.137628493838203,6.145863301504518,6.143340677775907,6.143340677775907,6.137628493838203,6.145863301504518,0.001340444572137303,stable,false,true
2026-09-29T11-49-48-358Z/firefox.main/runtime/sum_i32/wasm.resident/1,2026-09-29T11-49-48-358Z,firefox.main,browser,,firefox,main,Mozilla Firefox 156.0.1,boundary,sum_i32,sum_i32/wasm.resident/1,wasm.resident,wasm,WebAssembly,resident,wasm-memory-resident,,1,int32array,4,,runtime,3,6.100073734794725,6.107478220416009,6.113728847233921,6.107478220416009,6.100073734794725,6.113728847233921,0.002235802068609993,stable,false,true
2026-09-29T11-49-48-358Z/firefox.main/case/sum_i32/wasm.simd128.copy/1,2026-09-29T11-49-48-358Z,firefox.main,browser,,firefox,main,Mozilla Firefox 156.0.1,boundary,sum_i32,sum_i32/wasm.simd128.copy/1,wasm.simd128.copy,wasm,WebAssembly+simd128,copy,js-to-wasm-memory-copy,,1,int32array,4,,case,3,24.08891020237652,23.97147099008101,23.793935134146327,23.97147099008101,23.793935134146327,24.08891020237652,0.012305255207419255,stable,false,true
2026-09-29T11-49-48-358Z/firefox.main/runtime/sum_i32/wasm.simd128.copy/1,2026-09-29T11-49-48-358Z,firefox.main,browser,,firefox,main,Mozilla Firefox 156.0.1,boundary,sum_i32,sum_i32/wasm.simd128.copy/1,wasm.simd128.copy,wasm,WebAssembly+simd128,copy,js-to-wasm-memory-copy,,1,int32array,4,,runtime,3,24.274865424930603,24.3060972026226,24.51751110412331,24.3060972026226,24.274865424930603,24.51751110412331,0.009982914047037036,stable,false,true
2026-09-29T11-49-48-358Z/firefox.main/case/sum_i32/wasm.simd128.resident/1,2026-09-29T11-49-48-358Z,firefox.main,browser,,firefox,main,Mozilla Firefox 156.0.1,boundary,sum_i32,sum_i32/wasm.simd128.resident/1,wasm.simd128.resident,wasm,WebAssembly+simd128,resident,wasm-memory-resident,,1,int32array,4,,case,3,6.144018864626144,6.150563569738887,6.149811627391581,6.149811627391581,6.144018864626144,6.150563569738887,0.0010642122896240805,stable,false,true
2026-09-29T11-49-48-358Z/firefox.main/runtime/sum_i32/wasm.simd128.resident/1,2026-09-29T11-49-48-358Z,firefox.main,browser,,firefox,main,Mozilla Firefox 156.0.1,boundary,sum_i32,sum_i32/wasm.simd128.resident/1,wasm.simd128.resident,wasm,WebAssembly+simd128,resident,wasm-memory-resident,,1,int32array,4,,runtime,3,6.127357117691212,6.122588924481539,6.141662984227902,6.127357117691212,6.122588924481539,6.141662984227902,0.003112934235755844,stable,false,true
2026-09-29T11-49-48-358Z/firefox.main/case/sum_i32/ts/10,2026-09-29T11-49-48-358Z,firefox.main,browser,,firefox,main,Mozilla Firefox 156.0.1,boundary,sum_i32,sum_i32/ts/10,ts,ts,none,,,,10,int32array,40,,case,3,7.911539568185878,7.9296780653482735,7.931948888191249,7.9296780653482735,7.911539568185878,7.931948888191249,0.0025737892304300205,stable,true,true
2026-09-29T11-49-48-358Z/firefox.main/runtime/sum_i32/ts/10,2026-09-29T11-49-48-358Z,firefox.main,browser,,firefox,main,Mozilla Firefox 156.0.1,boundary,sum_i32,sum_i32/ts/10,ts,ts,none,,,,10,int32array,40,,runtime,3,9.320784237341849,9.179593113054684,9.29999432210873,9.29999432210873,9.179593113054684,9.320784237341849,0.015181850590114145,stable,true,true
2026-09-29T11-49-48-358Z/firefox.main/case/sum_i32/wasm.copy/10,2026-09-29T11-49-48-358Z,firefox.main,browser,,firefox,main,Mozilla Firefox 156.0.1,boundary,sum_i32,sum_i32/wasm.copy/10,wasm.copy,wasm,WebAssembly,copy,js-to-wasm-memory-copy,,10,int32array,40,,case,3,28.21659032705177,28.27207479028087,29.741021267056652,28.27207479028087,28.21659032705177,29.741021267056652,0.053920023603253174,unstable,false,true
2026-09-29T11-49-48-358Z/firefox.main/runtime/sum_i32/wasm.copy/10,2026-09-29T11-49-48-358Z,firefox.main,browser,,firefox,main,Mozilla Firefox 156.0.1,boundary,sum_i32,sum_i32/wasm.copy/10,wasm.copy,wasm,WebAssembly,copy,js-to-wasm-memory-copy,,10,int32array,40,,runtime,3,28.371636951839243,28.310569944348856,28.628751774925227,28.371636951839243,28.310569944348856,28.628751774925227,0.011214785777658295,stable,false,true
2026-09-29T11-49-48-358Z/firefox.main/case/sum_i32/wasm.resident/10,2026-09-29T11-49-48-358Z,firefox.main,browser,,firefox,main,Mozilla Firefox 156.0.1,boundary,sum_i32,sum_i32/wasm.resident/10,wasm.resident,wasm,WebAssembly,resident,wasm-memory-resident,,10,int32array,40,,case,3,8.779792517706555,8.784481146290156,8.77487020898472,8.779792517706555,8.77487020898472,8.784481146290156,0.0010946656525258887,stable,false,true
2026-09-29T11-49-48-358Z/firefox.main/runtime/sum_i32/wasm.resident/10,2026-09-29T11-49-48-358Z,firefox.main,browser,,firefox,main,Mozilla Firefox 156.0.1,boundary,sum_i32,sum_i32/wasm.resident/10,wasm.resident,wasm,WebAssembly,resident,wasm-memory-resident,,10,int32array,40,,runtime,3,8.754731385142959,8.749962812658046,8.769033735788136,8.754731385142959,8.749962812658046,8.769033735788136,0.002178356170065327,stable,false,true
2026-09-29T11-49-48-358Z/firefox.main/case/sum_i32/wasm.simd128.copy/10,2026-09-29T11-49-48-358Z,firefox.main,browser,,firefox,main,Mozilla Firefox 156.0.1,boundary,sum_i32,sum_i32/wasm.simd128.copy/10,wasm.simd128.copy,wasm,WebAssembly+simd128,copy,js-to-wasm-memory-copy,,10,int32array,40,,case,3,27.043868394815515,26.90988527817793,27.88286120406954,27.043868394815515,26.90988527817793,27.88286120406954,0.035977690457853755,stable,false,true
2026-09-29T11-49-48-358Z/firefox.main/runtime/sum_i32/wasm.simd128.copy/10,2026-09-29T11-49-48-358Z,firefox.main,browser,,firefox,main,Mozilla Firefox 156.0.1,boundary,sum_i32,sum_i32/wasm.simd128.copy/10,wasm.simd128.copy,wasm,WebAssembly+simd128,copy,js-to-wasm-memory-copy,,10,int32array,40,,runtime,3,26.48537377829421,26.466590896445904,26.963995527792576,26.48537377829421,26.466590896445904,26.963995527792576,0.018780351582363342,stable,false,true
2026-09-29T11-49-48-358Z/firefox.main/case/sum_i32/wasm.simd128.resident/10,2026-09-29T11-49-48-358Z,firefox.main,browser,,firefox,main,Mozilla Firefox 156.0.1,boundary,sum_i32,sum_i32/wasm.simd128.resident/10,wasm.simd128.resident,wasm,WebAssembly+simd128,resident,wasm-memory-resident,,10,int32array,40,,case,3,7.905843655617927,7.883762251299421,7.882691873051486,7.883762251299421,7.882691873051486,7.905843655617927,0.0029366413938504317,stable,false,true
2026-09-29T11-49-48-358Z/firefox.main/runtime/sum_i32/wasm.simd128.resident/10,2026-09-29T11-49-48-358Z,firefox.main,browser,,firefox,main,Mozilla Firefox 156.0.1,boundary,sum_i32,sum_i32/wasm.simd128.resident/10,wasm.simd128.resident,wasm,WebAssembly+simd128,resident,wasm-memory-resident,,10,int32array,40,,runtime,3,7.86304463378656,7.86304463378656,7.869472316039097,7.86304463378656,7.86304463378656,7.869472316039097,0.0008174546313674168,stable,false,true
2026-09-29T11-49-48-358Z/firefox.main/case/sum_i32/ts/100,2026-09-29T11-49-48-358Z,firefox.main,browser,,firefox,main,Mozilla Firefox 156.0.1,boundary,sum_i32,sum_i32/ts/100,ts,ts,none,,,,100,int32array,400,,case,3,89.90199340897624,88.91401091013492,89.13268565637881,89.13268565637881,88.91401091013492,89.90199340897624,0.011084401772096875,stable,false,true
2026-09-29T11-49-48-358Z/firefox.main/runtime/sum_i32/ts/100,2026-09-29T11-49-48-358Z,firefox.main,browser,,firefox,main,Mozilla Firefox 156.0.1,boundary,sum_i32,sum_i32/ts/100,ts,ts,none,,,,100,int32array,400,,runtime,3,89.83172744044609,90.25970177829515,89.65304672947163,89.83172744044609,89.65304672947163,90.25970177829515,0.00675323814991433,stable,false,true
2026-09-29T11-49-48-358Z/firefox.main/case/sum_i32/wasm.copy/100,2026-09-29T11-49-48-358Z,firefox.main,browser,,firefox,main,Mozilla Firefox 156.0.1,boundary,sum_i32,sum_i32/wasm.copy/100,wasm.copy,wasm,WebAssembly,copy,js-to-wasm-memory-copy,,100,int32array,400,,case,3,56.3083879591052,56.42067891376054,56.16241304518843,56.3083879591052,56.16241304518843,56.42067891376054,0.004586632257341116,stable,false,true
2026-09-29T11-49-48-358Z/firefox.main/runtime/sum_i32/wasm.copy/100,2026-09-29T11-49-48-358Z,firefox.main,browser,,firefox,main,Mozilla Firefox 156.0.1,boundary,sum_i32,sum_i32/wasm.copy/100,wasm.copy,wasm,WebAssembly,copy,js-to-wasm-memory-copy,,100,int32array,400,,runtime,3,56.343106984291545,56.62853716212517,56.66668553669048,56.62853716212517,56.343106984291545,56.66668553669048,0.0057140545847501395,stable,false,true
2026-09-29T11-49-48-358Z/firefox.main/case/sum_i32/wasm.resident/100,2026-09-29T11-49-48-358Z,firefox.main,browser,,firefox,main,Mozilla Firefox 156.0.1,boundary,sum_i32,sum_i32/wasm.resident/100,wasm.resident,wasm,WebAssembly,resident,wasm-memory-resident,,100,int32array,400,,case,3,40.074340806133094,40.13058492334055,40.128620463186344,40.128620463186344,40.074340806133094,40.13058492334055,0.0014015960817555036,stable,false,true
2026-09-29T11-49-48-358Z/firefox.main/runtime/sum_i32/wasm.resident/100,2026-09-29T11-49-48-358Z,firefox.main,browser,,firefox,main,Mozilla Firefox 156.0.1,boundary,sum_i32,sum_i32/wasm.resident/100,wasm.resident,wasm,WebAssembly,resident,wasm-memory-resident,,100,int32array,400,,runtime,3,39.93415070836156,39.93985058501896,40.0523607438745,39.93985058501896,39.93415070836156,40.0523607438745,0.0029597014956606865,stable,false,true
2026-09-29T11-49-48-358Z/firefox.main/case/sum_i32/wasm.simd128.copy/100,2026-09-29T11-49-48-358Z,firefox.main,browser,,firefox,main,Mozilla Firefox 156.0.1,boundary,sum_i32,sum_i32/wasm.simd128.copy/100,wasm.simd128.copy,wasm,WebAssembly+simd128,copy,js-to-wasm-memory-copy,,100,int32array,400,,case,3,35.54991590883887,35.2371527532339,35.532588077690704,35.532588077690704,35.2371527532339,35.54991590883887,0.008802149590711603,stable,false,true
2026-09-29T11-49-48-358Z/firefox.main/runtime/sum_i32/wasm.simd128.copy/100,2026-09-29T11-49-48-358Z,firefox.main,browser,,firefox,main,Mozilla Firefox 156.0.1,boundary,sum_i32,sum_i32/wasm.simd128.copy/100,wasm.simd128.copy,wasm,WebAssembly+simd128,copy,js-to-wasm-memory-copy,,100,int32array,400,,runtime,3,35.89402477440809,36.028736563494675,36.201453850386635,36.028736563494675,35.89402477440809,36.201453850386635,0.008532885282745182,stable,false,true
2026-09-29T11-49-48-358Z/firefox.main/case/sum_i32/wasm.simd128.resident/100,2026-09-29T11-49-48-358Z,firefox.main,browser,,firefox,main,Mozilla Firefox 156.0.1,boundary,sum_i32,sum_i32/wasm.simd128.resident/100,wasm.simd128.resident,wasm,WebAssembly+simd128,resident,wasm-memory-resident,,100,int32array,400,,case,3,17.27891730846938,17.24729699157249,17.21054495686433,17.24729699157249,17.21054495686433,17.27891730846938,0.003964235766245654,stable,true,true
2026-09-29T11-49-48-358Z/firefox.main/runtime/sum_i32/wasm.simd128.resident/100,2026-09-29T11-49-48-358Z,firefox.main,browser,,firefox,main,Mozilla Firefox 156.0.1,boundary,sum_i32,sum_i32/wasm.simd128.resident/100,wasm.simd128.resident,wasm,WebAssembly+simd128,resident,wasm-memory-resident,,100,int32array,400,,runtime,3,16.393175750473105,16.39131944759512,16.51450109500948,16.393175750473105,16.39131944759512,16.51450109500948,0.007514202817645276,stable,true,true
2026-09-29T11-49-48-358Z/firefox.main/case/sum_i32/ts/1000,2026-09-29T11-49-48-358Z,firefox.main,browser,,firefox,main,Mozilla Firefox 156.0.1,boundary,sum_i32,sum_i32/ts/1000,ts,ts,none,,,,1000,int32array,4000,,case,3,712.4607635593853,712.2715787160777,712.1685175670862,712.2715787160777,712.1685175670862,712.4607635593853,0.0004103013527873274,stable,true,true
2026-09-29T11-49-48-358Z/firefox.main/runtime/sum_i32/ts/1000,2026-09-29T11-49-48-358Z,firefox.main,browser,,firefox,main,Mozilla Firefox 156.0.1,boundary,sum_i32,sum_i32/ts/1000,ts,ts,none,,,,1000,int32array,4000,,runtime,3,863.5636730915089,856.272741654823,845.6517161507654,856.272741654823,845.6517161507654,863.5636730915089,0.020918518211997555,stable,true,true
2026-09-29T11-49-48-358Z/firefox.main/case/sum_i32/wasm.copy/1000,2026-09-29T11-49-48-358Z,firefox.main,browser,,firefox,main,Mozilla Firefox 156.0.1,boundary,sum_i32,sum_i32/wasm.copy/1000,wasm.copy,wasm,WebAssembly,copy,js-to-wasm-memory-copy,,1000,int32array,4000,,case,3,512.0252475786265,511.7998294000557,511.10245422672403,511.7998294000557,511.10245422672403,512.0252475786265,0.0018030356770227195,stable,false,true
2026-09-29T11-49-48-358Z/firefox.main/runtime/sum_i32/wasm.copy/1000,2026-09-29T11-49-48-358Z,firefox.main,browser,,firefox,main,Mozilla Firefox 156.0.1,boundary,sum_i32,sum_i32/wasm.copy/1000,wasm.copy,wasm,WebAssembly,copy,js-to-wasm-memory-copy,,1000,int32array,4000,,runtime,3,512.2956063358715,511.87456767349585,512.2808818622573,512.2808818622573,511.87456767349585,512.2956063358715,0.0008218902506084316,stable,false,true
2026-09-29T11-49-48-358Z/firefox.main/case/sum_i32/wasm.resident/1000,2026-09-29T11-49-48-358Z,firefox.main,browser,,firefox,main,Mozilla Firefox 156.0.1,boundary,sum_i32,sum_i32/wasm.resident/1000,wasm.resident,wasm,WebAssembly,resident,wasm-memory-resident,,1000,int32array,4000,,case,3,435.54635801429555,436.61665579473635,436.4878263743516,436.4878263743516,435.54635801429555,436.61665579473635,0.002452067883155259,stable,false,true
2026-09-29T11-49-48-358Z/firefox.main/runtime/sum_i32/wasm.resident/1000,2026-09-29T11-49-48-358Z,firefox.main,browser,,firefox,main,Mozilla Firefox 156.0.1,boundary,sum_i32,sum_i32/wasm.resident/1000,wasm.resident,wasm,WebAssembly,resident,wasm-memory-resident,,1000,int32array,4000,,runtime,3,434.74476696112896,434.87714720591435,435.31202435312974,434.87714720591435,434.74476696112896,435.31202435312974,0.0013044083729058017,stable,false,true
2026-09-29T11-49-48-358Z/firefox.main/case/sum_i32/wasm.simd128.copy/1000,2026-09-29T11-49-48-358Z,firefox.main,browser,,firefox,main,Mozilla Firefox 156.0.1,boundary,sum_i32,sum_i32/wasm.simd128.copy/1000,wasm.simd128.copy,wasm,WebAssembly+simd128,copy,js-to-wasm-memory-copy,,1000,int32array,4000,,case,3,238.46353747726099,240.40151781492753,240.74118522429978,240.40151781492753,238.46353747726099,240.74118522429978,0.009474348447301568,stable,false,true
2026-09-29T11-49-48-358Z/firefox.main/runtime/sum_i32/wasm.simd128.copy/1000,2026-09-29T11-49-48-358Z,firefox.main,browser,,firefox,main,Mozilla Firefox 156.0.1,boundary,sum_i32,sum_i32/wasm.simd128.copy/1000,wasm.simd128.copy,wasm,WebAssembly+simd128,copy,js-to-wasm-memory-copy,,1000,int32array,4000,,runtime,3,238.46126345143443,235.99722356206976,238.52657004833117,238.46126345143443,235.99722356206976,238.52657004833117,0.010606949110527276,stable,false,true
2026-09-29T11-49-48-358Z/firefox.main/case/sum_i32/wasm.simd128.resident/1000,2026-09-29T11-49-48-358Z,firefox.main,browser,,firefox,main,Mozilla Firefox 156.0.1,boundary,sum_i32,sum_i32/wasm.simd128.resident/1000,wasm.simd128.resident,wasm,WebAssembly+simd128,resident,wasm-memory-resident,,1000,int32array,4000,,case,3,165.29342525643153,165.48135582161586,164.61963327555816,165.29342525643153,164.61963327555816,165.48135582161586,0.005213289909873028,stable,true,true
2026-09-29T11-49-48-358Z/firefox.main/runtime/sum_i32/wasm.simd128.resident/1000,2026-09-29T11-49-48-358Z,firefox.main,browser,,firefox,main,Mozilla Firefox 156.0.1,boundary,sum_i32,sum_i32/wasm.simd128.resident/1000,wasm.simd128.resident,wasm,WebAssembly+simd128,resident,wasm-memory-resident,,1000,int32array,4000,,runtime,3,157.3308653982001,156.50192236140788,156.25730994152727,156.50192236140788,156.25730994152727,157.3308653982001,0.0068596950150790325,stable,true,true
2026-09-29T11-49-48-358Z/firefox.main/case/sum_i32/ts/10000,2026-09-29T11-49-48-358Z,firefox.main,browser,,firefox,main,Mozilla Firefox 156.0.1,boundary,sum_i32,sum_i32/ts/10000,ts,ts,none,,,,10000,int32array,40000,,case,3,7016.475644699152,7189.781021897807,7031.136857349774,7031.136857349774,7016.475644699152,7189.781021897807,0.02464827249344393,stable,true,true
2026-09-29T11-49-48-358Z/firefox.main/runtime/sum_i32/ts/10000,2026-09-29T11-49-48-358Z,firefox.main,browser,,firefox,main,Mozilla Firefox 156.0.1,boundary,sum_i32,sum_i32/ts/10000,ts,ts,none,,,,10000,int32array,40000,,runtime,3,8083.735909822837,8075.980392156298,8132.250580045953,8083.735909822837,8075.980392156298,8132.250580045953,0.006960913681170502,stable,true,true
2026-09-29T11-49-48-358Z/firefox.main/case/sum_i32/wasm.copy/10000,2026-09-29T11-49-48-358Z,firefox.main,browser,,firefox,main,Mozilla Firefox 156.0.1,boundary,sum_i32,sum_i32/wasm.copy/10000,wasm.copy,wasm,WebAssembly,copy,js-to-wasm-memory-copy,,10000,int32array,40000,,case,3,5626.4172335600815,5601.274992755718,5601.61197466898,5601.61197466898,5601.274992755718,5626.4172335600815,0.004488393861991727,stable,false,true
2026-09-29T11-49-48-358Z/firefox.main/runtime/sum_i32/wasm.copy/10000,2026-09-29T11-49-48-358Z,firefox.main,browser,,firefox,main,Mozilla Firefox 156.0.1,boundary,sum_i32,sum_i32/wasm.copy/10000,wasm.copy,wasm,WebAssembly,copy,js-to-wasm-memory-copy,,10000,int32array,40000,,runtime,3,5559.877743817788,5556.1735261400345,5563.595880879428,5559.877743817788,5556.1735261400345,5563.595880879428,0.001334985242732405,stable,false,true
2026-09-29T11-49-48-358Z/firefox.main/case/sum_i32/wasm.resident/10000,2026-09-29T11-49-48-358Z,firefox.main,browser,,firefox,main,Mozilla Firefox 156.0.1,boundary,sum_i32,sum_i32/wasm.resident/10000,wasm.resident,wasm,WebAssembly,resident,wasm-memory-resident,,10000,int32array,40000,,case,3,4380.499405469696,4393.567120839852,4399.8142558625605,4393.567120839852,4380.499405469696,4399.8142558625605,0.004396165999433291,stable,false,true
2026-09-29T11-49-48-358Z/firefox.main/runtime/sum_i32/wasm.resident/10000,2026-09-29T11-49-48-358Z,firefox.main,browser,,firefox,main,Mozilla Firefox 156.0.1,boundary,sum_i32,sum_i32/wasm.resident/10000,wasm.resident,wasm,WebAssembly,resident,wasm-memory-resident,,10000,int32array,40000,,runtime,3,4379.514116874239,4381.67259786493,4377.0599868165,4379.514116874239,4377.0599868165,4381.67259786493,0.0010532243818230412,stable,false,true
2026-09-29T11-49-48-358Z/firefox.main/case/sum_i32/wasm.simd128.copy/10000,2026-09-29T11-49-48-358Z,firefox.main,browser,,firefox,main,Mozilla Firefox 156.0.1,boundary,sum_i32,sum_i32/wasm.simd128.copy/10000,wasm.simd128.copy,wasm,WebAssembly+simd128,copy,js-to-wasm-memory-copy,,10000,int32array,40000,,case,3,2803.5814213766034,2803.3409263477656,2799.702159344744,2803.3409263477656,2799.702159344744,2803.5814213766034,0.0013837995926216102,stable,false,true
2026-09-29T11-49-48-358Z/firefox.main/runtime/sum_i32/wasm.simd128.copy/10000,2026-09-29T11-49-48-358Z,firefox.main,browser,,firefox,main,Mozilla Firefox 156.0.1,boundary,sum_i32,sum_i32/wasm.simd128.copy/10000,wasm.simd128.copy,wasm,WebAssembly+simd128,copy,js-to-wasm-memory-copy,,10000,int32array,40000,,runtime,3,2847.39982949714,2779.8689530185875,2783.64849833154,2783.64849833154,2779.8689530185875,2847.39982949714,0.024259843338348686,stable,false,true
2026-09-29T11-49-48-358Z/firefox.main/case/sum_i32/wasm.simd128.resident/10000,2026-09-29T11-49-48-358Z,firefox.main,browser,,firefox,main,Mozilla Firefox 156.0.1,boundary,sum_i32,sum_i32/wasm.simd128.resident/10000,wasm.simd128.resident,wasm,WebAssembly+simd128,resident,wasm-memory-resident,,10000,int32array,40000,,case,3,1611.6567380454019,1612.1495327102798,1608.736183246776,1611.6567380454019,1608.736183246776,1612.1495327102798,0.002117913438343925,stable,false,true
2026-09-29T11-49-48-358Z/firefox.main/runtime/sum_i32/wasm.simd128.resident/10000,2026-09-29T11-49-48-358Z,firefox.main,browser,,firefox,main,Mozilla Firefox 156.0.1,boundary,sum_i32,sum_i32/wasm.simd128.resident/10000,wasm.simd128.resident,wasm,WebAssembly+simd128,resident,wasm-memory-resident,,10000,int32array,40000,,runtime,3,1558.5023400937116,1559.1900311525403,1557.632398753894,1558.5023400937116,1557.632398753894,1559.1900311525403,0.0009994418093415632,stable,false,true
2026-09-29T11-49-48-358Z/firefox.main/case/sum_i32/ts/100000,2026-09-29T11-49-48-358Z,firefox.main,browser,,firefox,main,Mozilla Firefox 156.0.1,boundary,sum_i32,sum_i32/ts/100000,ts,ts,none,,,,100000,int32array,400000,,case,3,70232.55813953446,70315.78947368408,70114.94252873547,70232.55813953446,70114.94252873547,70315.78947368408,0.0028597412691359217,stable,true,true
2026-09-29T11-49-48-358Z/firefox.main/runtime/sum_i32/ts/100000,2026-09-29T11-49-48-358Z,firefox.main,browser,,firefox,main,Mozilla Firefox 156.0.1,boundary,sum_i32,sum_i32/ts/100000,ts,ts,none,,,,100000,int32array,400000,,runtime,3,73913.04347825955,74499.99999999558,76044.77611940679,74499.99999999558,73913.04347825955,76044.77611940679,0.028613860954998092,stable,true,true
2026-09-29T11-49-48-358Z/firefox.main/case/sum_i32/wasm.copy/100000,2026-09-29T11-49-48-358Z,firefox.main,browser,,firefox,main,Mozilla Firefox 156.0.1,boundary,sum_i32,sum_i32/wasm.copy/100000,wasm.copy,wasm,WebAssembly,copy,js-to-wasm-memory-copy,,100000,int32array,400000,,case,3,57573.964497041365,56971.42857142873,57975.7085020245,57573.964497041365,56971.42857142873,57975.7085020245,0.017443299925044686,stable,false,true
2026-09-29T11-49-48-358Z/firefox.main/runtime/sum_i32/wasm.copy/100000,2026-09-29T11-49-48-358Z,firefox.main,browser,,firefox,main,Mozilla Firefox 156.0.1,boundary,sum_i32,sum_i32/wasm.copy/100000,wasm.copy,wasm,WebAssembly,copy,js-to-wasm-memory-copy,,100000,int32array,400000,,runtime,3,56136.363636369424,55921.78770949842,56000.00000000287,56000.00000000287,55921.78770949842,56136.363636369424,0.0038317129798391357,stable,false,true
2026-09-29T11-49-48-358Z/firefox.main/case/sum_i32/wasm.resident/100000,2026-09-29T11-49-48-358Z,firefox.main,browser,,firefox,main,Mozilla Firefox 156.0.1,boundary,sum_i32,sum_i32/wasm.resident/100000,wasm.resident,wasm,WebAssembly,resident,wasm-memory-resident,,100000,int32array,400000,,case,3,44021.978021977964,43908.8729016788,43849.557522124,43908.8729016788,43849.557522124,44021.978021977964,0.003926780362594372,stable,false,true
2026-09-29T11-49-48-358Z/firefox.main/runtime/sum_i32/wasm.resident/100000,2026-09-29T11-49-48-358Z,firefox.main,browser,,firefox,main,Mozilla Firefox 156.0.1,boundary,sum_i32,sum_i32/wasm.resident/100000,wasm.resident,wasm,WebAssembly,resident,wasm-memory-resident,,100000,int32array,400000,,runtime,3,43763.6761487965,43793.859649125356,43807.43982494625,43793.859649125356,43763.6761487965,43807.43982494625,0.000999310782387796,stable,false,true
2026-09-29T11-49-48-358Z/firefox.main/case/sum_i32/wasm.simd128.copy/100000,2026-09-29T11-49-48-358Z,firefox.main,browser,,firefox,main,Mozilla Firefox 156.0.1,boundary,sum_i32,sum_i32/wasm.simd128.copy/100000,wasm.simd128.copy,wasm,WebAssembly+simd128,copy,js-to-wasm-memory-copy,,100000,int32array,400000,,case,3,29716.84053651275,29435.483870967742,28753.62318840568,29435.483870967742,28753.62318840568,29716.84053651275,0.03272300031925393,stable,true,true
2026-09-29T11-49-48-358Z/firefox.main/runtime/sum_i32/wasm.simd128.copy/100000,2026-09-29T11-49-48-358Z,firefox.main,browser,,firefox,main,Mozilla Firefox 156.0.1,boundary,sum_i32,sum_i32/wasm.simd128.copy/100000,wasm.simd128.copy,wasm,WebAssembly+simd128,copy,js-to-wasm-memory-copy,,100000,int32array,400000,,runtime,3,28392.603129443996,28033.707865167315,28022.44039270626,28033.707865167315,28022.44039270626,28392.603129443996,0.013204201831527061,stable,true,true
2026-09-29T11-49-48-358Z/firefox.main/case/sum_i32/wasm.simd128.resident/100000,2026-09-29T11-49-48-358Z,firefox.main,browser,,firefox,main,Mozilla Firefox 156.0.1,boundary,sum_i32,sum_i32/wasm.simd128.resident/100000,wasm.simd128.resident,wasm,WebAssembly+simd128,resident,wasm-memory-resident,,100000,int32array,400000,,case,3,15977.291159772947,15956.937799043055,15904.677846425402,15956.937799043055,15904.677846425402,15977.291159772947,0.004550579457162495,stable,false,true
2026-09-29T11-49-48-358Z/firefox.main/runtime/sum_i32/wasm.simd128.resident/100000,2026-09-29T11-49-48-358Z,firefox.main,browser,,firefox,main,Mozilla Firefox 156.0.1,boundary,sum_i32,sum_i32/wasm.simd128.resident/100000,wasm.simd128.resident,wasm,WebAssembly+simd128,resident,wasm-memory-resident,,100000,int32array,400000,,runtime,3,15396.458814472671,15384.615384615385,15389.36006168013,15389.36006168013,15384.615384615385,15396.458814472671,0.0007695855974399453,stable,false,true
2026-09-29T11-49-48-358Z/firefox.main/case/sum_i32/ts/1000000,2026-09-29T11-49-48-358Z,firefox.main,browser,,firefox,main,Mozilla Firefox 156.0.1,boundary,sum_i32,sum_i32/ts/1000000,ts,ts,none,,,,1000000,int32array,4000000,,case,3,702857.142857137,703199.999999997,702142.8571428519,702857.142857137,702142.8571428519,703199.999999997,0.0015040650406535423,stable,true,true
2026-09-29T11-49-48-358Z/firefox.main/runtime/sum_i32/ts/1000000,2026-09-29T11-49-48-358Z,firefox.main,browser,,firefox,main,Mozilla Firefox 156.0.1,boundary,sum_i32,sum_i32/ts/1000000,ts,ts,none,,,,1000000,int32array,4000000,,runtime,3,820416.6666666879,783999.9999999418,792399.9999999796,792399.9999999796,783999.9999999418,820416.6666666879,0.04595742890806042,stable,true,true
2026-09-29T11-49-48-358Z/firefox.main/case/sum_i32/wasm.copy/1000000,2026-09-29T11-49-48-358Z,firefox.main,browser,,firefox,main,Mozilla Firefox 156.0.1,boundary,sum_i32,sum_i32/wasm.copy/1000000,wasm.copy,wasm,WebAssembly,copy,js-to-wasm-memory-copy,,1000000,int32array,4000000,,case,3,866363.636363639,866086.9565217424,871818.1818181847,866363.636363639,866086.9565217424,871818.1818181847,0.006615265294949097,stable,true,true
2026-09-29T11-49-48-358Z/firefox.main/runtime/sum_i32/wasm.copy/1000000,2026-09-29T11-49-48-358Z,firefox.main,browser,,firefox,main,Mozilla Firefox 156.0.1,boundary,sum_i32,sum_i32/wasm.copy/1000000,wasm.copy,wasm,WebAssembly,copy,js-to-wasm-memory-copy,,1000000,int32array,4000000,,runtime,3,703571.4285714545,703571.4285714545,701428.5714285506,703571.4285714545,701428.5714285506,703571.4285714545,0.0030456852792540797,stable,true,true
2026-09-29T11-49-48-358Z/firefox.main/case/sum_i32/wasm.resident/1000000,2026-09-29T11-49-48-358Z,firefox.main,browser,,firefox,main,Mozilla Firefox 156.0.1,boundary,sum_i32,sum_i32/wasm.resident/1000000,wasm.resident,wasm,WebAssembly,resident,wasm-memory-resident,,1000000,int32array,4000000,,case,3,440000.0000000002,438666.6666666631,447380.9523809515,440000.0000000002,438666.6666666631,447380.9523809515,0.01980519480520094,stable,false,true
2026-09-29T11-49-48-358Z/firefox.main/runtime/sum_i32/wasm.resident/1000000,2026-09-29T11-49-48-358Z,firefox.main,browser,,firefox,main,Mozilla Firefox 156.0.1,boundary,sum_i32,sum_i32/wasm.resident/1000000,wasm.resident,wasm,WebAssembly,resident,wasm-memory-resident,,1000000,int32array,4000000,,runtime,3,438260.8695652142,438260.8695652142,438260.8695652142,438260.8695652142,438260.8695652142,438260.8695652142,0,stable,false,true
2026-09-29T11-49-48-358Z/firefox.main/case/sum_i32/wasm.simd128.copy/1000000,2026-09-29T11-49-48-358Z,firefox.main,browser,,firefox,main,Mozilla Firefox 156.0.1,boundary,sum_i32,sum_i32/wasm.simd128.copy/1000000,wasm.simd128.copy,wasm,WebAssembly+simd128,copy,js-to-wasm-memory-copy,,1000000,int32array,4000000,,case,3,448461.5384615387,439555.555555555,436888.8888888882,439555.555555555,436888.8888888882,448461.5384615387,0.026328070311894484,stable,false,true
2026-09-29T11-49-48-358Z/firefox.main/runtime/sum_i32/wasm.simd128.copy/1000000,2026-09-29T11-49-48-358Z,firefox.main,browser,,firefox,main,Mozilla Firefox 156.0.1,boundary,sum_i32,sum_i32/wasm.simd128.copy/1000000,wasm.simd128.copy,wasm,WebAssembly+simd128,copy,js-to-wasm-memory-copy,,1000000,int32array,4000000,,runtime,3,428936.17021276284,429999.99999998143,419791.666666697,428936.17021276284,419791.666666697,429999.99999998143,0.023799189814700954,stable,false,true
2026-09-29T11-49-48-358Z/firefox.main/case/sum_i32/wasm.simd128.resident/1000000,2026-09-29T11-49-48-358Z,firefox.main,browser,,firefox,main,Mozilla Firefox 156.0.1,boundary,sum_i32,sum_i32/wasm.simd128.resident/1000000,wasm.simd128.resident,wasm,WebAssembly+simd128,resident,wasm-memory-resident,,1000000,int32array,4000000,,case,3,165478.26086956498,158492.06349206326,159059.82905982967,159059.82905982967,158492.06349206326,165478.26086956498,0.043921821234158984,stable,false,true
2026-09-29T11-49-48-358Z/firefox.main/runtime/sum_i32/wasm.simd128.resident/1000000,2026-09-29T11-49-48-358Z,firefox.main,browser,,firefox,main,Mozilla Firefox 156.0.1,boundary,sum_i32,sum_i32/wasm.simd128.resident/1000000,wasm.simd128.resident,wasm,WebAssembly+simd128,resident,wasm-memory-resident,,1000000,int32array,4000000,,runtime,3,163442.62295080893,163770.49180329003,155116.27906975505,163442.62295080893,155116.27906975505,163770.49180329003,0.052949546313507366,unstable,false,true
2026-09-29T11-49-48-358Z/firefox.worker/case/noop/worker.ts,2026-09-29T11-49-48-358Z,firefox.worker,browser,,firefox,worker,Mozilla Firefox 156.0.1,boundary,noop,noop/worker.ts,worker.ts,ts,none,clone,structured-clone,,,,,,case,3,19288.061336254126,19699.89281886375,19130.43478260871,19288.061336254126,19130.43478260871,19699.89281886375,0.029523860709872316,stable,false,true
2026-09-29T11-49-48-358Z/firefox.worker/runtime/noop/worker.ts,2026-09-29T11-49-48-358Z,firefox.worker,browser,,firefox,worker,Mozilla Firefox 156.0.1,boundary,noop,noop/worker.ts,worker.ts,ts,none,clone,structured-clone,,,,,,runtime,3,19612.220916568804,18239.644970414178,19300.766283525103,19300.766283525103,18239.644970414178,19612.220916568804,0.07111510113078981,unstable,false,true
2026-09-29T11-49-48-358Z/firefox.worker/case/noop/worker.wasm,2026-09-29T11-49-48-358Z,firefox.worker,browser,,firefox,worker,Mozilla Firefox 156.0.1,boundary,noop,noop/worker.wasm,worker.wasm,wasm,WebAssembly,clone,structured-clone,,,,,,case,3,19204.927211646173,18640.915593705256,19537.68844221111,19204.927211646173,18640.915593705256,19537.68844221111,0.046694936076718735,stable,true,true
2026-09-29T11-49-48-358Z/firefox.worker/runtime/noop/worker.wasm,2026-09-29T11-49-48-358Z,firefox.worker,browser,,firefox,worker,Mozilla Firefox 156.0.1,boundary,noop,noop/worker.wasm,worker.wasm,wasm,WebAssembly,clone,structured-clone,,,,,,runtime,3,21476.014760147507,19724.880382775267,21631.578947368493,21476.014760147507,19724.880382775267,21631.578947368493,0.08878269948535504,unstable,true,true
2026-09-29T11-49-48-358Z/firefox.worker/case/add_i32/worker.ts,2026-09-29T11-49-48-358Z,firefox.worker,browser,,firefox,worker,Mozilla Firefox 156.0.1,boundary,add_i32,add_i32/worker.ts,worker.ts,ts,none,clone,structured-clone,,,,,,case,3,20646.153846153844,19848.866498740543,20179.425837320512,20179.425837320512,19848.866498740543,20646.153846153844,0.03950991241479086,stable,false,true
2026-09-29T11-49-48-358Z/firefox.worker/runtime/add_i32/worker.ts,2026-09-29T11-49-48-358Z,firefox.worker,browser,,firefox,worker,Mozilla Firefox 156.0.1,boundary,add_i32,add_i32/worker.ts,worker.ts,ts,none,clone,structured-clone,,,,,,runtime,3,19586.614173228438,21493.97590361436,19246.987951807532,19586.614173228438,19246.987951807532,21493.97590361436,0.11472059090631784,unstable,false,true
2026-09-29T11-49-48-358Z/firefox.worker/case/add_i32/worker.wasm,2026-09-29T11-49-48-358Z,firefox.worker,browser,,firefox,worker,Mozilla Firefox 156.0.1,boundary,add_i32,add_i32/worker.wasm,worker.wasm,wasm,WebAssembly,clone,structured-clone,,,,,,case,3,20303.030303030326,19536.03158933862,19815.7625383827,19815.7625383827,19536.03158933862,20303.030303030326,0.0387064950039669,stable,false,true
2026-09-29T11-49-48-358Z/firefox.worker/runtime/add_i32/worker.wasm,2026-09-29T11-49-48-358Z,firefox.worker,browser,,firefox,worker,Mozilla Firefox 156.0.1,boundary,add_i32,add_i32/worker.wasm,worker.wasm,wasm,WebAssembly,clone,structured-clone,,,,,,runtime,3,19503.96825396856,18885.511651469198,18340.857787810637,18885.511651469198,18340.857787810637,19503.96825396856,0.0615874479666236,unstable,false,true
2026-09-29T11-49-48-358Z/firefox.worker/case/sum_i32/worker.ts.clone/1,2026-09-29T11-49-48-358Z,firefox.worker,browser,,firefox,worker,Mozilla Firefox 156.0.1,boundary,sum_i32,sum_i32/worker.ts.clone/1,worker.ts.clone,ts,none,clone,structured-clone,,1,int32array,4,,case,3,19814.049586776866,19323.94366197187,22186.27450980386,19814.049586776866,19323.94366197187,22186.27450980386,0.14445965905637995,unstable,false,true
2026-09-29T11-49-48-358Z/firefox.worker/runtime/sum_i32/worker.ts.clone/1,2026-09-29T11-49-48-358Z,firefox.worker,browser,,firefox,worker,Mozilla Firefox 156.0.1,boundary,sum_i32,sum_i32/worker.ts.clone/1,worker.ts.clone,ts,none,clone,structured-clone,,1,int32array,4,,runtime,3,19894.332372718574,18631.256384065382,19378.585086042047,19378.585086042047,18631.256384065382,19894.332372718574,0.06517895826991812,unstable,false,true
2026-09-29T11-49-48-358Z/firefox.worker/case/sum_i32/worker.ts.copy/1,2026-09-29T11-49-48-358Z,firefox.worker,browser,,firefox,worker,Mozilla Firefox 156.0.1,boundary,sum_i32,sum_i32/worker.ts.copy/1,worker.ts.copy,ts,none,copy,js-copy+transfer,,1,int32array,4,,case,3,21406.436233611552,21934.73193473186,21293.53233830846,21406.436233611552,21293.53233830846,21934.73193473186,0.02995358916476769,stable,true,true
2026-09-29T11-49-48-358Z/firefox.worker/runtime/sum_i32/worker.ts.copy/1,2026-09-29T11-49-48-358Z,firefox.worker,browser,,firefox,worker,Mozilla Firefox 156.0.1,boundary,sum_i32,sum_i32/worker.ts.copy/1,worker.ts.copy,ts,none,copy,js-copy+transfer,,1,int32array,4,,runtime,3,20110.9989909181,20765.086206896536,20225.048923679577,20225.048923679577,20110.9989909181,20765.086206896536,0.032340451607641325,stable,true,true
2026-09-29T11-49-48-358Z/firefox.worker/case/sum_i32/worker.ts.transfer/1,2026-09-29T11-49-48-358Z,firefox.worker,browser,,firefox,worker,Mozilla Firefox 156.0.1,boundary,sum_i32,sum_i32/worker.ts.transfer/1,worker.ts.transfer,ts,none,transfer,transfer+transfer-back,,1,int32array,4,,case,3,22828.41823056312,23822.485207100588,21800.302571860855,22828.41823056312,21800.302571860855,23822.485207100588,0.08858181126769425,unstable,true,true
2026-09-29T11-49-48-358Z/firefox.worker/runtime/sum_i32/worker.ts.transfer/1,2026-09-29T11-49-48-358Z,firefox.worker,browser,,firefox,worker,Mozilla Firefox 156.0.1,boundary,sum_i32,sum_i32/worker.ts.transfer/1,worker.ts.transfer,ts,none,transfer,transfer+transfer-back,,1,int32array,4,,runtime,3,21060.924369747612,21644.260599793473,21767.388825541784,21644.260599793473,21060.924369747612,21767.388825541784,0.032639805482702094,stable,true,true
2026-09-29T11-49-48-358Z/firefox.worker/case/sum_i32/worker.ts.resident/1,2026-09-29T11-49-48-358Z,firefox.worker,browser,,firefox,worker,Mozilla Firefox 156.0.1,boundary,sum_i32,sum_i32/worker.ts.resident/1,worker.ts.resident,ts,none,resident,worker-resident,,1,int32array,4,,case,3,18239.845261121758,18628.86597938138,19597.76536312858,18628.86597938138,18239.845261121758,19597.76536312858,0.07289333143036089,unstable,false,true
2026-09-29T11-49-48-358Z/firefox.worker/runtime/sum_i32/worker.ts.resident/1,2026-09-29T11-49-48-358Z,firefox.worker,browser,,firefox,worker,Mozilla Firefox 156.0.1,boundary,sum_i32,sum_i32/worker.ts.resident/1,worker.ts.resident,ts,none,resident,worker-resident,,1,int32array,4,,runtime,3,18142.02334630359,18863.17907444622,18638.54266538879,18638.54266538879,18142.02334630359,18863.17907444622,0.038691637060326224,stable,false,true
2026-09-29T11-49-48-358Z/firefox.worker/case/sum_i32/worker.wasm.clone/1,2026-09-29T11-49-48-358Z,firefox.worker,browser,,firefox,worker,Mozilla Firefox 156.0.1,boundary,sum_i32,sum_i32/worker.wasm.clone/1,worker.wasm.clone,wasm,WebAssembly,clone,structured-clone+wasm-memory-copy,,1,int32array,4,,case,3,19752.321981424135,20344.478216818683,20134.83146067411,20134.83146067411,19752.321981424135,20344.478216818683,0.029409545173055197,stable,true,true
2026-09-29T11-49-48-358Z/firefox.worker/runtime/sum_i32/worker.wasm.clone/1,2026-09-29T11-49-48-358Z,firefox.worker,browser,,firefox,worker,Mozilla Firefox 156.0.1,boundary,sum_i32,sum_i32/worker.wasm.clone/1,worker.wasm.clone,wasm,WebAssembly,clone,structured-clone+wasm-memory-copy,,1,int32array,4,,runtime,3,19377.431906614416,18931.583880037317,17890.547263681612,18931.583880037317,17890.547263681612,19377.431906614416,0.07853989673313447,unstable,true,true
2026-09-29T11-49-48-358Z/firefox.worker/case/sum_i32/worker.wasm.copy/1,2026-09-29T11-49-48-358Z,firefox.worker,browser,,firefox,worker,Mozilla Firefox 156.0.1,boundary,sum_i32,sum_i32/worker.wasm.copy/1,worker.wasm.copy,wasm,WebAssembly,copy,js-copy+transfer+wasm-memory-copy,,1,int32array,4,,case,3,21322.957198443575,20818.639798488628,22116.868798235882,21322.957198443575,20818.639798488628,22116.868798235882,0.06088409725092052,unstable,true,true
2026-09-29T11-49-48-358Z/firefox.worker/runtime/sum_i32/worker.wasm.copy/1,2026-09-29T11-49-48-358Z,firefox.worker,browser,,firefox,worker,Mozilla Firefox 156.0.1,boundary,sum_i32,sum_i32/worker.wasm.copy/1,worker.wasm.copy,wasm,WebAssembly,copy,js-copy+transfer+wasm-memory-copy,,1,int32array,4,,runtime,3,20436.590436590286,19913.5135135131,18979.089790897706,19913.5135135131,18979.089790897706,20436.590436590286,0.07319153622506323,unstable,true,true
2026-09-29T11-49-48-358Z/firefox.worker/case/sum_i32/worker.wasm.transfer/1,2026-09-29T11-49-48-358Z,firefox.worker,browser,,firefox,worker,Mozilla Firefox 156.0.1,boundary,sum_i32,sum_i32/worker.wasm.transfer/1,worker.wasm.transfer,wasm,WebAssembly,transfer,transfer+wasm-memory-copy+transfer-back,,1,int32array,4,,case,3,25064.599483204107,23746.73629242812,22972.027972027947,23746.73629242812,22972.027972027947,25064.599483204107,0.08812038359323497,unstable,true,true
2026-09-29T11-49-48-358Z/firefox.worker/runtime/sum_i32/worker.wasm.transfer/1,2026-09-29T11-49-48-358Z,firefox.worker,browser,,firefox,worker,Mozilla Firefox 156.0.1,boundary,sum_i32,sum_i32/worker.wasm.transfer/1,worker.wasm.transfer,wasm,WebAssembly,transfer,transfer+wasm-memory-copy+transfer-back,,1,int32array,4,,runtime,3,20316.939890709546,21628.742514969996,21483.578708946032,21483.578708946032,20316.939890709546,21628.742514969996,0.061060712557829064,unstable,true,true
2026-09-29T11-49-48-358Z/firefox.worker/case/sum_i32/worker.wasm.resident/1,2026-09-29T11-49-48-358Z,firefox.worker,browser,,firefox,worker,Mozilla Firefox 156.0.1,boundary,sum_i32,sum_i32/worker.wasm.resident/1,worker.wasm.resident,wasm,WebAssembly,resident,wasm-memory-resident,,1,int32array,4,,case,3,18980.070339976483,18117.154811715416,19521.48437500012,18980.070339976483,18117.154811715416,19521.48437500012,0.07398969224718079,unstable,false,true
2026-09-29T11-49-48-358Z/firefox.worker/runtime/sum_i32/worker.wasm.resident/1,2026-09-29T11-49-48-358Z,firefox.worker,browser,,firefox,worker,Mozilla Firefox 156.0.1,boundary,sum_i32,sum_i32/worker.wasm.resident/1,worker.wasm.resident,wasm,WebAssembly,resident,wasm-memory-resident,,1,int32array,4,,runtime,3,18890.814558058293,18567.567567567272,18248.84792626829,18567.567567567272,18248.84792626829,18890.814558058293,0.03457462209058304,stable,false,true
2026-09-29T11-49-48-358Z/firefox.worker/case/sum_i32/worker.ts.clone/10,2026-09-29T11-49-48-358Z,firefox.worker,browser,,firefox,worker,Mozilla Firefox 156.0.1,boundary,sum_i32,sum_i32/worker.ts.clone/10,worker.ts.clone,ts,none,clone,structured-clone,,10,int32array,40,,case,3,21374.501992031797,19251.824817518165,20497.175141242922,20497.175141242922,19251.824817518165,21374.501992031797,0.10355949831557695,unstable,false,true
2026-09-29T11-49-48-358Z/firefox.worker/runtime/sum_i32/worker.ts.clone/10,2026-09-29T11-49-48-358Z,firefox.worker,browser,,firefox,worker,Mozilla Firefox 156.0.1,boundary,sum_i32,sum_i32/worker.ts.clone/10,worker.ts.clone,ts,none,clone,structured-clone,,10,int32array,40,,runtime,3,19276.437847866182,18132.022471909906,18025.03477051339,18132.022471909906,18025.03477051339,19276.437847866182,0.06901618830946538,unstable,false,true
2026-09-29T11-49-48-358Z/firefox.worker/case/sum_i32/worker.ts.copy/10,2026-09-29T11-49-48-358Z,firefox.worker,browser,,firefox,worker,Mozilla Firefox 156.0.1,boundary,sum_i32,sum_i32/worker.ts.copy/10,worker.ts.copy,ts,none,copy,js-copy+transfer,,10,int32array,40,,case,3,20987.179487179637,20924.54835281615,20457.142857142873,20924.54835281615,20457.142857142873,20987.179487179637,0.025330851643707217,stable,true,true
2026-09-29T11-49-48-358Z/firefox.worker/runtime/sum_i32/worker.ts.copy/10,2026-09-29T11-49-48-358Z,firefox.worker,browser,,firefox,worker,Mozilla Firefox 156.0.1,boundary,sum_i32,sum_i32/worker.ts.copy/10,worker.ts.copy,ts,none,copy,js-copy+transfer,,10,int32array,40,,runtime,3,19182.32044198859,19513.76146789031,19550.44955045017,19513.76146789031,19182.32044198859,19550.44955045017,0.018865102408232748,stable,true,true
2026-09-29T11-49-48-358Z/firefox.worker/case/sum_i32/worker.ts.transfer/10,2026-09-29T11-49-48-358Z,firefox.worker,browser,,firefox,worker,Mozilla Firefox 156.0.1,boundary,sum_i32,sum_i32/worker.ts.transfer/10,worker.ts.transfer,ts,none,transfer,transfer+transfer-back,,10,int32array,40,,case,3,23378.531073446386,22385.78680203051,24844.868735083524,23378.531073446386,22385.78680203051,24844.868735083524,0.10518547659506583,unstable,false,true
2026-09-29T11-49-48-358Z/firefox.worker/runtime/sum_i32/worker.ts.transfer/10,2026-09-29T11-49-48-358Z,firefox.worker,browser,,firefox,worker,Mozilla Firefox 156.0.1,boundary,sum_i32,sum_i32/worker.ts.transfer/10,worker.ts.transfer,ts,none,transfer,transfer+transfer-back,,10,int32array,40,,runtime,3,21670.020120724308,23050.48335123527,22172.55717255804,22172.55717255804,21670.020120724308,23050.48335123527,0.062259991924589496,unstable,false,true
2026-09-29T11-49-48-358Z/firefox.worker/case/sum_i32/worker.ts.resident/10,2026-09-29T11-49-48-358Z,firefox.worker,browser,,firefox,worker,Mozilla Firefox 156.0.1,boundary,sum_i32,sum_i32/worker.ts.resident/10,worker.ts.resident,ts,none,resident,worker-resident,,10,int32array,40,,case,3,19958.289885297232,19822.4852071005,18554.033485540334,19822.4852071005,18554.033485540334,19958.289885297232,0.07084159151012442,unstable,false,true
2026-09-29T11-49-48-358Z/firefox.worker/runtime/sum_i32/worker.ts.resident/10,2026-09-29T11-49-48-358Z,firefox.worker,browser,,firefox,worker,Mozilla Firefox 156.0.1,boundary,sum_i32,sum_i32/worker.ts.resident/10,worker.ts.resident,ts,none,resident,worker-resident,,10,int32array,40,,runtime,3,18547.43912678434,18440.285204991545,19081.300813007598,18547.43912678434,18440.285204991545,19081.300813007598,0.034560868680267684,stable,false,true
2026-09-29T11-49-48-358Z/firefox.worker/case/sum_i32/worker.wasm.clone/10,2026-09-29T11-49-48-358Z,firefox.worker,browser,,firefox,worker,Mozilla Firefox 156.0.1,boundary,sum_i32,sum_i32/worker.wasm.clone/10,worker.wasm.clone,wasm,WebAssembly,clone,structured-clone+wasm-memory-copy,,10,int32array,40,,case,3,20515.463917525736,21245.019920318653,20213.980028530612,20515.463917525736,20213.980028530612,21245.019920318653,0.05025671834343727,unstable,true,true
2026-09-29T11-49-48-358Z/firefox.worker/runtime/sum_i32/worker.wasm.clone/10,2026-09-29T11-49-48-358Z,firefox.worker,browser,,firefox,worker,Mozilla Firefox 156.0.1,boundary,sum_i32,sum_i32/worker.wasm.clone/10,worker.wasm.clone,wasm,WebAssembly,clone,structured-clone+wasm-memory-copy,,10,int32array,40,,runtime,3,17764.705882353726,19131.652661064225,18564.154786151194,18564.154786151194,17764.705882353726,19131.652661064225,0.07363366630245062,unstable,true,true
2026-09-29T11-49-48-358Z/firefox.worker/case/sum_i32/worker.wasm.copy/10,2026-09-29T11-49-48-358Z,firefox.worker,browser,,firefox,worker,Mozilla Firefox 156.0.1,boundary,sum_i32,sum_i32/worker.wasm.copy/10,worker.wasm.copy,wasm,WebAssembly,copy,js-copy+transfer+wasm-memory-copy,,10,int32array,40,,case,3,21787.592008412226,21426.966292134824,22074.82993197282,21787.592008412226,21426.966292134824,22074.82993197282,0.02973544022615512,stable,true,true
2026-09-29T11-49-48-358Z/firefox.worker/runtime/sum_i32/worker.wasm.copy/10,2026-09-29T11-49-48-358Z,firefox.worker,browser,,firefox,worker,Mozilla Firefox 156.0.1,boundary,sum_i32,sum_i32/worker.wasm.copy/10,worker.wasm.copy,wasm,WebAssembly,copy,js-copy+transfer+wasm-memory-copy,,10,int32array,40,,runtime,3,19055.404178019584,19910.01124859372,19451.476793248527,19451.476793248527,19055.404178019584,19910.01124859372,0.043935330960102985,stable,true,true
2026-09-29T11-49-48-358Z/firefox.worker/case/sum_i32/worker.wasm.transfer/10,2026-09-29T11-49-48-358Z,firefox.worker,browser,,firefox,worker,Mozilla Firefox 156.0.1,boundary,sum_i32,sum_i32/worker.wasm.transfer/10,worker.wasm.transfer,wasm,WebAssembly,transfer,transfer+wasm-memory-copy+transfer-back,,10,int32array,40,,case,3,22326.820603907625,23198.380566801618,22962.962962962913,22962.962962962913,22326.820603907625,23198.380566801618,0.03795503064215783,stable,true,true
2026-09-29T11-49-48-358Z/firefox.worker/runtime/sum_i32/worker.wasm.transfer/10,2026-09-29T11-49-48-358Z,firefox.worker,browser,,firefox,worker,Mozilla Firefox 156.0.1,boundary,sum_i32,sum_i32/worker.wasm.transfer/10,worker.wasm.transfer,wasm,WebAssembly,transfer,transfer+wasm-memory-copy+transfer-back,,10,int32array,40,,runtime,3,20599.334073251375,22105.263157894005,21462.053571428085,21462.053571428085,20599.334073251375,22105.263157894005,0.07016705459385476,unstable,true,true
2026-09-29T11-49-48-358Z/firefox.worker/case/sum_i32/worker.wasm.resident/10,2026-09-29T11-49-48-358Z,firefox.worker,browser,,firefox,worker,Mozilla Firefox 156.0.1,boundary,sum_i32,sum_i32/worker.wasm.resident/10,worker.wasm.resident,wasm,WebAssembly,resident,wasm-memory-resident,,10,int32array,40,,case,3,20326.315789473745,19480.122324159034,19863.301787592056,19863.301787592056,19480.122324159034,20326.315789473745,0.042600846242153954,stable,false,true
2026-09-29T11-49-48-358Z/firefox.worker/runtime/sum_i32/worker.wasm.resident/10,2026-09-29T11-49-48-358Z,firefox.worker,browser,,firefox,worker,Mozilla Firefox 156.0.1,boundary,sum_i32,sum_i32/worker.wasm.resident/10,worker.wasm.resident,wasm,WebAssembly,resident,wasm-memory-resident,,10,int32array,40,,runtime,3,19323.5831809875,18944.043321299443,17352.085354026418,18944.043321299443,17352.085354026418,19323.5831809875,0.10406953750704638,unstable,false,true
2026-09-29T11-49-48-358Z/firefox.worker/case/sum_i32/worker.ts.clone/100,2026-09-29T11-49-48-358Z,firefox.worker,browser,,firefox,worker,Mozilla Firefox 156.0.1,boundary,sum_i32,sum_i32/worker.ts.clone/100,worker.ts.clone,ts,none,clone,structured-clone,,100,int32array,400,,case,3,19610.38961038964,19486.842105263237,19556.259904912888,19556.259904912888,19486.842105263237,19610.38961038964,0.006317542604113503,stable,false,true
2026-09-29T11-49-48-358Z/firefox.worker/runtime/sum_i32/worker.ts.clone/100,2026-09-29T11-49-48-358Z,firefox.worker,browser,,firefox,worker,Mozilla Firefox 156.0.1,boundary,sum_i32,sum_i32/worker.ts.clone/100,worker.ts.clone,ts,none,clone,structured-clone,,100,int32array,400,,runtime,3,19461.678832116722,18653.44467640907,18336.079077430164,18653.44467640907,18336.079077430164,19461.678832116722,0.06034272887463511,unstable,false,true
2026-09-29T11-49-48-358Z/firefox.worker/case/sum_i32/worker.ts.copy/100,2026-09-29T11-49-48-358Z,firefox.worker,browser,,firefox,worker,Mozilla Firefox 156.0.1,boundary,sum_i32,sum_i32/worker.ts.copy/100,worker.ts.copy,ts,none,copy,js-copy+transfer,,100,int32array,400,,case,3,22046.460176991095,22432.432432432306,20766.283524904058,22046.460176991095,20766.283524904058,22432.432432432306,0.07557444116435223,unstable,true,true
2026-09-29T11-49-48-358Z/firefox.worker/runtime/sum_i32/worker.ts.copy/100,2026-09-29T11-49-48-358Z,firefox.worker,browser,,firefox,worker,Mozilla Firefox 156.0.1,boundary,sum_i32,sum_i32/worker.ts.copy/100,worker.ts.copy,ts,none,copy,js-copy+transfer,,100,int32array,400,,runtime,3,19989.658738366004,19970.902036858442,18431.151241534906,19970.902036858442,18431.151241534906,19989.658738366004,0.07803891351300535,unstable,true,true
2026-09-29T11-49-48-358Z/firefox.worker/case/sum_i32/worker.ts.transfer/100,2026-09-29T11-49-48-358Z,firefox.worker,browser,,firefox,worker,Mozilla Firefox 156.0.1,boundary,sum_i32,sum_i32/worker.ts.transfer/100,worker.ts.transfer,ts,none,transfer,transfer+transfer-back,,100,int32array,400,,case,3,23970.037453183577,23088.23529411762,21504.854368932072,23088.23529411762,21504.854368932072,23970.037453183577,0.10677226097395064,unstable,false,true
2026-09-29T11-49-48-358Z/firefox.worker/runtime/sum_i32/worker.ts.transfer/100,2026-09-29T11-49-48-358Z,firefox.worker,browser,,firefox,worker,Mozilla Firefox 156.0.1,boundary,sum_i32,sum_i32/worker.ts.transfer/100,worker.ts.transfer,ts,none,transfer,transfer+transfer-back,,100,int32array,400,,runtime,3,21947.089947089713,21927.346115034878,20956.340956340806,21927.346115034878,20956.340956340806,21947.089947089713,0.045183260461674486,stable,false,true
2026-09-29T11-49-48-358Z/firefox.worker/case/sum_i32/worker.ts.resident/100,2026-09-29T11-49-48-358Z,firefox.worker,browser,,firefox,worker,Mozilla Firefox 156.0.1,boundary,sum_i32,sum_i32/worker.ts.resident/100,worker.ts.resident,ts,none,resident,worker-resident,,100,int32array,400,,case,3,18602.150537634454,19612.188365650924,18646.766169154238,18646.766169154238,18602.150537634454,19612.188365650924,0.054166916603871476,unstable,false,true
2026-09-29T11-49-48-358Z/firefox.worker/runtime/sum_i32/worker.ts.resident/100,2026-09-29T11-49-48-358Z,firefox.worker,browser,,firefox,worker,Mozilla Firefox 156.0.1,boundary,sum_i32,sum_i32/worker.ts.resident/100,worker.ts.resident,ts,none,resident,worker-resident,,100,int32array,400,,runtime,3,19660.493827161095,18715.509039010536,19056.60377358541,19056.60377358541,18715.509039010536,19660.493827161095,0.04958831066532506,stable,false,true
2026-09-29T11-49-48-358Z/firefox.worker/case/sum_i32/worker.wasm.clone/100,2026-09-29T11-49-48-358Z,firefox.worker,browser,,firefox,worker,Mozilla Firefox 156.0.1,boundary,sum_i32,sum_i32/worker.wasm.clone/100,worker.wasm.clone,wasm,WebAssembly,clone,structured-clone+wasm-memory-copy,,100,int32array,400,,case,3,20950.70422535207,21459.27601809958,19930.651872399532,20950.70422535207,19930.651872399532,21459.27601809958,0.0729629003998007,unstable,true,true
2026-09-29T11-49-48-358Z/firefox.worker/runtime/sum_i32/worker.wasm.clone/100,2026-09-29T11-49-48-358Z,firefox.worker,browser,,firefox,worker,Mozilla Firefox 156.0.1,boundary,sum_i32,sum_i32/worker.wasm.clone/100,worker.wasm.clone,wasm,WebAssembly,clone,structured-clone+wasm-memory-copy,,100,int32array,400,,runtime,3,19265.4028436,18916.75025075284,18771.49877150181,18916.75025075284,18771.49877150181,19265.4028436,0.02610935100116015,stable,true,true
2026-09-29T11-49-48-358Z/firefox.worker/case/sum_i32/worker.wasm.copy/100,2026-09-29T11-49-48-358Z,firefox.worker,browser,,firefox,worker,Mozilla Firefox 156.0.1,boundary,sum_i32,sum_i32/worker.wasm.copy/100,worker.wasm.copy,wasm,WebAssembly,copy,js-copy+transfer+wasm-memory-copy,,100,int32array,400,,case,3,22623.413258110122,22562.076749435677,21284.606866002243,22562.076749435677,21284.606866002243,22623.413258110122,0.05933879256666235,unstable,true,true
2026-09-29T11-49-48-358Z/firefox.worker/runtime/sum_i32/worker.wasm.copy/100,2026-09-29T11-49-48-358Z,firefox.worker,browser,,firefox,worker,Mozilla Firefox 156.0.1,boundary,sum_i32,sum_i32/worker.wasm.copy/100,worker.wasm.copy,wasm,WebAssembly,copy,js-copy+transfer+wasm-memory-copy,,100,int32array,400,,runtime,3,21188.340807174478,19204.771371769093,20170.84282460037,20170.84282460037,19204.771371769093,21188.340807174478,0.09833845083489633,unstable,true,true
2026-09-29T11-49-48-358Z/firefox.worker/case/sum_i32/worker.wasm.transfer/100,2026-09-29T11-49-48-358Z,firefox.worker,browser,,firefox,worker,Mozilla Firefox 156.0.1,boundary,sum_i32,sum_i32/worker.wasm.transfer/100,worker.wasm.transfer,wasm,WebAssembly,transfer,transfer+wasm-memory-copy+transfer-back,,100,int32array,400,,case,3,22391.799544419096,21960.784313725493,21999.999999999887,21999.999999999887,21960.784313725493,22391.799544419096,0.01959160139516389,stable,false,true
2026-09-29T11-49-48-358Z/firefox.worker/runtime/sum_i32/worker.wasm.transfer/100,2026-09-29T11-49-48-358Z,firefox.worker,browser,,firefox,worker,Mozilla Firefox 156.0.1,boundary,sum_i32,sum_i32/worker.wasm.transfer/100,worker.wasm.transfer,wasm,WebAssembly,transfer,transfer+wasm-memory-copy+transfer-back,,100,int32array,400,,runtime,3,21786.703601109948,21761.546723954925,22136.536030341616,21786.703601109948,21761.546723954925,22136.536030341616,0.0172118422893304,stable,false,true
2026-09-29T11-49-48-358Z/firefox.worker/case/sum_i32/worker.wasm.resident/100,2026-09-29T11-49-48-358Z,firefox.worker,browser,,firefox,worker,Mozilla Firefox 156.0.1,boundary,sum_i32,sum_i32/worker.wasm.resident/100,worker.wasm.resident,wasm,WebAssembly,resident,wasm-memory-resident,,100,int32array,400,,case,3,18450.704225352143,20107.632093933527,19375.000000000065,19375.000000000065,18450.704225352143,20107.632093933527,0.08551885773323245,unstable,false,true
2026-09-29T11-49-48-358Z/firefox.worker/runtime/sum_i32/worker.wasm.resident/100,2026-09-29T11-49-48-358Z,firefox.worker,browser,,firefox,worker,Mozilla Firefox 156.0.1,boundary,sum_i32,sum_i32/worker.wasm.resident/100,worker.wasm.resident,wasm,WebAssembly,resident,wasm-memory-resident,,100,int32array,400,,runtime,3,18309.859154931153,18820.70949185141,18567.41573033701,18567.41573033701,18309.859154931153,18820.70949185141,0.02751327079328466,stable,false,true
2026-09-29T11-49-48-358Z/firefox.worker/case/sum_i32/worker.ts.clone/1000,2026-09-29T11-49-48-358Z,firefox.worker,browser,,firefox,worker,Mozilla Firefox 156.0.1,boundary,sum_i32,sum_i32/worker.ts.clone/1000,worker.ts.clone,ts,none,clone,structured-clone,,1000,int32array,4000,,case,3,23408.48806366045,23763.313609467434,23800.69524913103,23763.313609467434,23408.48806366045,23800.69524913103,0.016504734647541815,stable,false,true
2026-09-29T11-49-48-358Z/firefox.worker/runtime/sum_i32/worker.ts.clone/1000,2026-09-29T11-49-48-358Z,firefox.worker,browser,,firefox,worker,Mozilla Firefox 156.0.1,boundary,sum_i32,sum_i32/worker.ts.clone/1000,worker.ts.clone,ts,none,clone,structured-clone,,1000,int32array,4000,,runtime,3,22736.263736266294,23273.942093540798,23200.549450551152,23200.549450551152,22736.263736266294,23273.942093540798,0.023175242397620515,stable,false,true
2026-09-29T11-49-48-358Z/firefox.worker/case/sum_i32/worker.ts.copy/1000,2026-09-29T11-49-48-358Z,firefox.worker,browser,,firefox,worker,Mozilla Firefox 156.0.1,boundary,sum_i32,sum_i32/worker.ts.copy/1000,worker.ts.copy,ts,none,copy,js-copy+transfer,,1000,int32array,4000,,case,3,23797.90940766545,27256.176853055964,25571.808510638246,25571.808510638246,23797.90940766545,27256.176853055964,0.13523749968453827,unstable,false,true
2026-09-29T11-49-48-358Z/firefox.worker/runtime/sum_i32/worker.ts.copy/1000,2026-09-29T11-49-48-358Z,firefox.worker,browser,,firefox,worker,Mozilla Firefox 156.0.1,boundary,sum_i32,sum_i32/worker.ts.copy/1000,worker.ts.copy,ts,none,copy,js-copy+transfer,,1000,int32array,4000,,runtime,3,26531.531531533008,23389.639639640132,23417.305585979408,23417.305585979408,23389.639639640132,26531.531531533008,0.1341696584330357,unstable,false,true
2026-09-29T11-49-48-358Z/firefox.worker/case/sum_i32/worker.ts.transfer/1000,2026-09-29T11-49-48-358Z,firefox.worker,browser,,firefox,worker,Mozilla Firefox 156.0.1,boundary,sum_i32,sum_i32/worker.ts.transfer/1000,worker.ts.transfer,ts,none,transfer,transfer+transfer-back,,1000,int32array,4000,,case,3,24528.02359882005,23915.343915343918,24494.518879415366,24494.518879415366,23915.343915343918,24528.02359882005,0.02501292989228768,stable,true,true
2026-09-29T11-49-48-358Z/firefox.worker/runtime/sum_i32/worker.ts.transfer/1000,2026-09-29T11-49-48-358Z,firefox.worker,browser,,firefox,worker,Mozilla Firefox 156.0.1,boundary,sum_i32,sum_i32/worker.ts.transfer/1000,worker.ts.transfer,ts,none,transfer,transfer+transfer-back,,1000,int32array,4000,,runtime,3,25992.010652463963,25800.464037122714,26123.59550561798,25992.010652463963,25800.464037122714,26123.59550561798,0.012431953526636265,stable,true,true
2026-09-29T11-49-48-358Z/firefox.worker/case/sum_i32/worker.ts.resident/1000,2026-09-29T11-49-48-358Z,firefox.worker,browser,,firefox,worker,Mozilla Firefox 156.0.1,boundary,sum_i32,sum_i32/worker.ts.resident/1000,worker.ts.resident,ts,none,resident,worker-resident,,1000,int32array,4000,,case,3,20922.27979274611,20221.997981836434,19987.45294855717,20221.997981836434,19987.45294855717,20922.27979274611,0.04622821370215795,stable,false,true
2026-09-29T11-49-48-358Z/firefox.worker/runtime/sum_i32/worker.ts.resident/1000,2026-09-29T11-49-48-358Z,firefox.worker,browser,,firefox,worker,Mozilla Firefox 156.0.1,boundary,sum_i32,sum_i32/worker.ts.resident/1000,worker.ts.resident,ts,none,resident,worker-resident,,1000,int32array,4000,,runtime,3,18830.645161290617,22126.315789474145,21648.590021693002,21648.590021693002,18830.645161290617,22126.315789474145,0.1522348857307149,unstable,false,true
2026-09-29T11-49-48-358Z/firefox.worker/case/sum_i32/worker.wasm.clone/1000,2026-09-29T11-49-48-358Z,firefox.worker,browser,,firefox,worker,Mozilla Firefox 156.0.1,boundary,sum_i32,sum_i32/worker.wasm.clone/1000,worker.wasm.clone,wasm,WebAssembly,clone,structured-clone+wasm-memory-copy,,1000,int32array,4000,,case,3,23337.18244803686,24729.241877256398,23942.701227830767,23942.701227830767,23337.18244803686,24729.241877256398,0.058141285562274894,unstable,true,true
2026-09-29T11-49-48-358Z/firefox.worker/runtime/sum_i32/worker.wasm.clone/1000,2026-09-29T11-49-48-358Z,firefox.worker,browser,,firefox,worker,Mozilla Firefox 156.0.1,boundary,sum_i32,sum_i32/worker.wasm.clone/1000,worker.wasm.clone,wasm,WebAssembly,clone,structured-clone+wasm-memory-copy,,1000,int32array,4000,,runtime,3,21715.84699453639,23200.455580864444,22175.39863325873,22175.39863325873,21715.84699453639,23200.455580864444,0.0669484508883386,unstable,true,true
2026-09-29T11-49-48-358Z/firefox.worker/case/sum_i32/worker.wasm.copy/1000,2026-09-29T11-49-48-358Z,firefox.worker,browser,,firefox,worker,Mozilla Firefox 156.0.1,boundary,sum_i32,sum_i32/worker.wasm.copy/1000,worker.wasm.copy,wasm,WebAssembly,copy,js-copy+transfer+wasm-memory-copy,,1000,int32array,4000,,case,3,23751.868460388534,23991.416309012893,24704.26409903711,23991.416309012893,23751.868460388534,24704.26409903711,0.03969734951791025,stable,true,true
2026-09-29T11-49-48-358Z/firefox.worker/runtime/sum_i32/worker.wasm.copy/1000,2026-09-29T11-49-48-358Z,firefox.worker,browser,,firefox,worker,Mozilla Firefox 156.0.1,boundary,sum_i32,sum_i32/worker.wasm.copy/1000,worker.wasm.copy,wasm,WebAssembly,copy,js-copy+transfer+wasm-memory-copy,,1000,int32array,4000,,runtime,3,21827.622014538356,22015.404364569495,21706.70037926684,21827.622014538356,21706.70037926684,22015.404364569495,0.014142813408489538,stable,true,true
2026-09-29T11-49-48-358Z/firefox.worker/case/sum_i32/worker.wasm.transfer/1000,2026-09-29T11-49-48-358Z,firefox.worker,browser,,firefox,worker,Mozilla Firefox 156.0.1,boundary,sum_i32,sum_i32/worker.wasm.transfer/1000,worker.wasm.transfer,wasm,WebAssembly,transfer,transfer+wasm-memory-copy+transfer-back,,1000,int32array,4000,,case,3,24161.33162612036,23839.285714285783,22395.437262357365,23839.285714285783,22395.437262357365,24161.33162612036,0.07407496956608803,unstable,true,true
2026-09-29T11-49-48-358Z/firefox.worker/runtime/sum_i32/worker.wasm.transfer/1000,2026-09-29T11-49-48-358Z,firefox.worker,browser,,firefox,worker,Mozilla Firefox 156.0.1,boundary,sum_i32,sum_i32/worker.wasm.transfer/1000,worker.wasm.transfer,wasm,WebAssembly,transfer,transfer+wasm-memory-copy+transfer-back,,1000,int32array,4000,,runtime,3,21500.559910415148,21674.20814479827,21495.815899582733,21500.559910415148,21495.815899582733,21674.20814479827,0.008297097655076552,stable,true,true
2026-09-29T11-49-48-358Z/firefox.worker/case/sum_i32/worker.wasm.resident/1000,2026-09-29T11-49-48-358Z,firefox.worker,browser,,firefox,worker,Mozilla Firefox 156.0.1,boundary,sum_i32,sum_i32/worker.wasm.resident/1000,worker.wasm.resident,wasm,WebAssembly,resident,wasm-memory-resident,,1000,int32array,4000,,case,3,19498.364231188592,20174.89711934158,20308.324768756356,20174.89711934158,19498.364231188592,20308.324768756356,0.04014694760407271,stable,true,true
2026-09-29T11-49-48-358Z/firefox.worker/runtime/sum_i32/worker.wasm.resident/1000,2026-09-29T11-49-48-358Z,firefox.worker,browser,,firefox,worker,Mozilla Firefox 156.0.1,boundary,sum_i32,sum_i32/worker.wasm.resident/1000,worker.wasm.resident,wasm,WebAssembly,resident,wasm-memory-resident,,1000,int32array,4000,,runtime,3,17133.396404920135,18365.12261580487,17222.723174030987,17222.723174030987,17133.396404920135,18365.12261580487,0.07151750617126416,unstable,true,true
2026-09-29T11-49-48-358Z/firefox.worker/case/sum_i32/worker.ts.clone/10000,2026-09-29T11-49-48-358Z,firefox.worker,browser,,firefox,worker,Mozilla Firefox 156.0.1,boundary,sum_i32,sum_i32/worker.ts.clone/10000,worker.ts.clone,ts,none,clone,structured-clone,,10000,int32array,40000,,case,3,50188.67924528307,52222.2222222221,51392.40506329103,51392.40506329103,50188.67924528307,52222.2222222221,0.03956893969906007,stable,false,true
2026-09-29T11-49-48-358Z/firefox.worker/runtime/sum_i32/worker.ts.clone/10000,2026-09-29T11-49-48-358Z,firefox.worker,browser,,firefox,worker,Mozilla Firefox 156.0.1,boundary,sum_i32,sum_i32/worker.ts.clone/10000,worker.ts.clone,ts,none,clone,structured-clone,,10000,int32array,40000,,runtime,3,49097.560975607805,48983.05084745804,49343.434343436544,49097.560975607805,48983.05084745804,49343.434343436544,0.007340150688087014,stable,false,true
2026-09-29T11-49-48-358Z/firefox.worker/case/sum_i32/worker.ts.copy/10000,2026-09-29T11-49-48-358Z,firefox.worker,browser,,firefox,worker,Mozilla Firefox 156.0.1,boundary,sum_i32,sum_i32/worker.ts.copy/10000,worker.ts.copy,ts,none,copy,js-copy+transfer,,10000,int32array,40000,,case,3,51756.75675675673,51176.4705882353,51735.75129533686,51735.75129533686,51176.4705882353,51756.75675675673,0.011216347573824325,stable,true,true
2026-09-29T11-49-48-358Z/firefox.worker/runtime/sum_i32/worker.ts.copy/10000,2026-09-29T11-49-48-358Z,firefox.worker,browser,,firefox,worker,Mozilla Firefox 156.0.1,boundary,sum_i32,sum_i32/worker.ts.copy/10000,worker.ts.copy,ts,none,copy,js-copy+transfer,,10000,int32array,40000,,runtime,3,48383.83838383802,47000.0000000022,47132.530120480704,47132.530120480704,47000.0000000022,48383.83838383802,0.02936057920715135,stable,true,true
2026-09-29T11-49-48-358Z/firefox.worker/case/sum_i32/worker.ts.transfer/10000,2026-09-29T11-49-48-358Z,firefox.worker,browser,,firefox,worker,Mozilla Firefox 156.0.1,boundary,sum_i32,sum_i32/worker.ts.transfer/10000,worker.ts.transfer,ts,none,transfer,transfer+transfer-back,,10000,int32array,40000,,case,3,30000.000000000015,30223.71364653229,29616.122840690994,30000.000000000015,29616.122840690994,30223.71364653229,0.020253026861376557,stable,false,true
2026-09-29T11-49-48-358Z/firefox.worker/runtime/sum_i32/worker.ts.transfer/10000,2026-09-29T11-49-48-358Z,firefox.worker,browser,,firefox,worker,Mozilla Firefox 156.0.1,boundary,sum_i32,sum_i32/worker.ts.transfer/10000,worker.ts.transfer,ts,none,transfer,transfer+transfer-back,,10000,int32array,40000,,runtime,3,27997.179125529427,29970.54491899906,27180.851063828046,27997.179125529427,27180.851063828046,29970.54491899906,0.09964196187991001,unstable,false,true
2026-09-29T11-49-48-358Z/firefox.worker/case/sum_i32/worker.ts.resident/10000,2026-09-29T11-49-48-358Z,firefox.worker,browser,,firefox,worker,Mozilla Firefox 156.0.1,boundary,sum_i32,sum_i32/worker.ts.resident/10000,worker.ts.resident,ts,none,resident,worker-resident,,10000,int32array,40000,,case,3,26032.786885245892,26490.384615384573,26269.841269841287,26269.841269841287,26032.786885245892,26490.384615384573,0.01741912809591353,stable,false,true
2026-09-29T11-49-48-358Z/firefox.worker/runtime/sum_i32/worker.ts.resident/10000,2026-09-29T11-49-48-358Z,firefox.worker,browser,,firefox,worker,Mozilla Firefox 156.0.1,boundary,sum_i32,sum_i32/worker.ts.resident/10000,worker.ts.resident,ts,none,resident,worker-resident,,10000,int32array,40000,,runtime,3,24768.6375321319,25421.53047989907,25608.108108109092,25421.53047989907,24768.6375321319,25608.108108109092,0.03302203133052775,stable,false,true
2026-09-29T11-49-48-358Z/firefox.worker/case/sum_i32/worker.wasm.clone/10000,2026-09-29T11-49-48-358Z,firefox.worker,browser,,firefox,worker,Mozilla Firefox 156.0.1,boundary,sum_i32,sum_i32/worker.wasm.clone/10000,worker.wasm.clone,wasm,WebAssembly,clone,structured-clone+wasm-memory-copy,,10000,int32array,40000,,case,3,51276.59574468058,48514.05622489976,48793.103448275586,48793.103448275586,48514.05622489976,51276.59574468058,0.056617417719889866,unstable,false,true
2026-09-29T11-49-48-358Z/firefox.worker/runtime/sum_i32/worker.wasm.clone/10000,2026-09-29T11-49-48-358Z,firefox.worker,browser,,firefox,worker,Mozilla Firefox 156.0.1,boundary,sum_i32,sum_i32/worker.wasm.clone/10000,worker.wasm.clone,wasm,WebAssembly,clone,structured-clone+wasm-memory-copy,,10000,int32array,40000,,runtime,3,50465.68627451016,49690.47619047377,49711.53846153479,49711.53846153479,49690.47619047377,50465.68627451016,0.015594168034775785,stable,false,true
2026-09-29T11-49-48-358Z/firefox.worker/case/sum_i32/worker.wasm.copy/10000,2026-09-29T11-49-48-358Z,firefox.worker,browser,,firefox,worker,Mozilla Firefox 156.0.1,boundary,sum_i32,sum_i32/worker.wasm.copy/10000,worker.wasm.copy,wasm,WebAssembly,copy,js-copy+transfer+wasm-memory-copy,,10000,int32array,40000,,case,3,52604.42260442252,50569.62025316461,50956.79012345676,50956.79012345676,50569.62025316461,52604.42260442252,0.03993191773516432,stable,true,true
2026-09-29T11-49-48-358Z/firefox.worker/runtime/sum_i32/worker.wasm.copy/10000,2026-09-29T11-49-48-358Z,firefox.worker,browser,,firefox,worker,Mozilla Firefox 156.0.1,boundary,sum_i32,sum_i32/worker.wasm.copy/10000,worker.wasm.copy,wasm,WebAssembly,copy,js-copy+transfer+wasm-memory-copy,,10000,int32array,40000,,runtime,3,48010.75268818339,48385.542168678905,48000.00000000071,48010.75268818339,48000.00000000071,48385.542168678905,0.00803032960516537,stable,true,true
2026-09-29T11-49-48-358Z/firefox.worker/case/sum_i32/worker.wasm.transfer/10000,2026-09-29T11-49-48-358Z,firefox.worker,browser,,firefox,worker,Mozilla Firefox 156.0.1,boundary,sum_i32,sum_i32/worker.wasm.transfer/10000,worker.wasm.transfer,wasm,WebAssembly,transfer,transfer+wasm-memory-copy+transfer-back,,10000,int32array,40000,,case,3,28410.85271317834,27126.696832579208,29073.783359497615,28410.85271317834,27126.696832579208,29073.783359497615,0.06853319562686878,unstable,true,true
2026-09-29T11-49-48-358Z/firefox.worker/runtime/sum_i32/worker.wasm.transfer/10000,2026-09-29T11-49-48-358Z,firefox.worker,browser,,firefox,worker,Mozilla Firefox 156.0.1,boundary,sum_i32,sum_i32/worker.wasm.transfer/10000,worker.wasm.transfer,wasm,WebAssembly,transfer,transfer+wasm-memory-copy+transfer-back,,10000,int32array,40000,,runtime,3,26687.211093987506,26201.044386422596,26859.06040268486,26687.211093987506,26201.044386422596,26859.06040268486,0.02465660476641229,stable,true,true
2026-09-29T11-49-48-358Z/firefox.worker/case/sum_i32/worker.wasm.resident/10000,2026-09-29T11-49-48-358Z,firefox.worker,browser,,firefox,worker,Mozilla Firefox 156.0.1,boundary,sum_i32,sum_i32/worker.wasm.resident/10000,worker.wasm.resident,wasm,WebAssembly,resident,wasm-memory-resident,,10000,int32array,40000,,case,3,23122.923588039892,24513.48182883949,23534.48275862068,23534.48275862068,23122.923588039892,24513.48182883949,0.05908599118415873,unstable,true,true
2026-09-29T11-49-48-358Z/firefox.worker/runtime/sum_i32/worker.wasm.resident/10000,2026-09-29T11-49-48-358Z,firefox.worker,browser,,firefox,worker,Mozilla Firefox 156.0.1,boundary,sum_i32,sum_i32/worker.wasm.resident/10000,worker.wasm.resident,wasm,WebAssembly,resident,wasm-memory-resident,,10000,int32array,40000,,runtime,3,21847.704367303515,22449.704142013212,21693.461950694495,21847.704367303515,21693.461950694495,22449.704142013212,0.03461426329305709,stable,true,true
2026-09-29T11-49-48-358Z/firefox.worker/case/sum_i32/worker.ts.clone/100000,2026-09-29T11-49-48-358Z,firefox.worker,browser,,firefox,worker,Mozilla Firefox 156.0.1,boundary,sum_i32,sum_i32/worker.ts.clone/100000,worker.ts.clone,ts,none,clone,structured-clone,,100000,int32array,400000,,case,3,334444.4444444445,334915.254237288,332083.33333333326,334444.4444444445,332083.33333333326,334915.254237288,0.008467537586575726,stable,false,true
2026-09-29T11-49-48-358Z/firefox.worker/runtime/sum_i32/worker.ts.clone/100000,2026-09-29T11-49-48-358Z,firefox.worker,browser,,firefox,worker,Mozilla Firefox 156.0.1,boundary,sum_i32,sum_i32/worker.ts.clone/100000,worker.ts.clone,ts,none,clone,structured-clone,,100000,int32array,400000,,runtime,3,447758.6206896125,403199.9999999971,331355.9322034392,403199.9999999971,331355.9322034392,447758.6206896125,0.288697144062932,unstable,false,true
2026-09-29T11-49-48-358Z/firefox.worker/case/sum_i32/worker.ts.copy/100000,2026-09-29T11-49-48-358Z,firefox.worker,browser,,firefox,worker,Mozilla Firefox 156.0.1,boundary,sum_i32,sum_i32/worker.ts.copy/100000,worker.ts.copy,ts,none,copy,js-copy+transfer,,100000,int32array,400000,,case,3,304047.6190476186,307966.1016949165,302820.5128205129,304047.6190476186,302820.5128205129,307966.1016949165,0.016923628247842784,stable,false,true
2026-09-29T11-49-48-358Z/firefox.worker/runtime/sum_i32/worker.ts.copy/100000,2026-09-29T11-49-48-358Z,firefox.worker,browser,,firefox,worker,Mozilla Firefox 156.0.1,boundary,sum_i32,sum_i32/worker.ts.copy/100000,worker.ts.copy,ts,none,copy,js-copy+transfer,,100000,int32array,400000,,runtime,3,290000.00000002957,316911.76470592513,289999.9999999808,290000.00000002957,289999.9999999808,316911.76470592513,0.09279918864117792,unstable,false,true
2026-09-29T11-49-48-358Z/firefox.worker/case/sum_i32/worker.ts.transfer/100000,2026-09-29T11-49-48-358Z,firefox.worker,browser,,firefox,worker,Mozilla Firefox 156.0.1,boundary,sum_i32,sum_i32/worker.ts.transfer/100000,worker.ts.transfer,ts,none,transfer,transfer+transfer-back,,100000,int32array,400000,,case,3,93873.87387387351,94615.38461538492,97091.83673469402,94615.38461538492,93873.87387387351,97091.83673469402,0.03401098958590772,stable,false,true
2026-09-29T11-49-48-358Z/firefox.worker/runtime/sum_i32/worker.ts.transfer/100000,2026-09-29T11-49-48-358Z,firefox.worker,browser,,firefox,worker,Mozilla Firefox 156.0.1,boundary,sum_i32,sum_i32/worker.ts.transfer/100000,worker.ts.transfer,ts,none,transfer,transfer+transfer-back,,100000,int32array,400000,,runtime,3,92211.53846153987,91314.55399061374,91952.3809523872,91952.3809523872,91314.55399061374,92211.53846153987,0.009754880315612278,stable,false,true
2026-09-29T11-49-48-358Z/firefox.worker/case/sum_i32/worker.ts.resident/100000,2026-09-29T11-49-48-358Z,firefox.worker,browser,,firefox,worker,Mozilla Firefox 156.0.1,boundary,sum_i32,sum_i32/worker.ts.resident/100000,worker.ts.resident,ts,none,resident,worker-resident,,100000,int32array,400000,,case,3,90000.00000000047,89777.77777777739,93473.68421052626,90000.00000000047,89777.77777777739,93473.68421052626,0.04106562703054283,stable,false,true
2026-09-29T11-49-48-358Z/firefox.worker/runtime/sum_i32/worker.ts.resident/100000,2026-09-29T11-49-48-358Z,firefox.worker,browser,,firefox,worker,Mozilla Firefox 156.0.1,boundary,sum_i32,sum_i32/worker.ts.resident/100000,worker.ts.resident,ts,none,resident,worker-resident,,100000,int32array,400000,,runtime,3,92409.09090908231,89170.30567684828,87688.88888890312,89170.30567684828,87688.88888890312,92409.09090908231,0.052934684751279465,unstable,false,true
2026-09-29T11-49-48-358Z/firefox.worker/case/sum_i32/worker.wasm.clone/100000,2026-09-29T11-49-48-358Z,firefox.worker,browser,,firefox,worker,Mozilla Firefox 156.0.1,boundary,sum_i32,sum_i32/worker.wasm.clone/100000,worker.wasm.clone,wasm,WebAssembly,clone,structured-clone+wasm-memory-copy,,100000,int32array,400000,,case,3,329215.6862745091,326571.4285714304,332857.14285714464,329215.6862745091,326571.4285714304,332857.14285714464,0.019092997532544845,stable,false,true
2026-09-29T11-49-48-358Z/firefox.worker/runtime/sum_i32/worker.wasm.clone/100000,2026-09-29T11-49-48-358Z,firefox.worker,browser,,firefox,worker,Mozilla Firefox 156.0.1,boundary,sum_i32,sum_i32/worker.wasm.clone/100000,worker.wasm.clone,wasm,WebAssembly,clone,structured-clone+wasm-memory-copy,,100000,int32array,400000,,runtime,3,332363.63636361517,322352.94117651624,319310.344827531,322352.94117651624,319310.344827531,332363.63636361517,0.040493787611934125,stable,false,true
2026-09-29T11-49-48-358Z/firefox.worker/case/sum_i32/worker.wasm.copy/100000,2026-09-29T11-49-48-358Z,firefox.worker,browser,,firefox,worker,Mozilla Firefox 156.0.1,boundary,sum_i32,sum_i32/worker.wasm.copy/100000,worker.wasm.copy,wasm,WebAssembly,copy,js-copy+transfer+wasm-memory-copy,,100000,int32array,400000,,case,3,306538.4615384604,310465.11627906765,303636.3636363626,306538.4615384604,303636.3636363626,310465.11627906765,0.022276984781722946,stable,false,true
2026-09-29T11-49-48-358Z/firefox.worker/runtime/sum_i32/worker.wasm.copy/100000,2026-09-29T11-49-48-358Z,firefox.worker,browser,,firefox,worker,Mozilla Firefox 156.0.1,boundary,sum_i32,sum_i32/worker.wasm.copy/100000,worker.wasm.copy,wasm,WebAssembly,copy,js-copy+transfer+wasm-memory-copy,,100000,int32array,400000,,runtime,3,327115.3846153538,290363.63636372366,287258.0645160915,290363.63636372366,287258.0645160915,327115.3846153538,0.1372669133036172,unstable,false,true
2026-09-29T11-49-48-358Z/firefox.worker/case/sum_i32/worker.wasm.transfer/100000,2026-09-29T11-49-48-358Z,firefox.worker,browser,,firefox,worker,Mozilla Firefox 156.0.1,boundary,sum_i32,sum_i32/worker.wasm.transfer/100000,worker.wasm.transfer,wasm,WebAssembly,transfer,transfer+wasm-memory-copy+transfer-back,,100000,int32array,400000,,case,3,86666.66666666634,88164.25120772919,86282.7225130891,86666.66666666634,86282.7225130891,88164.25120772919,0.021709946476616487,stable,true,true
2026-09-29T11-49-48-358Z/firefox.worker/runtime/sum_i32/worker.wasm.transfer/100000,2026-09-29T11-49-48-358Z,firefox.worker,browser,,firefox,worker,Mozilla Firefox 156.0.1,boundary,sum_i32,sum_i32/worker.wasm.transfer/100000,worker.wasm.transfer,wasm,WebAssembly,transfer,transfer+wasm-memory-copy+transfer-back,,100000,int32array,400000,,runtime,3,81652.89256199189,79133.85826772513,79999.99999999942,79999.99999999942,79133.85826772513,81652.89256199189,0.03148792867833477,stable,true,true
2026-09-29T11-49-48-358Z/firefox.worker/case/sum_i32/worker.wasm.resident/100000,2026-09-29T11-49-48-358Z,firefox.worker,browser,,firefox,worker,Mozilla Firefox 156.0.1,boundary,sum_i32,sum_i32/worker.wasm.resident/100000,worker.wasm.resident,wasm,WebAssembly,resident,wasm-memory-resident,,100000,int32array,400000,,case,3,63761.061946902766,65017.30103806255,63641.61849710977,63761.061946902766,63641.61849710977,65017.30103806255,0.021575590163450935,stable,false,true
2026-09-29T11-49-48-358Z/firefox.worker/runtime/sum_i32/worker.wasm.resident/100000,2026-09-29T11-49-48-358Z,firefox.worker,browser,,firefox,worker,Mozilla Firefox 156.0.1,boundary,sum_i32,sum_i32/worker.wasm.resident/100000,worker.wasm.resident,wasm,WebAssembly,resident,wasm-memory-resident,,100000,int32array,400000,,runtime,3,62300.61349693653,61826.625386989246,63238.09523808969,62300.61349693653,61826.625386989246,63238.09523808969,0.022655793769508412,stable,false,true
2026-09-29T11-49-48-358Z/firefox.worker/case/sum_i32/worker.ts.clone/1000000,2026-09-29T11-49-48-358Z,firefox.worker,browser,,firefox,worker,Mozilla Firefox 156.0.1,boundary,sum_i32,sum_i32/worker.ts.clone/1000000,worker.ts.clone,ts,none,clone,structured-clone,,1000000,int32array,4000000,,case,3,3655999.999999995,3589999.999999989,3605000.0000000037,3605000.0000000037,3589999.999999989,3655999.999999995,0.018307905686548123,stable,true,true
2026-09-29T11-49-48-358Z/firefox.worker/runtime/sum_i32/worker.ts.clone/1000000,2026-09-29T11-49-48-358Z,firefox.worker,browser,,firefox,worker,Mozilla Firefox 156.0.1,boundary,sum_i32,sum_i32/worker.ts.clone/1000000,worker.ts.clone,ts,none,clone,structured-clone,,1000000,int32array,4000000,,runtime,3,3441666.666666909,3286666.6666668607,3379999.9999998063,3379999.9999998063,3286666.6666668607,3441666.666666909,0.04585798816569743,stable,true,true
2026-09-29T11-49-48-358Z/firefox.worker/case/sum_i32/worker.ts.copy/1000000,2026-09-29T11-49-48-358Z,firefox.worker,browser,,firefox,worker,Mozilla Firefox 156.0.1,boundary,sum_i32,sum_i32/worker.ts.copy/1000000,worker.ts.copy,ts,none,copy,js-copy+transfer,,1000000,int32array,4000000,,case,3,2208571.4285714338,2129000.0000000075,2172857.1428571483,2172857.1428571483,2129000.0000000075,2208571.4285714338,0.036620644312950874,stable,true,true
2026-09-29T11-49-48-358Z/firefox.worker/runtime/sum_i32/worker.ts.copy/1000000,2026-09-29T11-49-48-358Z,firefox.worker,browser,,firefox,worker,Mozilla Firefox 156.0.1,boundary,sum_i32,sum_i32/worker.ts.copy/1000000,worker.ts.copy,ts,none,copy,js-copy+transfer,,1000000,int32array,4000000,,runtime,3,2321111.1111110463,2322222.22222198,2311111.111111434,2321111.1111110463,2311111.111111434,2322222.22222198,0.004786979415745048,stable,true,true
2026-09-29T11-49-48-358Z/firefox.worker/case/sum_i32/worker.ts.transfer/1000000,2026-09-29T11-49-48-358Z,firefox.worker,browser,,firefox,worker,Mozilla Firefox 156.0.1,boundary,sum_i32,sum_i32/worker.ts.transfer/1000000,worker.ts.transfer,ts,none,transfer,transfer+transfer-back,,1000000,int32array,4000000,,case,3,806399.9999999986,822000.0000000028,861666.6666666662,822000.0000000028,806399.9999999986,861666.6666666662,0.06723438767234473,unstable,true,true
2026-09-29T11-49-48-358Z/firefox.worker/runtime/sum_i32/worker.ts.transfer/1000000,2026-09-29T11-49-48-358Z,firefox.worker,browser,,firefox,worker,Mozilla Firefox 156.0.1,boundary,sum_i32,sum_i32/worker.ts.transfer/1000000,worker.ts.transfer,ts,none,transfer,transfer+transfer-back,,1000000,int32array,4000000,,runtime,3,980909.0909090049,993684.2105263693,873043.4782609455,980909.0909090049,873043.4782609455,993684.2105263693,0.12298869832435382,unstable,true,true
2026-09-29T11-49-48-358Z/firefox.worker/case/sum_i32/worker.ts.resident/1000000,2026-09-29T11-49-48-358Z,firefox.worker,browser,,firefox,worker,Mozilla Firefox 156.0.1,boundary,sum_i32,sum_i32/worker.ts.resident/1000000,worker.ts.resident,ts,none,resident,worker-resident,,1000000,int32array,4000000,,case,3,752692.3076923052,759999.9999999997,751818.1818181801,752692.3076923052,751818.1818181801,759999.9999999997,0.010870070144471543,stable,true,true
2026-09-29T11-49-48-358Z/firefox.worker/runtime/sum_i32/worker.ts.resident/1000000,2026-09-29T11-49-48-358Z,firefox.worker,browser,,firefox,worker,Mozilla Firefox 156.0.1,boundary,sum_i32,sum_i32/worker.ts.resident/1000000,worker.ts.resident,ts,none,resident,worker-resident,,1000000,int32array,4000000,,runtime,3,865999.9999999854,859565.2173913233,872173.913043377,865999.9999999854,859565.2173913233,872173.913043377,0.014559694748330142,stable,true,true
2026-09-29T11-49-48-358Z/firefox.worker/case/sum_i32/worker.wasm.clone/1000000,2026-09-29T11-49-48-358Z,firefox.worker,browser,,firefox,worker,Mozilla Firefox 156.0.1,boundary,sum_i32,sum_i32/worker.wasm.clone/1000000,worker.wasm.clone,wasm,WebAssembly,clone,structured-clone+wasm-memory-copy,,1000000,int32array,4000000,,case,3,3842000.000000007,3907999.9999999925,3848000.000000002,3848000.000000002,3842000.000000007,3907999.9999999925,0.017151767151763392,stable,true,true
2026-09-29T11-49-48-358Z/firefox.worker/runtime/sum_i32/worker.wasm.clone/1000000,2026-09-29T11-49-48-358Z,firefox.worker,browser,,firefox,worker,Mozilla Firefox 156.0.1,boundary,sum_i32,sum_i32/worker.wasm.clone/1000000,worker.wasm.clone,wasm,WebAssembly,clone,structured-clone+wasm-memory-copy,,1000000,int32array,4000000,,runtime,3,3650000,3348333.3333327514,3431666.6666666907,3431666.6666666907,3348333.3333327514,3650000,0.08790675085009611,unstable,true,true
2026-09-29T11-49-48-358Z/firefox.worker/case/sum_i32/worker.wasm.copy/1000000,2026-09-29T11-49-48-358Z,firefox.worker,browser,,firefox,worker,Mozilla Firefox 156.0.1,boundary,sum_i32,sum_i32/worker.wasm.copy/1000000,worker.wasm.copy,wasm,WebAssembly,copy,js-copy+transfer+wasm-memory-copy,,1000000,int32array,4000000,,case,3,2276250.0000000047,2256249.9999999944,2342000.0000000075,2276250.0000000047,2256249.9999999944,2342000.0000000075,0.03767160900604629,stable,false,true
2026-09-29T11-49-48-358Z/firefox.worker/runtime/sum_i32/worker.wasm.copy/1000000,2026-09-29T11-49-48-358Z,firefox.worker,browser,,firefox,worker,Mozilla Firefox 156.0.1,boundary,sum_i32,sum_i32/worker.wasm.copy/1000000,worker.wasm.copy,wasm,WebAssembly,copy,js-copy+transfer+wasm-memory-copy,,1000000,int32array,4000000,,runtime,3,2317777.7777778422,2325555.555555184,2330000.0000001295,2325555.555555184,2317777.7777778422,2330000.0000001295,0.005255613951294909,stable,false,true
2026-09-29T11-49-48-358Z/firefox.worker/case/sum_i32/worker.wasm.transfer/1000000,2026-09-29T11-49-48-358Z,firefox.worker,browser,,firefox,worker,Mozilla Firefox 156.0.1,boundary,sum_i32,sum_i32/worker.wasm.transfer/1000000,worker.wasm.transfer,wasm,WebAssembly,transfer,transfer+wasm-memory-copy+transfer-back,,1000000,int32array,4000000,,case,3,874285.7142857204,942142.857142861,876874.9999999984,876874.9999999984,874285.7142857204,942142.857142861,0.07738519499032445,unstable,false,true
2026-09-29T11-49-48-358Z/firefox.worker/runtime/sum_i32/worker.wasm.transfer/1000000,2026-09-29T11-49-48-358Z,firefox.worker,browser,,firefox,worker,Mozilla Firefox 156.0.1,boundary,sum_i32,sum_i32/worker.wasm.transfer/1000000,worker.wasm.transfer,wasm,WebAssembly,transfer,transfer+wasm-memory-copy+transfer-back,,1000000,int32array,4000000,,runtime,3,943913.0434782228,903913.0434781406,886086.9565216252,903913.0434781406,886086.9565216252,943913.0434782228,0.06397306397315644,unstable,false,true
2026-09-29T11-49-48-358Z/firefox.worker/case/sum_i32/worker.wasm.resident/1000000,2026-09-29T11-49-48-358Z,firefox.worker,browser,,firefox,worker,Mozilla Firefox 156.0.1,boundary,sum_i32,sum_i32/worker.wasm.resident/1000000,worker.wasm.resident,wasm,WebAssembly,resident,wasm-memory-resident,,1000000,int32array,4000000,,case,3,488095.2380952381,488571.4285714268,489285.7142857132,488571.4285714268,488095.2380952381,489285.7142857132,0.0024366471734870694,stable,false,true
2026-09-29T11-49-48-358Z/firefox.worker/runtime/sum_i32/worker.wasm.resident/1000000,2026-09-29T11-49-48-358Z,firefox.worker,browser,,firefox,worker,Mozilla Firefox 156.0.1,boundary,sum_i32,sum_i32/worker.wasm.resident/1000000,worker.wasm.resident,wasm,WebAssembly,resident,wasm-memory-resident,,1000000,int32array,4000000,,runtime,3,498999.99999997823,615312.5000000728,500000,500000,498999.99999997823,615312.5000000728,0.23262500000018907,unstable,false,true
